card_id,well_id,actual_condition,predicted_condition,confidence,prob_normal,prob_rod_floating,prob_fluid_pound,prob_gas_interference,risk_score,severity,split,engineering_explanation,recommended_action,contributing_factors
491f0416,WELL-019,Rod Floating,Rod Floating,0.9999,0.0001,0.9999,0.0,0.0,72.0,High,train,Severe downstroke rod deceleration diagnosed. Downstroke velocity lag caused by heavy crude drag (1056 cP) and pumping speed (6.6 SPM) creates compressive rod stress and sharp impact on plunger re-engagement. Root factors: Elevated viscosity (1055.6 cP) increases rod downstroke fluid drag; Severe mechanical impact spike detected on downstroke (slope_z=62.3).,IMMEDIATE ACTION: Reduce VFD stroke speed from 6.6 SPM to 5.0 SPM to restore gravity downstroke tracking. Schedule CSS (Cyclic Steam Stimulation) / diluent injection to reduce crude viscosity. Inspect rod string for compressive buckling.,Elevated viscosity (1055.6 cP) increases rod downstroke fluid drag | Severe mechanical impact spike detected on downstroke (slope_z=62.3)
b766e629,WELL-014,Rod Floating,Rod Floating,0.9999,0.0001,0.9999,0.0,0.0,85.0,Critical,train,Severe downstroke rod deceleration diagnosed. Downstroke velocity lag caused by heavy crude drag (746 cP) and pumping speed (11.5 SPM) creates compressive rod stress and sharp impact on plunger re-engagement. Root factors: Elevated viscosity (745.6 cP) increases rod downstroke fluid drag; High pumping speed (11.5 SPM) exceeds rod free-fall velocity limit; Severe mechanical impact spike detected on downstroke (slope_z=223.3).,IMMEDIATE ACTION: Reduce VFD stroke speed from 11.5 SPM to 8.6 SPM to restore gravity downstroke tracking. Schedule CSS (Cyclic Steam Stimulation) / diluent injection to reduce crude viscosity. Inspect rod string for compressive buckling.,Elevated viscosity (745.6 cP) increases rod downstroke fluid drag | High pumping speed (11.5 SPM) exceeds rod free-fall velocity limit | Severe mechanical impact spike detected on downstroke (slope_z=223.3)
40eff1f0,WELL-007,Gas Interference,Gas Interference,0.8255,0.1739,0.0,0.0006,0.8255,37.3,Medium,train,Compressible free gas inside the pump barrel is delaying traveling valve opening on downstroke. Volumetric lifting capacity is degraded due to cyclic gas compression. Root factors: Suppressed production rate (27.5 bpd) from gas lock/slippage.,ADVISORY: Monitor casinghead gas backpressure. Optimize stroke length vs SPM to maximize compression ratio in barrel.,Suppressed production rate (27.5 bpd) from gas lock/slippage
33b108c1,WELL-003,Normal,Normal,0.9901,0.9901,0.0088,0.0,0.0011,4.0,Low,val,Sucker-rod card exhibits uniform load profile and normal full-stroke work envelope. Operating within nominal mechanical baseline.,Maintain baseline pumping parameters. Continue regular SCADA monitoring and scheduled lubrication.,Operating within nominal mechanical baseline
2e9e84b5,WELL-007,Normal,Normal,0.9548,0.9548,0.0434,0.0,0.0018,4.7,Low,train,Sucker-rod card exhibits uniform load profile and normal full-stroke work envelope. Operating within nominal mechanical baseline.,Maintain baseline pumping parameters. Continue regular SCADA monitoring and scheduled lubrication.,Operating within nominal mechanical baseline
6463a25c,WELL-004,Gas Interference,Gas Interference,0.7988,0.2004,0.0,0.0008,0.7988,38.8,Medium,train,Compressible free gas inside the pump barrel is delaying traveling valve opening on downstroke. Volumetric lifting capacity is degraded due to cyclic gas compression. Root factors: Narrow load swing (2835 lbf) reflects cushioned valve response.,ADVISORY: Monitor casinghead gas backpressure. Optimize stroke length vs SPM to maximize compression ratio in barrel.,Narrow load swing (2835 lbf) reflects cushioned valve response
a1898515,WELL-016,Fluid Pound,Fluid Pound,0.9993,0.0001,0.0,0.9993,0.0006,66.1,High,val,"Incomplete pump barrel fillage diagnosed due to reservoir inflow deficit (2613 ft fluid level). Plunger free-falls through vapor pocket before abruptly impacting fluid surface on downstroke, transmitting shock waves to polished rod and gearbox. Root factors: Low pump submergence ratio (49.3%); Sharp fluid-surface impact shock detected (slope_z=53.8); Depressed minimum load (4737 lbf) flags plunger free-fall inside barrel.",IMMEDIATE ACTION: Throttle pump speed from 3.7 SPM to 2.6 SPM or activate automatic Pump-Off Controller (POC) with intermittent timer (duty cycling) to permit annular fluid recovery. Inspect valves and rod guides.,Low pump submergence ratio (49.3%) | Sharp fluid-surface impact shock detected (slope_z=53.8) | Depressed minimum load (4737 lbf) flags plunger free-fall inside barrel
478ac37b,WELL-003,Gas Interference,Gas Interference,0.6308,0.3681,0.0,0.0011,0.6308,21.0,Low,val,Compressible free gas inside the pump barrel is delaying traveling valve opening on downstroke. Volumetric lifting capacity is degraded due to cyclic gas compression. Root factors: Operating parameters within nominal thresholds.,ADVISORY: Monitor casinghead gas backpressure. Optimize stroke length vs SPM to maximize compression ratio in barrel.,
394c0856,WELL-018,Rod Floating,Rod Floating,0.9999,0.0001,0.9999,0.0,0.0,82.0,Critical,train,Severe downstroke rod deceleration diagnosed. Downstroke velocity lag caused by heavy crude drag (773 cP) and pumping speed (10.0 SPM) creates compressive rod stress and sharp impact on plunger re-engagement. Root factors: Elevated viscosity (773.3 cP) increases rod downstroke fluid drag; High pumping speed (10.0 SPM) exceeds rod free-fall velocity limit; Severe mechanical impact spike detected on downstroke (slope_z=197.5).,IMMEDIATE ACTION: Reduce VFD stroke speed from 10.0 SPM to 7.5 SPM to restore gravity downstroke tracking. Schedule CSS (Cyclic Steam Stimulation) / diluent injection to reduce crude viscosity. Inspect rod string for compressive buckling.,Elevated viscosity (773.3 cP) increases rod downstroke fluid drag | High pumping speed (10.0 SPM) exceeds rod free-fall velocity limit | Severe mechanical impact spike detected on downstroke (slope_z=197.5)
31603dd5,WELL-008,Normal,Normal,0.9483,0.9483,0.0507,0.0,0.001,5.8,Low,train,Sucker-rod card exhibits uniform load profile and normal full-stroke work envelope. Operating within nominal mechanical baseline.,Maintain baseline pumping parameters. Continue regular SCADA monitoring and scheduled lubrication.,Operating within nominal mechanical baseline
36a95731,WELL-011,Normal,Normal,0.933,0.933,0.0662,0.0,0.0008,3.7,Low,train,Sucker-rod card exhibits uniform load profile and normal full-stroke work envelope. Operating within nominal mechanical baseline.,Maintain baseline pumping parameters. Continue regular SCADA monitoring and scheduled lubrication.,Operating within nominal mechanical baseline
594acd64,WELL-014,Gas Interference,Gas Interference,0.746,0.2535,0.0001,0.0004,0.746,44.3,Medium,train,Compressible free gas inside the pump barrel is delaying traveling valve opening on downstroke. Volumetric lifting capacity is degraded due to cyclic gas compression. Root factors: Narrow load swing (3036 lbf) reflects cushioned valve response.,ADVISORY: Monitor casinghead gas backpressure. Optimize stroke length vs SPM to maximize compression ratio in barrel.,Narrow load swing (3036 lbf) reflects cushioned valve response
2e42a9ff,WELL-004,Normal,Normal,0.9783,0.9783,0.0144,0.0,0.0073,5.2,Low,train,Sucker-rod card exhibits uniform load profile and normal full-stroke work envelope. Operating within nominal mechanical baseline.,Maintain baseline pumping parameters. Continue regular SCADA monitoring and scheduled lubrication.,Operating within nominal mechanical baseline
210cd9ce,WELL-013,Fluid Pound,Fluid Pound,0.9998,0.0,0.0,0.9998,0.0002,86.3,Critical,train,"Incomplete pump barrel fillage diagnosed due to reservoir inflow deficit (808 ft fluid level). Plunger free-falls through vapor pocket before abruptly impacting fluid surface on downstroke, transmitting shock waves to polished rod and gearbox. Root factors: Depleted fluid column (808 ft above pump) indicates pump-off condition; Low pump submergence ratio (23.5%); Sharp fluid-surface impact shock detected (slope_z=46.9); Depressed minimum load (3080 lbf) flags plunger free-fall inside barrel.",IMMEDIATE ACTION: Throttle pump speed from 6.4 SPM to 4.5 SPM or activate automatic Pump-Off Controller (POC) with intermittent timer (duty cycling) to permit annular fluid recovery. Inspect valves and rod guides.,Depleted fluid column (808 ft above pump) indicates pump-off condition | Low pump submergence ratio (23.5%) | Sharp fluid-surface impact shock detected (slope_z=46.9) | Depressed minimum load (3080 lbf) flags plunger free-fall inside barrel
68904d4b,WELL-010,Gas Interference,Gas Interference,0.8619,0.1373,0.0,0.0007,0.8619,35.6,Medium,train,Compressible free gas inside the pump barrel is delaying traveling valve opening on downstroke. Volumetric lifting capacity is degraded due to cyclic gas compression. Root factors: Narrow load swing (4388 lbf) reflects cushioned valve response.,ADVISORY: Monitor casinghead gas backpressure. Optimize stroke length vs SPM to maximize compression ratio in barrel.,Narrow load swing (4388 lbf) reflects cushioned valve response
663d496e,WELL-007,Rod Floating,Rod Floating,0.9998,0.0002,0.9998,0.0,0.0,77.4,High,train,Severe downstroke rod deceleration diagnosed. Downstroke velocity lag caused by heavy crude drag (648 cP) and pumping speed (9.1 SPM) creates compressive rod stress and sharp impact on plunger re-engagement. Root factors: Elevated viscosity (647.6 cP) increases rod downstroke fluid drag; High pumping speed (9.1 SPM) exceeds rod free-fall velocity limit; Low wellbore temperature (112.6 °F) exacerbates fluid thickening; Severe mechanical impact spike detected on downstroke (slope_z=91.4).,IMMEDIATE ACTION: Reduce VFD stroke speed from 9.1 SPM to 6.8 SPM to restore gravity downstroke tracking. Schedule CSS (Cyclic Steam Stimulation) / diluent injection to reduce crude viscosity. Inspect rod string for compressive buckling.,Elevated viscosity (647.6 cP) increases rod downstroke fluid drag | High pumping speed (9.1 SPM) exceeds rod free-fall velocity limit | Low wellbore temperature (112.6 °F) exacerbates fluid thickening | Severe mechanical impact spike detected on downstroke (slope_z=91.4)
99f385b5,WELL-016,Normal,Normal,0.9952,0.9952,0.0019,0.0001,0.0029,4.0,Low,val,Sucker-rod card exhibits uniform load profile and normal full-stroke work envelope. Operating within nominal mechanical baseline.,Maintain baseline pumping parameters. Continue regular SCADA monitoring and scheduled lubrication.,Operating within nominal mechanical baseline
83e8ae54,WELL-015,Normal,Normal,0.9583,0.9583,0.0373,0.0,0.0044,4.7,Low,train,Sucker-rod card exhibits uniform load profile and normal full-stroke work envelope. Operating within nominal mechanical baseline.,Maintain baseline pumping parameters. Continue regular SCADA monitoring and scheduled lubrication.,Operating within nominal mechanical baseline
2e2da318,WELL-015,Normal,Normal,0.9497,0.9497,0.0468,0.0,0.0035,4.6,Low,train,Sucker-rod card exhibits uniform load profile and normal full-stroke work envelope. Operating within nominal mechanical baseline.,Maintain baseline pumping parameters. Continue regular SCADA monitoring and scheduled lubrication.,Operating within nominal mechanical baseline
a54c78ec,WELL-018,Gas Interference,Normal,0.5335,0.5335,0.0001,0.0002,0.4663,25.3,Medium,train,Sucker-rod card exhibits uniform load profile and normal full-stroke work envelope. Operating parameters within nominal thresholds.,Maintain baseline pumping parameters. Continue regular SCADA monitoring and scheduled lubrication.,
6b2d135b,WELL-015,Rod Floating,Rod Floating,0.9999,0.0001,0.9999,0.0,0.0,80.1,Critical,train,Severe downstroke rod deceleration diagnosed. Downstroke velocity lag caused by heavy crude drag (651 cP) and pumping speed (9.2 SPM) creates compressive rod stress and sharp impact on plunger re-engagement. Root factors: Elevated viscosity (651.4 cP) increases rod downstroke fluid drag; High pumping speed (9.2 SPM) exceeds rod free-fall velocity limit; Low wellbore temperature (111.8 °F) exacerbates fluid thickening; Severe mechanical impact spike detected on downstroke (slope_z=124.0).,IMMEDIATE ACTION: Reduce VFD stroke speed from 9.2 SPM to 6.9 SPM to restore gravity downstroke tracking. Schedule CSS (Cyclic Steam Stimulation) / diluent injection to reduce crude viscosity. Inspect rod string for compressive buckling.,Elevated viscosity (651.4 cP) increases rod downstroke fluid drag | High pumping speed (9.2 SPM) exceeds rod free-fall velocity limit | Low wellbore temperature (111.8 °F) exacerbates fluid thickening | Severe mechanical impact spike detected on downstroke (slope_z=124.0)
18ca93e7,WELL-012,Normal,Normal,0.9761,0.9761,0.0181,0.0,0.0058,5.8,Low,train,Sucker-rod card exhibits uniform load profile and normal full-stroke work envelope. Operating within nominal mechanical baseline.,Maintain baseline pumping parameters. Continue regular SCADA monitoring and scheduled lubrication.,Operating within nominal mechanical baseline
b314fddd,WELL-004,Normal,Normal,0.9735,0.9735,0.0207,0.0,0.0058,5.1,Low,train,Sucker-rod card exhibits uniform load profile and normal full-stroke work envelope. Operating within nominal mechanical baseline.,Maintain baseline pumping parameters. Continue regular SCADA monitoring and scheduled lubrication.,Operating within nominal mechanical baseline
dbb4a2f8,WELL-008,Gas Interference,Gas Interference,0.6248,0.3743,0.0,0.0009,0.6248,31.4,Medium,train,Compressible free gas inside the pump barrel is delaying traveling valve opening on downstroke. Volumetric lifting capacity is degraded due to cyclic gas compression. Root factors: Narrow load swing (4702 lbf) reflects cushioned valve response.,ADVISORY: Monitor casinghead gas backpressure. Optimize stroke length vs SPM to maximize compression ratio in barrel.,Narrow load swing (4702 lbf) reflects cushioned valve response
a0fb091a,WELL-013,Fluid Pound,Fluid Pound,0.9996,0.0,0.0,0.9996,0.0004,87.7,Critical,train,"Incomplete pump barrel fillage diagnosed due to reservoir inflow deficit (822 ft fluid level). Plunger free-falls through vapor pocket before abruptly impacting fluid surface on downstroke, transmitting shock waves to polished rod and gearbox. Root factors: Depleted fluid column (822 ft above pump) indicates pump-off condition; Low pump submergence ratio (23.9%); Sharp fluid-surface impact shock detected (slope_z=54.3); Depressed minimum load (3037 lbf) flags plunger free-fall inside barrel.",IMMEDIATE ACTION: Throttle pump speed from 6.5 SPM to 4.5 SPM or activate automatic Pump-Off Controller (POC) with intermittent timer (duty cycling) to permit annular fluid recovery. Inspect valves and rod guides.,Depleted fluid column (822 ft above pump) indicates pump-off condition | Low pump submergence ratio (23.9%) | Sharp fluid-surface impact shock detected (slope_z=54.3) | Depressed minimum load (3037 lbf) flags plunger free-fall inside barrel
ed3a5385,WELL-013,Normal,Normal,0.9906,0.9906,0.0073,0.0,0.0021,5.2,Low,train,Sucker-rod card exhibits uniform load profile and normal full-stroke work envelope. Operating within nominal mechanical baseline.,Maintain baseline pumping parameters. Continue regular SCADA monitoring and scheduled lubrication.,Operating within nominal mechanical baseline
b494abb5,WELL-020,Rod Floating,Rod Floating,0.9999,0.0001,0.9999,0.0,0.0,76.7,High,val,Severe downstroke rod deceleration diagnosed. Downstroke velocity lag caused by heavy crude drag (893 cP) and pumping speed (7.2 SPM) creates compressive rod stress and sharp impact on plunger re-engagement. Root factors: Elevated viscosity (893.3 cP) increases rod downstroke fluid drag; Low wellbore temperature (113.8 °F) exacerbates fluid thickening; Severe mechanical impact spike detected on downstroke (slope_z=78.3).,IMMEDIATE ACTION: Reduce VFD stroke speed from 7.2 SPM to 5.4 SPM to restore gravity downstroke tracking. Schedule CSS (Cyclic Steam Stimulation) / diluent injection to reduce crude viscosity. Inspect rod string for compressive buckling.,Elevated viscosity (893.3 cP) increases rod downstroke fluid drag | Low wellbore temperature (113.8 °F) exacerbates fluid thickening | Severe mechanical impact spike detected on downstroke (slope_z=78.3)
eb2b4c8d,WELL-020,Gas Interference,Normal,0.5964,0.5964,0.0003,0.0007,0.4027,12.8,Low,val,Sucker-rod card exhibits uniform load profile and normal full-stroke work envelope. Operating parameters within nominal thresholds.,Maintain baseline pumping parameters. Continue regular SCADA monitoring and scheduled lubrication.,
c439c0a1,WELL-018,Rod Floating,Rod Floating,0.9999,0.0001,0.9999,0.0,0.0,79.0,High,train,Severe downstroke rod deceleration diagnosed. Downstroke velocity lag caused by heavy crude drag (666 cP) and pumping speed (9.7 SPM) creates compressive rod stress and sharp impact on plunger re-engagement. Root factors: Elevated viscosity (666.0 cP) increases rod downstroke fluid drag; High pumping speed (9.7 SPM) exceeds rod free-fall velocity limit; Severe mechanical impact spike detected on downstroke (slope_z=189.3).,IMMEDIATE ACTION: Reduce VFD stroke speed from 9.7 SPM to 7.3 SPM to restore gravity downstroke tracking. Schedule CSS (Cyclic Steam Stimulation) / diluent injection to reduce crude viscosity. Inspect rod string for compressive buckling.,Elevated viscosity (666.0 cP) increases rod downstroke fluid drag | High pumping speed (9.7 SPM) exceeds rod free-fall velocity limit | Severe mechanical impact spike detected on downstroke (slope_z=189.3)
a026636f,WELL-017,Rod Floating,Rod Floating,0.9957,0.0043,0.9957,0.0,0.0,69.5,High,val,Severe downstroke rod deceleration diagnosed. Downstroke velocity lag caused by heavy crude drag (784 cP) and pumping speed (7.6 SPM) creates compressive rod stress and sharp impact on plunger re-engagement. Root factors: Elevated viscosity (784.4 cP) increases rod downstroke fluid drag; High pumping speed (7.6 SPM) exceeds rod free-fall velocity limit; Low wellbore temperature (106.4 °F) exacerbates fluid thickening.,IMMEDIATE ACTION: Reduce VFD stroke speed from 7.6 SPM to 5.7 SPM to restore gravity downstroke tracking. Schedule CSS (Cyclic Steam Stimulation) / diluent injection to reduce crude viscosity. Inspect rod string for compressive buckling.,Elevated viscosity (784.4 cP) increases rod downstroke fluid drag | High pumping speed (7.6 SPM) exceeds rod free-fall velocity limit | Low wellbore temperature (106.4 °F) exacerbates fluid thickening
83226871,WELL-016,Normal,Normal,0.992,0.992,0.0064,0.0,0.0016,4.1,Low,val,Sucker-rod card exhibits uniform load profile and normal full-stroke work envelope. Operating within nominal mechanical baseline.,Maintain baseline pumping parameters. Continue regular SCADA monitoring and scheduled lubrication.,Operating within nominal mechanical baseline
5aee7154,WELL-004,Fluid Pound,Fluid Pound,0.9999,0.0,0.0001,0.9999,0.0,82.1,Critical,train,"Incomplete pump barrel fillage diagnosed due to reservoir inflow deficit (2047 ft fluid level). Plunger free-falls through vapor pocket before abruptly impacting fluid surface on downstroke, transmitting shock waves to polished rod and gearbox. Root factors: Depleted fluid column (2047 ft above pump) indicates pump-off condition; Low pump submergence ratio (49.8%); Sharp fluid-surface impact shock detected (slope_z=141.7); Depressed minimum load (4282 lbf) flags plunger free-fall inside barrel.",IMMEDIATE ACTION: Throttle pump speed from 6.4 SPM to 4.5 SPM or activate automatic Pump-Off Controller (POC) with intermittent timer (duty cycling) to permit annular fluid recovery. Inspect valves and rod guides.,Depleted fluid column (2047 ft above pump) indicates pump-off condition | Low pump submergence ratio (49.8%) | Sharp fluid-surface impact shock detected (slope_z=141.7) | Depressed minimum load (4282 lbf) flags plunger free-fall inside barrel
c847a9a9,WELL-004,Rod Floating,Rod Floating,0.9998,0.0002,0.9998,0.0,0.0,69.9,High,train,Severe downstroke rod deceleration diagnosed. Downstroke velocity lag caused by heavy crude drag (763 cP) and pumping speed (7.3 SPM) creates compressive rod stress and sharp impact on plunger re-engagement. Root factors: Elevated viscosity (763.0 cP) increases rod downstroke fluid drag; Severe mechanical impact spike detected on downstroke (slope_z=72.9).,IMMEDIATE ACTION: Reduce VFD stroke speed from 7.3 SPM to 5.5 SPM to restore gravity downstroke tracking. Schedule CSS (Cyclic Steam Stimulation) / diluent injection to reduce crude viscosity. Inspect rod string for compressive buckling.,Elevated viscosity (763.0 cP) increases rod downstroke fluid drag | Severe mechanical impact spike detected on downstroke (slope_z=72.9)
0c6fd953,WELL-004,Gas Interference,Gas Interference,0.7817,0.2174,0.0,0.0009,0.7817,37.1,Medium,train,Compressible free gas inside the pump barrel is delaying traveling valve opening on downstroke. Volumetric lifting capacity is degraded due to cyclic gas compression. Root factors: Narrow load swing (2410 lbf) reflects cushioned valve response.,ADVISORY: Monitor casinghead gas backpressure. Optimize stroke length vs SPM to maximize compression ratio in barrel.,Narrow load swing (2410 lbf) reflects cushioned valve response
7a98c88c,WELL-011,Gas Interference,Gas Interference,0.7064,0.2927,0.0001,0.0008,0.7064,29.0,Medium,train,Compressible free gas inside the pump barrel is delaying traveling valve opening on downstroke. Volumetric lifting capacity is degraded due to cyclic gas compression. Root factors: Narrow load swing (4220 lbf) reflects cushioned valve response.,ADVISORY: Monitor casinghead gas backpressure. Optimize stroke length vs SPM to maximize compression ratio in barrel.,Narrow load swing (4220 lbf) reflects cushioned valve response
bdf6ef75,WELL-008,Fluid Pound,Fluid Pound,1.0,0.0,0.0,1.0,0.0,68.2,High,train,"Incomplete pump barrel fillage diagnosed due to reservoir inflow deficit (2352 ft fluid level). Plunger free-falls through vapor pocket before abruptly impacting fluid surface on downstroke, transmitting shock waves to polished rod and gearbox. Root factors: Depleted fluid column (2352 ft above pump) indicates pump-off condition; Sharp fluid-surface impact shock detected (slope_z=58.5); Depressed minimum load (3706 lbf) flags plunger free-fall inside barrel.",IMMEDIATE ACTION: Throttle pump speed from 7.2 SPM to 5.0 SPM or activate automatic Pump-Off Controller (POC) with intermittent timer (duty cycling) to permit annular fluid recovery. Inspect valves and rod guides.,Depleted fluid column (2352 ft above pump) indicates pump-off condition | Sharp fluid-surface impact shock detected (slope_z=58.5) | Depressed minimum load (3706 lbf) flags plunger free-fall inside barrel
0782545a,WELL-014,Rod Floating,Rod Floating,0.9999,0.0,0.9999,0.0,0.0,85.2,Critical,train,Severe downstroke rod deceleration diagnosed. Downstroke velocity lag caused by heavy crude drag (796 cP) and pumping speed (10.1 SPM) creates compressive rod stress and sharp impact on plunger re-engagement. Root factors: Elevated viscosity (796.3 cP) increases rod downstroke fluid drag; High pumping speed (10.1 SPM) exceeds rod free-fall velocity limit; Severe mechanical impact spike detected on downstroke (slope_z=171.4).,IMMEDIATE ACTION: Reduce VFD stroke speed from 10.1 SPM to 7.6 SPM to restore gravity downstroke tracking. Schedule CSS (Cyclic Steam Stimulation) / diluent injection to reduce crude viscosity. Inspect rod string for compressive buckling.,Elevated viscosity (796.3 cP) increases rod downstroke fluid drag | High pumping speed (10.1 SPM) exceeds rod free-fall velocity limit | Severe mechanical impact spike detected on downstroke (slope_z=171.4)
f7299559,WELL-010,Rod Floating,Rod Floating,0.9999,0.0001,0.9999,0.0,0.0,77.5,High,train,Severe downstroke rod deceleration diagnosed. Downstroke velocity lag caused by heavy crude drag (550 cP) and pumping speed (10.8 SPM) creates compressive rod stress and sharp impact on plunger re-engagement. Root factors: High pumping speed (10.8 SPM) exceeds rod free-fall velocity limit; Severe mechanical impact spike detected on downstroke (slope_z=133.1).,IMMEDIATE ACTION: Reduce VFD stroke speed from 10.8 SPM to 8.1 SPM to restore gravity downstroke tracking. Schedule CSS (Cyclic Steam Stimulation) / diluent injection to reduce crude viscosity. Inspect rod string for compressive buckling.,High pumping speed (10.8 SPM) exceeds rod free-fall velocity limit | Severe mechanical impact spike detected on downstroke (slope_z=133.1)
72da51f8,WELL-019,Normal,Normal,0.9743,0.9743,0.0244,0.0,0.0013,3.9,Low,train,Sucker-rod card exhibits uniform load profile and normal full-stroke work envelope. Operating within nominal mechanical baseline.,Maintain baseline pumping parameters. Continue regular SCADA monitoring and scheduled lubrication.,Operating within nominal mechanical baseline
8238360f,WELL-011,Fluid Pound,Fluid Pound,1.0,0.0,0.0,1.0,0.0,88.0,Critical,train,"Incomplete pump barrel fillage diagnosed due to reservoir inflow deficit (1530 ft fluid level). Plunger free-falls through vapor pocket before abruptly impacting fluid surface on downstroke, transmitting shock waves to polished rod and gearbox. Root factors: Depleted fluid column (1530 ft above pump) indicates pump-off condition; Low pump submergence ratio (35.2%); Sharp fluid-surface impact shock detected (slope_z=94.2); Depressed minimum load (4207 lbf) flags plunger free-fall inside barrel.",IMMEDIATE ACTION: Throttle pump speed from 4.7 SPM to 3.3 SPM or activate automatic Pump-Off Controller (POC) with intermittent timer (duty cycling) to permit annular fluid recovery. Inspect valves and rod guides.,Depleted fluid column (1530 ft above pump) indicates pump-off condition | Low pump submergence ratio (35.2%) | Sharp fluid-surface impact shock detected (slope_z=94.2) | Depressed minimum load (4207 lbf) flags plunger free-fall inside barrel
d44cf8f3,WELL-012,Rod Floating,Rod Floating,0.9999,0.0,0.9999,0.0,0.0,84.4,Critical,train,Severe downstroke rod deceleration diagnosed. Downstroke velocity lag caused by heavy crude drag (641 cP) and pumping speed (11.0 SPM) creates compressive rod stress and sharp impact on plunger re-engagement. Root factors: Elevated viscosity (640.6 cP) increases rod downstroke fluid drag; High pumping speed (11.0 SPM) exceeds rod free-fall velocity limit; Low wellbore temperature (114.1 °F) exacerbates fluid thickening; Severe mechanical impact spike detected on downstroke (slope_z=160.0).,IMMEDIATE ACTION: Reduce VFD stroke speed from 11.0 SPM to 8.3 SPM to restore gravity downstroke tracking. Schedule CSS (Cyclic Steam Stimulation) / diluent injection to reduce crude viscosity. Inspect rod string for compressive buckling.,Elevated viscosity (640.6 cP) increases rod downstroke fluid drag | High pumping speed (11.0 SPM) exceeds rod free-fall velocity limit | Low wellbore temperature (114.1 °F) exacerbates fluid thickening | Severe mechanical impact spike detected on downstroke (slope_z=160.0)
3e1b64b8,WELL-003,Fluid Pound,Fluid Pound,1.0,0.0,0.0,1.0,0.0,73.4,High,val,"Incomplete pump barrel fillage diagnosed due to reservoir inflow deficit (2227 ft fluid level). Plunger free-falls through vapor pocket before abruptly impacting fluid surface on downstroke, transmitting shock waves to polished rod and gearbox. Root factors: Depleted fluid column (2227 ft above pump) indicates pump-off condition; Low pump submergence ratio (37.7%); Sharp fluid-surface impact shock detected (slope_z=90.2).",IMMEDIATE ACTION: Throttle pump speed from 4.4 SPM to 3.1 SPM or activate automatic Pump-Off Controller (POC) with intermittent timer (duty cycling) to permit annular fluid recovery. Inspect valves and rod guides.,Depleted fluid column (2227 ft above pump) indicates pump-off condition | Low pump submergence ratio (37.7%) | Sharp fluid-surface impact shock detected (slope_z=90.2)
6db77ce2,WELL-010,Normal,Normal,0.9437,0.9437,0.0533,0.0,0.003,5.5,Low,train,Sucker-rod card exhibits uniform load profile and normal full-stroke work envelope. Operating within nominal mechanical baseline.,Maintain baseline pumping parameters. Continue regular SCADA monitoring and scheduled lubrication.,Operating within nominal mechanical baseline
291b774a,WELL-009,Normal,Normal,0.993,0.993,0.0011,0.0001,0.0058,4.0,Low,train,Sucker-rod card exhibits uniform load profile and normal full-stroke work envelope. Operating within nominal mechanical baseline.,Maintain baseline pumping parameters. Continue regular SCADA monitoring and scheduled lubrication.,Operating within nominal mechanical baseline
3c895e99,WELL-014,Gas Interference,Normal,0.7779,0.7779,0.0002,0.0001,0.2218,15.3,Low,train,Sucker-rod card exhibits uniform load profile and normal full-stroke work envelope. Operating within nominal mechanical baseline.,Maintain baseline pumping parameters. Continue regular SCADA monitoring and scheduled lubrication.,Operating within nominal mechanical baseline
65da8c07,WELL-020,Rod Floating,Rod Floating,0.9999,0.0001,0.9999,0.0,0.0,84.8,Critical,val,Severe downstroke rod deceleration diagnosed. Downstroke velocity lag caused by heavy crude drag (843 cP) and pumping speed (8.4 SPM) creates compressive rod stress and sharp impact on plunger re-engagement. Root factors: Elevated viscosity (843.0 cP) increases rod downstroke fluid drag; High pumping speed (8.4 SPM) exceeds rod free-fall velocity limit; Low wellbore temperature (107.5 °F) exacerbates fluid thickening; Severe mechanical impact spike detected on downstroke (slope_z=106.6).,IMMEDIATE ACTION: Reduce VFD stroke speed from 8.4 SPM to 6.3 SPM to restore gravity downstroke tracking. Schedule CSS (Cyclic Steam Stimulation) / diluent injection to reduce crude viscosity. Inspect rod string for compressive buckling.,Elevated viscosity (843.0 cP) increases rod downstroke fluid drag | High pumping speed (8.4 SPM) exceeds rod free-fall velocity limit | Low wellbore temperature (107.5 °F) exacerbates fluid thickening | Severe mechanical impact spike detected on downstroke (slope_z=106.6)
0bf4c09e,WELL-002,Fluid Pound,Fluid Pound,1.0,0.0,0.0,1.0,0.0,75.8,High,train,"Incomplete pump barrel fillage diagnosed due to reservoir inflow deficit (2391 ft fluid level). Plunger free-falls through vapor pocket before abruptly impacting fluid surface on downstroke, transmitting shock waves to polished rod and gearbox. Root factors: Depleted fluid column (2391 ft above pump) indicates pump-off condition; Low pump submergence ratio (48.5%); Sharp fluid-surface impact shock detected (slope_z=142.8).",IMMEDIATE ACTION: Throttle pump speed from 7.0 SPM to 4.9 SPM or activate automatic Pump-Off Controller (POC) with intermittent timer (duty cycling) to permit annular fluid recovery. Inspect valves and rod guides.,Depleted fluid column (2391 ft above pump) indicates pump-off condition | Low pump submergence ratio (48.5%) | Sharp fluid-surface impact shock detected (slope_z=142.8)
f5180127,WELL-012,Rod Floating,Rod Floating,0.9999,0.0001,0.9999,0.0,0.0,80.8,Critical,train,Severe downstroke rod deceleration diagnosed. Downstroke velocity lag caused by heavy crude drag (571 cP) and pumping speed (9.4 SPM) creates compressive rod stress and sharp impact on plunger re-engagement. Root factors: High pumping speed (9.4 SPM) exceeds rod free-fall velocity limit; Low wellbore temperature (93.0 °F) exacerbates fluid thickening; Severe mechanical impact spike detected on downstroke (slope_z=112.6).,IMMEDIATE ACTION: Reduce VFD stroke speed from 9.4 SPM to 7.1 SPM to restore gravity downstroke tracking. Schedule CSS (Cyclic Steam Stimulation) / diluent injection to reduce crude viscosity. Inspect rod string for compressive buckling.,High pumping speed (9.4 SPM) exceeds rod free-fall velocity limit | Low wellbore temperature (93.0 °F) exacerbates fluid thickening | Severe mechanical impact spike detected on downstroke (slope_z=112.6)
aa73117e,WELL-002,Normal,Normal,0.9893,0.9893,0.0016,0.0,0.0091,5.1,Low,train,Sucker-rod card exhibits uniform load profile and normal full-stroke work envelope. Operating within nominal mechanical baseline.,Maintain baseline pumping parameters. Continue regular SCADA monitoring and scheduled lubrication.,Operating within nominal mechanical baseline
8a3a2f5d,WELL-007,Normal,Normal,0.9758,0.9758,0.023,0.0,0.0012,4.1,Low,train,Sucker-rod card exhibits uniform load profile and normal full-stroke work envelope. Operating within nominal mechanical baseline.,Maintain baseline pumping parameters. Continue regular SCADA monitoring and scheduled lubrication.,Operating within nominal mechanical baseline
761fd34e,WELL-003,Rod Floating,Rod Floating,0.9995,0.0005,0.9995,0.0,0.0,64.5,High,val,Severe downstroke rod deceleration diagnosed. Downstroke velocity lag caused by heavy crude drag (778 cP) and pumping speed (7.0 SPM) creates compressive rod stress and sharp impact on plunger re-engagement. Root factors: Elevated viscosity (777.8 cP) increases rod downstroke fluid drag; Severe mechanical impact spike detected on downstroke (slope_z=47.2).,IMMEDIATE ACTION: Reduce VFD stroke speed from 7.0 SPM to 5.2 SPM to restore gravity downstroke tracking. Schedule CSS (Cyclic Steam Stimulation) / diluent injection to reduce crude viscosity. Inspect rod string for compressive buckling.,Elevated viscosity (777.8 cP) increases rod downstroke fluid drag | Severe mechanical impact spike detected on downstroke (slope_z=47.2)
d9b45140,WELL-002,Normal,Normal,0.9818,0.9818,0.0013,0.0,0.0169,5.0,Low,train,Sucker-rod card exhibits uniform load profile and normal full-stroke work envelope. Operating within nominal mechanical baseline.,Maintain baseline pumping parameters. Continue regular SCADA monitoring and scheduled lubrication.,Operating within nominal mechanical baseline
a1b2f37c,WELL-008,Rod Floating,Rod Floating,0.9996,0.0004,0.9996,0.0,0.0,74.3,High,train,Severe downstroke rod deceleration diagnosed. Downstroke velocity lag caused by heavy crude drag (691 cP) and pumping speed (9.8 SPM) creates compressive rod stress and sharp impact on plunger re-engagement. Root factors: Elevated viscosity (691.0 cP) increases rod downstroke fluid drag; High pumping speed (9.8 SPM) exceeds rod free-fall velocity limit; Severe mechanical impact spike detected on downstroke (slope_z=57.4).,IMMEDIATE ACTION: Reduce VFD stroke speed from 9.8 SPM to 7.4 SPM to restore gravity downstroke tracking. Schedule CSS (Cyclic Steam Stimulation) / diluent injection to reduce crude viscosity. Inspect rod string for compressive buckling.,Elevated viscosity (691.0 cP) increases rod downstroke fluid drag | High pumping speed (9.8 SPM) exceeds rod free-fall velocity limit | Severe mechanical impact spike detected on downstroke (slope_z=57.4)
3d575d5c,WELL-020,Gas Interference,Gas Interference,0.9597,0.0397,0.0,0.0005,0.9597,35.5,Medium,val,Compressible free gas inside the pump barrel is delaying traveling valve opening on downstroke. Volumetric lifting capacity is degraded due to cyclic gas compression. Root factors: Narrow load swing (4913 lbf) reflects cushioned valve response.,ADVISORY: Monitor casinghead gas backpressure. Optimize stroke length vs SPM to maximize compression ratio in barrel.,Narrow load swing (4913 lbf) reflects cushioned valve response
4733c112,WELL-017,Rod Floating,Rod Floating,0.9991,0.0009,0.9991,0.0,0.0,68.7,High,val,Severe downstroke rod deceleration diagnosed. Downstroke velocity lag caused by heavy crude drag (651 cP) and pumping speed (8.5 SPM) creates compressive rod stress and sharp impact on plunger re-engagement. Root factors: Elevated viscosity (651.1 cP) increases rod downstroke fluid drag; High pumping speed (8.5 SPM) exceeds rod free-fall velocity limit; Low wellbore temperature (110.9 °F) exacerbates fluid thickening; Severe mechanical impact spike detected on downstroke (slope_z=43.4).,IMMEDIATE ACTION: Reduce VFD stroke speed from 8.5 SPM to 6.4 SPM to restore gravity downstroke tracking. Schedule CSS (Cyclic Steam Stimulation) / diluent injection to reduce crude viscosity. Inspect rod string for compressive buckling.,Elevated viscosity (651.1 cP) increases rod downstroke fluid drag | High pumping speed (8.5 SPM) exceeds rod free-fall velocity limit | Low wellbore temperature (110.9 °F) exacerbates fluid thickening | Severe mechanical impact spike detected on downstroke (slope_z=43.4)
43b1c8b2,WELL-001,Gas Interference,Normal,0.5804,0.5804,0.0003,0.0003,0.4189,20.8,Low,train,Sucker-rod card exhibits uniform load profile and normal full-stroke work envelope. Operating parameters within nominal thresholds.,Maintain baseline pumping parameters. Continue regular SCADA monitoring and scheduled lubrication.,
e9c9cf3b,WELL-010,Normal,Normal,0.9789,0.9789,0.0145,0.0,0.0066,6.4,Low,train,Sucker-rod card exhibits uniform load profile and normal full-stroke work envelope. Operating within nominal mechanical baseline.,Maintain baseline pumping parameters. Continue regular SCADA monitoring and scheduled lubrication.,Operating within nominal mechanical baseline
7450199a,WELL-004,Normal,Normal,0.9467,0.9467,0.0518,0.0,0.0015,3.8,Low,train,Sucker-rod card exhibits uniform load profile and normal full-stroke work envelope. Operating within nominal mechanical baseline.,Maintain baseline pumping parameters. Continue regular SCADA monitoring and scheduled lubrication.,Operating within nominal mechanical baseline
33fe12e7,WELL-012,Rod Floating,Rod Floating,0.9999,0.0001,0.9999,0.0,0.0,81.6,Critical,train,Severe downstroke rod deceleration diagnosed. Downstroke velocity lag caused by heavy crude drag (675 cP) and pumping speed (9.1 SPM) creates compressive rod stress and sharp impact on plunger re-engagement. Root factors: Elevated viscosity (675.0 cP) increases rod downstroke fluid drag; High pumping speed (9.1 SPM) exceeds rod free-fall velocity limit; Low wellbore temperature (106.7 °F) exacerbates fluid thickening; Severe mechanical impact spike detected on downstroke (slope_z=106.5).,IMMEDIATE ACTION: Reduce VFD stroke speed from 9.1 SPM to 6.8 SPM to restore gravity downstroke tracking. Schedule CSS (Cyclic Steam Stimulation) / diluent injection to reduce crude viscosity. Inspect rod string for compressive buckling.,Elevated viscosity (675.0 cP) increases rod downstroke fluid drag | High pumping speed (9.1 SPM) exceeds rod free-fall velocity limit | Low wellbore temperature (106.7 °F) exacerbates fluid thickening | Severe mechanical impact spike detected on downstroke (slope_z=106.5)
b171f8d8,WELL-020,Fluid Pound,Fluid Pound,1.0,0.0,0.0,1.0,0.0,86.2,Critical,val,"Incomplete pump barrel fillage diagnosed due to reservoir inflow deficit (1606 ft fluid level). Plunger free-falls through vapor pocket before abruptly impacting fluid surface on downstroke, transmitting shock waves to polished rod and gearbox. Root factors: Depleted fluid column (1606 ft above pump) indicates pump-off condition; Low pump submergence ratio (27.1%); Sharp fluid-surface impact shock detected (slope_z=109.5).",IMMEDIATE ACTION: Throttle pump speed from 5.4 SPM to 3.8 SPM or activate automatic Pump-Off Controller (POC) with intermittent timer (duty cycling) to permit annular fluid recovery. Inspect valves and rod guides.,Depleted fluid column (1606 ft above pump) indicates pump-off condition | Low pump submergence ratio (27.1%) | Sharp fluid-surface impact shock detected (slope_z=109.5)
b3bd387b,WELL-013,Gas Interference,Gas Interference,0.8518,0.1475,0.0,0.0007,0.8518,35.6,Medium,train,Compressible free gas inside the pump barrel is delaying traveling valve opening on downstroke. Volumetric lifting capacity is degraded due to cyclic gas compression. Root factors: Narrow load swing (4120 lbf) reflects cushioned valve response.,ADVISORY: Monitor casinghead gas backpressure. Optimize stroke length vs SPM to maximize compression ratio in barrel.,Narrow load swing (4120 lbf) reflects cushioned valve response
a4909b76,WELL-013,Normal,Normal,0.9929,0.9929,0.0049,0.0,0.0022,5.0,Low,train,Sucker-rod card exhibits uniform load profile and normal full-stroke work envelope. Operating within nominal mechanical baseline.,Maintain baseline pumping parameters. Continue regular SCADA monitoring and scheduled lubrication.,Operating within nominal mechanical baseline
8f24b18e,WELL-004,Gas Interference,Gas Interference,0.5912,0.4081,0.0002,0.0006,0.5912,30.6,Medium,train,Compressible free gas inside the pump barrel is delaying traveling valve opening on downstroke. Volumetric lifting capacity is degraded due to cyclic gas compression. Root factors: Narrow load swing (2722 lbf) reflects cushioned valve response.,ADVISORY: Monitor casinghead gas backpressure. Optimize stroke length vs SPM to maximize compression ratio in barrel.,Narrow load swing (2722 lbf) reflects cushioned valve response
42c2fc5c,WELL-004,Gas Interference,Gas Interference,0.6093,0.3898,0.0001,0.0009,0.6093,28.9,Medium,train,Compressible free gas inside the pump barrel is delaying traveling valve opening on downstroke. Volumetric lifting capacity is degraded due to cyclic gas compression. Root factors: Narrow load swing (2515 lbf) reflects cushioned valve response.,ADVISORY: Monitor casinghead gas backpressure. Optimize stroke length vs SPM to maximize compression ratio in barrel.,Narrow load swing (2515 lbf) reflects cushioned valve response
4f1ed38e,WELL-019,Gas Interference,Gas Interference,0.7733,0.226,0.0,0.0007,0.7733,43.9,Medium,train,Compressible free gas inside the pump barrel is delaying traveling valve opening on downstroke. Volumetric lifting capacity is degraded due to cyclic gas compression. Root factors: Narrow load swing (2629 lbf) reflects cushioned valve response.,ADVISORY: Monitor casinghead gas backpressure. Optimize stroke length vs SPM to maximize compression ratio in barrel.,Narrow load swing (2629 lbf) reflects cushioned valve response
c6719c8a,WELL-014,Rod Floating,Rod Floating,0.9999,0.0,0.9999,0.0,0.0,79.5,High,train,Severe downstroke rod deceleration diagnosed. Downstroke velocity lag caused by heavy crude drag (632 cP) and pumping speed (10.1 SPM) creates compressive rod stress and sharp impact on plunger re-engagement. Root factors: Elevated viscosity (631.9 cP) increases rod downstroke fluid drag; High pumping speed (10.1 SPM) exceeds rod free-fall velocity limit; Severe mechanical impact spike detected on downstroke (slope_z=168.5).,IMMEDIATE ACTION: Reduce VFD stroke speed from 10.1 SPM to 7.5 SPM to restore gravity downstroke tracking. Schedule CSS (Cyclic Steam Stimulation) / diluent injection to reduce crude viscosity. Inspect rod string for compressive buckling.,Elevated viscosity (631.9 cP) increases rod downstroke fluid drag | High pumping speed (10.1 SPM) exceeds rod free-fall velocity limit | Severe mechanical impact spike detected on downstroke (slope_z=168.5)
e47b28a8,WELL-012,Normal,Normal,0.9764,0.9764,0.0176,0.0,0.006,5.6,Low,train,Sucker-rod card exhibits uniform load profile and normal full-stroke work envelope. Operating within nominal mechanical baseline.,Maintain baseline pumping parameters. Continue regular SCADA monitoring and scheduled lubrication.,Operating within nominal mechanical baseline
7f6088e9,WELL-019,Fluid Pound,Fluid Pound,0.9996,0.0,0.0004,0.9996,0.0,89.9,Critical,train,"Incomplete pump barrel fillage diagnosed due to reservoir inflow deficit (1446 ft fluid level). Plunger free-falls through vapor pocket before abruptly impacting fluid surface on downstroke, transmitting shock waves to polished rod and gearbox. Root factors: Depleted fluid column (1446 ft above pump) indicates pump-off condition; Low pump submergence ratio (24.9%); Sharp fluid-surface impact shock detected (slope_z=149.4).",IMMEDIATE ACTION: Throttle pump speed from 4.9 SPM to 3.4 SPM or activate automatic Pump-Off Controller (POC) with intermittent timer (duty cycling) to permit annular fluid recovery. Inspect valves and rod guides.,Depleted fluid column (1446 ft above pump) indicates pump-off condition | Low pump submergence ratio (24.9%) | Sharp fluid-surface impact shock detected (slope_z=149.4)
c571aabc,WELL-014,Rod Floating,Rod Floating,0.9999,0.0001,0.9999,0.0,0.0,82.0,Critical,train,Severe downstroke rod deceleration diagnosed. Downstroke velocity lag caused by heavy crude drag (642 cP) and pumping speed (10.7 SPM) creates compressive rod stress and sharp impact on plunger re-engagement. Root factors: Elevated viscosity (641.8 cP) increases rod downstroke fluid drag; High pumping speed (10.7 SPM) exceeds rod free-fall velocity limit; Severe mechanical impact spike detected on downstroke (slope_z=191.5).,IMMEDIATE ACTION: Reduce VFD stroke speed from 10.7 SPM to 8.0 SPM to restore gravity downstroke tracking. Schedule CSS (Cyclic Steam Stimulation) / diluent injection to reduce crude viscosity. Inspect rod string for compressive buckling.,Elevated viscosity (641.8 cP) increases rod downstroke fluid drag | High pumping speed (10.7 SPM) exceeds rod free-fall velocity limit | Severe mechanical impact spike detected on downstroke (slope_z=191.5)
d1900c40,WELL-015,Fluid Pound,Fluid Pound,0.9985,0.0,0.0015,0.9985,0.0,87.0,Critical,train,"Incomplete pump barrel fillage diagnosed due to reservoir inflow deficit (1783 ft fluid level). Plunger free-falls through vapor pocket before abruptly impacting fluid surface on downstroke, transmitting shock waves to polished rod and gearbox. Root factors: Depleted fluid column (1783 ft above pump) indicates pump-off condition; Low pump submergence ratio (41.3%); Sharp fluid-surface impact shock detected (slope_z=110.9); Depressed minimum load (3755 lbf) flags plunger free-fall inside barrel.",IMMEDIATE ACTION: Throttle pump speed from 7.2 SPM to 5.0 SPM or activate automatic Pump-Off Controller (POC) with intermittent timer (duty cycling) to permit annular fluid recovery. Inspect valves and rod guides.,Depleted fluid column (1783 ft above pump) indicates pump-off condition | Low pump submergence ratio (41.3%) | Sharp fluid-surface impact shock detected (slope_z=110.9) | Depressed minimum load (3755 lbf) flags plunger free-fall inside barrel
6dc1ec5e,WELL-014,Normal,Normal,0.9854,0.9854,0.0017,0.0,0.0129,5.9,Low,train,Sucker-rod card exhibits uniform load profile and normal full-stroke work envelope. Operating within nominal mechanical baseline.,Maintain baseline pumping parameters. Continue regular SCADA monitoring and scheduled lubrication.,Operating within nominal mechanical baseline
805f69cb,WELL-006,Gas Interference,Gas Interference,0.8765,0.1226,0.0,0.0008,0.8765,38.8,Medium,train,Compressible free gas inside the pump barrel is delaying traveling valve opening on downstroke. Volumetric lifting capacity is degraded due to cyclic gas compression. Root factors: Narrow load swing (3758 lbf) reflects cushioned valve response.,ADVISORY: Monitor casinghead gas backpressure. Optimize stroke length vs SPM to maximize compression ratio in barrel.,Narrow load swing (3758 lbf) reflects cushioned valve response
b0480e75,WELL-008,Normal,Normal,0.974,0.974,0.024,0.0,0.002,6.0,Low,train,Sucker-rod card exhibits uniform load profile and normal full-stroke work envelope. Operating within nominal mechanical baseline.,Maintain baseline pumping parameters. Continue regular SCADA monitoring and scheduled lubrication.,Operating within nominal mechanical baseline
eed0216f,WELL-015,Normal,Normal,0.9158,0.9158,0.0826,0.0,0.0016,3.9,Low,train,Sucker-rod card exhibits uniform load profile and normal full-stroke work envelope. Operating within nominal mechanical baseline.,Maintain baseline pumping parameters. Continue regular SCADA monitoring and scheduled lubrication.,Operating within nominal mechanical baseline
16cd2479,WELL-002,Rod Floating,Rod Floating,0.9999,0.0001,0.9999,0.0,0.0,91.6,Critical,train,Severe downstroke rod deceleration diagnosed. Downstroke velocity lag caused by heavy crude drag (1047 cP) and pumping speed (8.9 SPM) creates compressive rod stress and sharp impact on plunger re-engagement. Root factors: Elevated viscosity (1046.8 cP) increases rod downstroke fluid drag; High pumping speed (8.9 SPM) exceeds rod free-fall velocity limit; Low wellbore temperature (109.9 °F) exacerbates fluid thickening; Severe mechanical impact spike detected on downstroke (slope_z=165.0).,IMMEDIATE ACTION: Reduce VFD stroke speed from 8.9 SPM to 6.7 SPM to restore gravity downstroke tracking. Schedule CSS (Cyclic Steam Stimulation) / diluent injection to reduce crude viscosity. Inspect rod string for compressive buckling.,Elevated viscosity (1046.8 cP) increases rod downstroke fluid drag | High pumping speed (8.9 SPM) exceeds rod free-fall velocity limit | Low wellbore temperature (109.9 °F) exacerbates fluid thickening | Severe mechanical impact spike detected on downstroke (slope_z=165.0)
0924dc5d,WELL-017,Gas Interference,Gas Interference,0.6321,0.367,0.0,0.0009,0.6321,19.0,Low,val,Compressible free gas inside the pump barrel is delaying traveling valve opening on downstroke. Volumetric lifting capacity is degraded due to cyclic gas compression. Root factors: Operating parameters within nominal thresholds.,ADVISORY: Monitor casinghead gas backpressure. Optimize stroke length vs SPM to maximize compression ratio in barrel.,
1d8c9349,WELL-002,Rod Floating,Rod Floating,0.9999,0.0001,0.9999,0.0,0.0,89.6,Critical,train,Severe downstroke rod deceleration diagnosed. Downstroke velocity lag caused by heavy crude drag (919 cP) and pumping speed (9.1 SPM) creates compressive rod stress and sharp impact on plunger re-engagement. Root factors: Elevated viscosity (918.8 cP) increases rod downstroke fluid drag; High pumping speed (9.1 SPM) exceeds rod free-fall velocity limit; Low wellbore temperature (109.6 °F) exacerbates fluid thickening; Severe mechanical impact spike detected on downstroke (slope_z=170.4).,IMMEDIATE ACTION: Reduce VFD stroke speed from 9.1 SPM to 6.8 SPM to restore gravity downstroke tracking. Schedule CSS (Cyclic Steam Stimulation) / diluent injection to reduce crude viscosity. Inspect rod string for compressive buckling.,Elevated viscosity (918.8 cP) increases rod downstroke fluid drag | High pumping speed (9.1 SPM) exceeds rod free-fall velocity limit | Low wellbore temperature (109.6 °F) exacerbates fluid thickening | Severe mechanical impact spike detected on downstroke (slope_z=170.4)
cc2ae63c,WELL-012,Normal,Normal,0.9503,0.9503,0.046,0.0,0.0036,5.0,Low,train,Sucker-rod card exhibits uniform load profile and normal full-stroke work envelope. Operating within nominal mechanical baseline.,Maintain baseline pumping parameters. Continue regular SCADA monitoring and scheduled lubrication.,Operating within nominal mechanical baseline
2f9ba673,WELL-018,Gas Interference,Normal,0.7443,0.7443,0.0002,0.0002,0.2554,15.6,Low,train,Sucker-rod card exhibits uniform load profile and normal full-stroke work envelope. Operating within nominal mechanical baseline.,Maintain baseline pumping parameters. Continue regular SCADA monitoring and scheduled lubrication.,Operating within nominal mechanical baseline
43d63080,WELL-006,Normal,Normal,0.9709,0.9709,0.0277,0.0,0.0014,3.9,Low,train,Sucker-rod card exhibits uniform load profile and normal full-stroke work envelope. Operating within nominal mechanical baseline.,Maintain baseline pumping parameters. Continue regular SCADA monitoring and scheduled lubrication.,Operating within nominal mechanical baseline
399aa928,WELL-010,Normal,Normal,0.9815,0.9815,0.0092,0.0,0.0092,6.4,Low,train,Sucker-rod card exhibits uniform load profile and normal full-stroke work envelope. Operating within nominal mechanical baseline.,Maintain baseline pumping parameters. Continue regular SCADA monitoring and scheduled lubrication.,Operating within nominal mechanical baseline
798f5451,WELL-011,Rod Floating,Rod Floating,0.9999,0.0001,0.9999,0.0,0.0,84.5,Critical,train,Severe downstroke rod deceleration diagnosed. Downstroke velocity lag caused by heavy crude drag (886 cP) and pumping speed (8.7 SPM) creates compressive rod stress and sharp impact on plunger re-engagement. Root factors: Elevated viscosity (886.3 cP) increases rod downstroke fluid drag; High pumping speed (8.7 SPM) exceeds rod free-fall velocity limit; Low wellbore temperature (119.0 °F) exacerbates fluid thickening; Severe mechanical impact spike detected on downstroke (slope_z=101.3).,IMMEDIATE ACTION: Reduce VFD stroke speed from 8.7 SPM to 6.5 SPM to restore gravity downstroke tracking. Schedule CSS (Cyclic Steam Stimulation) / diluent injection to reduce crude viscosity. Inspect rod string for compressive buckling.,Elevated viscosity (886.3 cP) increases rod downstroke fluid drag | High pumping speed (8.7 SPM) exceeds rod free-fall velocity limit | Low wellbore temperature (119.0 °F) exacerbates fluid thickening | Severe mechanical impact spike detected on downstroke (slope_z=101.3)
2dcd7c0f,WELL-005,Normal,Normal,0.9516,0.9516,0.045,0.0,0.0034,5.4,Low,train,Sucker-rod card exhibits uniform load profile and normal full-stroke work envelope. Operating within nominal mechanical baseline.,Maintain baseline pumping parameters. Continue regular SCADA monitoring and scheduled lubrication.,Operating within nominal mechanical baseline
e4ec96fc,WELL-010,Normal,Normal,0.9654,0.9654,0.0289,0.0,0.0056,5.7,Low,train,Sucker-rod card exhibits uniform load profile and normal full-stroke work envelope. Operating within nominal mechanical baseline.,Maintain baseline pumping parameters. Continue regular SCADA monitoring and scheduled lubrication.,Operating within nominal mechanical baseline
08557298,WELL-015,Fluid Pound,Fluid Pound,0.9991,0.0,0.0009,0.9991,0.0,91.4,Critical,train,"Incomplete pump barrel fillage diagnosed due to reservoir inflow deficit (1451 ft fluid level). Plunger free-falls through vapor pocket before abruptly impacting fluid surface on downstroke, transmitting shock waves to polished rod and gearbox. Root factors: Depleted fluid column (1451 ft above pump) indicates pump-off condition; Low pump submergence ratio (33.6%); Sharp fluid-surface impact shock detected (slope_z=103.5); Depressed minimum load (3728 lbf) flags plunger free-fall inside barrel.",IMMEDIATE ACTION: Throttle pump speed from 6.3 SPM to 4.4 SPM or activate automatic Pump-Off Controller (POC) with intermittent timer (duty cycling) to permit annular fluid recovery. Inspect valves and rod guides.,Depleted fluid column (1451 ft above pump) indicates pump-off condition | Low pump submergence ratio (33.6%) | Sharp fluid-surface impact shock detected (slope_z=103.5) | Depressed minimum load (3728 lbf) flags plunger free-fall inside barrel
f26a333b,WELL-009,Normal,Normal,0.9951,0.9951,0.0028,0.0001,0.002,4.0,Low,train,Sucker-rod card exhibits uniform load profile and normal full-stroke work envelope. Operating within nominal mechanical baseline.,Maintain baseline pumping parameters. Continue regular SCADA monitoring and scheduled lubrication.,Operating within nominal mechanical baseline
584cd634,WELL-012,Fluid Pound,Fluid Pound,0.9989,0.0,0.0011,0.9989,0.0,92.4,Critical,train,"Incomplete pump barrel fillage diagnosed due to reservoir inflow deficit (905 ft fluid level). Plunger free-falls through vapor pocket before abruptly impacting fluid surface on downstroke, transmitting shock waves to polished rod and gearbox. Root factors: Depleted fluid column (905 ft above pump) indicates pump-off condition; Low pump submergence ratio (17.5%); Sharp fluid-surface impact shock detected (slope_z=86.7); Depressed minimum load (5248 lbf) flags plunger free-fall inside barrel.",IMMEDIATE ACTION: Throttle pump speed from 6.1 SPM to 4.3 SPM or activate automatic Pump-Off Controller (POC) with intermittent timer (duty cycling) to permit annular fluid recovery. Inspect valves and rod guides.,Depleted fluid column (905 ft above pump) indicates pump-off condition | Low pump submergence ratio (17.5%) | Sharp fluid-surface impact shock detected (slope_z=86.7) | Depressed minimum load (5248 lbf) flags plunger free-fall inside barrel
64bb1146,WELL-018,Normal,Normal,0.981,0.981,0.0009,0.0,0.0181,5.6,Low,train,Sucker-rod card exhibits uniform load profile and normal full-stroke work envelope. Operating within nominal mechanical baseline.,Maintain baseline pumping parameters. Continue regular SCADA monitoring and scheduled lubrication.,Operating within nominal mechanical baseline
1ccecb0e,WELL-009,Fluid Pound,Fluid Pound,1.0,0.0,0.0,1.0,0.0,75.1,High,train,"Incomplete pump barrel fillage diagnosed due to reservoir inflow deficit (1634 ft fluid level). Plunger free-falls through vapor pocket before abruptly impacting fluid surface on downstroke, transmitting shock waves to polished rod and gearbox. Root factors: Depleted fluid column (1634 ft above pump) indicates pump-off condition; Low pump submergence ratio (50.0%); Sharp fluid-surface impact shock detected (slope_z=49.3); Depressed minimum load (3712 lbf) flags plunger free-fall inside barrel.",IMMEDIATE ACTION: Throttle pump speed from 4.8 SPM to 3.3 SPM or activate automatic Pump-Off Controller (POC) with intermittent timer (duty cycling) to permit annular fluid recovery. Inspect valves and rod guides.,Depleted fluid column (1634 ft above pump) indicates pump-off condition | Low pump submergence ratio (50.0%) | Sharp fluid-surface impact shock detected (slope_z=49.3) | Depressed minimum load (3712 lbf) flags plunger free-fall inside barrel
11e4dabb,WELL-018,Normal,Normal,0.9868,0.9868,0.0039,0.0001,0.0092,6.0,Low,train,Sucker-rod card exhibits uniform load profile and normal full-stroke work envelope. Operating within nominal mechanical baseline.,Maintain baseline pumping parameters. Continue regular SCADA monitoring and scheduled lubrication.,Operating within nominal mechanical baseline
3a6f124e,WELL-004,Normal,Normal,0.9333,0.9333,0.0639,0.0,0.0027,4.3,Low,train,Sucker-rod card exhibits uniform load profile and normal full-stroke work envelope. Operating within nominal mechanical baseline.,Maintain baseline pumping parameters. Continue regular SCADA monitoring and scheduled lubrication.,Operating within nominal mechanical baseline
467e6377,WELL-011,Rod Floating,Rod Floating,0.9999,0.0001,0.9999,0.0,0.0,73.3,High,train,Severe downstroke rod deceleration diagnosed. Downstroke velocity lag caused by heavy crude drag (699 cP) and pumping speed (8.2 SPM) creates compressive rod stress and sharp impact on plunger re-engagement. Root factors: Elevated viscosity (699.4 cP) increases rod downstroke fluid drag; High pumping speed (8.2 SPM) exceeds rod free-fall velocity limit; Severe mechanical impact spike detected on downstroke (slope_z=88.4).,IMMEDIATE ACTION: Reduce VFD stroke speed from 8.2 SPM to 6.2 SPM to restore gravity downstroke tracking. Schedule CSS (Cyclic Steam Stimulation) / diluent injection to reduce crude viscosity. Inspect rod string for compressive buckling.,Elevated viscosity (699.4 cP) increases rod downstroke fluid drag | High pumping speed (8.2 SPM) exceeds rod free-fall velocity limit | Severe mechanical impact spike detected on downstroke (slope_z=88.4)
dc13dbfa,WELL-020,Fluid Pound,Fluid Pound,1.0,0.0,0.0,1.0,0.0,90.0,Critical,val,"Incomplete pump barrel fillage diagnosed due to reservoir inflow deficit (1304 ft fluid level). Plunger free-falls through vapor pocket before abruptly impacting fluid surface on downstroke, transmitting shock waves to polished rod and gearbox. Root factors: Depleted fluid column (1304 ft above pump) indicates pump-off condition; Low pump submergence ratio (22.0%); Sharp fluid-surface impact shock detected (slope_z=118.6).",IMMEDIATE ACTION: Throttle pump speed from 5.3 SPM to 3.7 SPM or activate automatic Pump-Off Controller (POC) with intermittent timer (duty cycling) to permit annular fluid recovery. Inspect valves and rod guides.,Depleted fluid column (1304 ft above pump) indicates pump-off condition | Low pump submergence ratio (22.0%) | Sharp fluid-surface impact shock detected (slope_z=118.6)
48155cac,WELL-007,Normal,Normal,0.9755,0.9755,0.0235,0.0,0.001,4.1,Low,train,Sucker-rod card exhibits uniform load profile and normal full-stroke work envelope. Operating within nominal mechanical baseline.,Maintain baseline pumping parameters. Continue regular SCADA monitoring and scheduled lubrication.,Operating within nominal mechanical baseline
ea60bf3d,WELL-008,Rod Floating,Rod Floating,0.9997,0.0003,0.9997,0.0,0.0,74.3,High,train,Severe downstroke rod deceleration diagnosed. Downstroke velocity lag caused by heavy crude drag (753 cP) and pumping speed (9.7 SPM) creates compressive rod stress and sharp impact on plunger re-engagement. Root factors: Elevated viscosity (752.7 cP) increases rod downstroke fluid drag; High pumping speed (9.7 SPM) exceeds rod free-fall velocity limit; Severe mechanical impact spike detected on downstroke (slope_z=54.7).,IMMEDIATE ACTION: Reduce VFD stroke speed from 9.7 SPM to 7.3 SPM to restore gravity downstroke tracking. Schedule CSS (Cyclic Steam Stimulation) / diluent injection to reduce crude viscosity. Inspect rod string for compressive buckling.,Elevated viscosity (752.7 cP) increases rod downstroke fluid drag | High pumping speed (9.7 SPM) exceeds rod free-fall velocity limit | Severe mechanical impact spike detected on downstroke (slope_z=54.7)
11f54f12,WELL-002,Normal,Normal,0.9859,0.9859,0.0026,0.0,0.0115,4.6,Low,train,Sucker-rod card exhibits uniform load profile and normal full-stroke work envelope. Operating within nominal mechanical baseline.,Maintain baseline pumping parameters. Continue regular SCADA monitoring and scheduled lubrication.,Operating within nominal mechanical baseline
b8efc997,WELL-014,Normal,Normal,0.9854,0.9854,0.0021,0.0,0.0126,5.6,Low,train,Sucker-rod card exhibits uniform load profile and normal full-stroke work envelope. Operating within nominal mechanical baseline.,Maintain baseline pumping parameters. Continue regular SCADA monitoring and scheduled lubrication.,Operating within nominal mechanical baseline
89e70874,WELL-012,Normal,Normal,0.9698,0.9698,0.0244,0.0,0.0057,5.5,Low,train,Sucker-rod card exhibits uniform load profile and normal full-stroke work envelope. Operating within nominal mechanical baseline.,Maintain baseline pumping parameters. Continue regular SCADA monitoring and scheduled lubrication.,Operating within nominal mechanical baseline
d74b56d0,WELL-015,Fluid Pound,Fluid Pound,0.9994,0.0,0.0005,0.9994,0.0,93.4,Critical,train,"Incomplete pump barrel fillage diagnosed due to reservoir inflow deficit (1332 ft fluid level). Plunger free-falls through vapor pocket before abruptly impacting fluid surface on downstroke, transmitting shock waves to polished rod and gearbox. Root factors: Depleted fluid column (1332 ft above pump) indicates pump-off condition; Low pump submergence ratio (30.9%); Sharp fluid-surface impact shock detected (slope_z=127.9); Depressed minimum load (3737 lbf) flags plunger free-fall inside barrel.",IMMEDIATE ACTION: Throttle pump speed from 6.3 SPM to 4.4 SPM or activate automatic Pump-Off Controller (POC) with intermittent timer (duty cycling) to permit annular fluid recovery. Inspect valves and rod guides.,Depleted fluid column (1332 ft above pump) indicates pump-off condition | Low pump submergence ratio (30.9%) | Sharp fluid-surface impact shock detected (slope_z=127.9) | Depressed minimum load (3737 lbf) flags plunger free-fall inside barrel
64f6de19,WELL-018,Fluid Pound,Fluid Pound,0.9848,0.0001,0.0152,0.9848,0.0,82.5,Critical,train,"Incomplete pump barrel fillage diagnosed due to reservoir inflow deficit (1656 ft fluid level). Plunger free-falls through vapor pocket before abruptly impacting fluid surface on downstroke, transmitting shock waves to polished rod and gearbox. Root factors: Depleted fluid column (1656 ft above pump) indicates pump-off condition; Low pump submergence ratio (29.2%); Sharp fluid-surface impact shock detected (slope_z=104.5).",IMMEDIATE ACTION: Throttle pump speed from 7.2 SPM to 5.0 SPM or activate automatic Pump-Off Controller (POC) with intermittent timer (duty cycling) to permit annular fluid recovery. Inspect valves and rod guides.,Depleted fluid column (1656 ft above pump) indicates pump-off condition | Low pump submergence ratio (29.2%) | Sharp fluid-surface impact shock detected (slope_z=104.5)
7d3aca5d,WELL-004,Fluid Pound,Fluid Pound,1.0,0.0,0.0,1.0,0.0,77.2,High,train,"Incomplete pump barrel fillage diagnosed due to reservoir inflow deficit (2388 ft fluid level). Plunger free-falls through vapor pocket before abruptly impacting fluid surface on downstroke, transmitting shock waves to polished rod and gearbox. Root factors: Depleted fluid column (2388 ft above pump) indicates pump-off condition; Sharp fluid-surface impact shock detected (slope_z=142.8); Depressed minimum load (4294 lbf) flags plunger free-fall inside barrel.",IMMEDIATE ACTION: Throttle pump speed from 5.8 SPM to 4.0 SPM or activate automatic Pump-Off Controller (POC) with intermittent timer (duty cycling) to permit annular fluid recovery. Inspect valves and rod guides.,Depleted fluid column (2388 ft above pump) indicates pump-off condition | Sharp fluid-surface impact shock detected (slope_z=142.8) | Depressed minimum load (4294 lbf) flags plunger free-fall inside barrel
79538f33,WELL-012,Normal,Normal,0.8864,0.8864,0.1122,0.0,0.0014,4.6,Low,train,Sucker-rod card exhibits uniform load profile and normal full-stroke work envelope. Operating within nominal mechanical baseline.,Maintain baseline pumping parameters. Continue regular SCADA monitoring and scheduled lubrication.,Operating within nominal mechanical baseline
c6b48fdd,WELL-004,Normal,Normal,0.927,0.927,0.0708,0.0,0.0022,4.5,Low,train,Sucker-rod card exhibits uniform load profile and normal full-stroke work envelope. Operating within nominal mechanical baseline.,Maintain baseline pumping parameters. Continue regular SCADA monitoring and scheduled lubrication.,Operating within nominal mechanical baseline
017f84eb,WELL-018,Gas Interference,Normal,0.5988,0.5988,0.0001,0.0002,0.4009,23.3,Low,train,Sucker-rod card exhibits uniform load profile and normal full-stroke work envelope. Operating parameters within nominal thresholds.,Maintain baseline pumping parameters. Continue regular SCADA monitoring and scheduled lubrication.,
12b9a13a,WELL-011,Fluid Pound,Fluid Pound,1.0,0.0,0.0,1.0,0.0,94.5,Critical,train,"Incomplete pump barrel fillage diagnosed due to reservoir inflow deficit (1071 ft fluid level). Plunger free-falls through vapor pocket before abruptly impacting fluid surface on downstroke, transmitting shock waves to polished rod and gearbox. Root factors: Depleted fluid column (1071 ft above pump) indicates pump-off condition; Low pump submergence ratio (24.6%); Sharp fluid-surface impact shock detected (slope_z=94.8); Depressed minimum load (4213 lbf) flags plunger free-fall inside barrel.",IMMEDIATE ACTION: Throttle pump speed from 4.7 SPM to 3.3 SPM or activate automatic Pump-Off Controller (POC) with intermittent timer (duty cycling) to permit annular fluid recovery. Inspect valves and rod guides.,Depleted fluid column (1071 ft above pump) indicates pump-off condition | Low pump submergence ratio (24.6%) | Sharp fluid-surface impact shock detected (slope_z=94.8) | Depressed minimum load (4213 lbf) flags plunger free-fall inside barrel
5224dbbe,WELL-002,Fluid Pound,Fluid Pound,0.9999,0.0,0.0001,0.9999,0.0,70.3,High,train,"Incomplete pump barrel fillage diagnosed due to reservoir inflow deficit (2791 ft fluid level). Plunger free-falls through vapor pocket before abruptly impacting fluid surface on downstroke, transmitting shock waves to polished rod and gearbox. Root factors: Sharp fluid-surface impact shock detected (slope_z=119.8).",IMMEDIATE ACTION: Throttle pump speed from 5.4 SPM to 3.8 SPM or activate automatic Pump-Off Controller (POC) with intermittent timer (duty cycling) to permit annular fluid recovery. Inspect valves and rod guides.,Sharp fluid-surface impact shock detected (slope_z=119.8)
6c5b882f,WELL-014,Normal,Normal,0.9871,0.9871,0.0036,0.0,0.0093,5.5,Low,train,Sucker-rod card exhibits uniform load profile and normal full-stroke work envelope. Operating within nominal mechanical baseline.,Maintain baseline pumping parameters. Continue regular SCADA monitoring and scheduled lubrication.,Operating within nominal mechanical baseline
56a99290,WELL-003,Gas Interference,Gas Interference,0.5927,0.406,0.0,0.0013,0.5927,18.3,Low,val,Compressible free gas inside the pump barrel is delaying traveling valve opening on downstroke. Volumetric lifting capacity is degraded due to cyclic gas compression. Root factors: Operating parameters within nominal thresholds.,ADVISORY: Monitor casinghead gas backpressure. Optimize stroke length vs SPM to maximize compression ratio in barrel.,
b7c985d1,WELL-006,Normal,Normal,0.9518,0.9518,0.0443,0.0,0.0038,4.0,Low,train,Sucker-rod card exhibits uniform load profile and normal full-stroke work envelope. Operating within nominal mechanical baseline.,Maintain baseline pumping parameters. Continue regular SCADA monitoring and scheduled lubrication.,Operating within nominal mechanical baseline
d49b3da5,WELL-020,Fluid Pound,Fluid Pound,1.0,0.0,0.0,1.0,0.0,92.9,Critical,val,"Incomplete pump barrel fillage diagnosed due to reservoir inflow deficit (1076 ft fluid level). Plunger free-falls through vapor pocket before abruptly impacting fluid surface on downstroke, transmitting shock waves to polished rod and gearbox. Root factors: Depleted fluid column (1076 ft above pump) indicates pump-off condition; Low pump submergence ratio (18.2%); Sharp fluid-surface impact shock detected (slope_z=106.7).",IMMEDIATE ACTION: Throttle pump speed from 5.0 SPM to 3.5 SPM or activate automatic Pump-Off Controller (POC) with intermittent timer (duty cycling) to permit annular fluid recovery. Inspect valves and rod guides.,Depleted fluid column (1076 ft above pump) indicates pump-off condition | Low pump submergence ratio (18.2%) | Sharp fluid-surface impact shock detected (slope_z=106.7)
8218bc28,WELL-006,Gas Interference,Gas Interference,0.8793,0.1199,0.0,0.0008,0.8793,38.2,Medium,train,Compressible free gas inside the pump barrel is delaying traveling valve opening on downstroke. Volumetric lifting capacity is degraded due to cyclic gas compression. Root factors: Narrow load swing (3877 lbf) reflects cushioned valve response.,ADVISORY: Monitor casinghead gas backpressure. Optimize stroke length vs SPM to maximize compression ratio in barrel.,Narrow load swing (3877 lbf) reflects cushioned valve response
7cf18454,WELL-018,Normal,Normal,0.9891,0.9891,0.0015,0.0,0.0095,5.6,Low,train,Sucker-rod card exhibits uniform load profile and normal full-stroke work envelope. Operating within nominal mechanical baseline.,Maintain baseline pumping parameters. Continue regular SCADA monitoring and scheduled lubrication.,Operating within nominal mechanical baseline
5e39f976,WELL-001,Normal,Normal,0.9828,0.9828,0.0056,0.0,0.0115,5.4,Low,train,Sucker-rod card exhibits uniform load profile and normal full-stroke work envelope. Operating within nominal mechanical baseline.,Maintain baseline pumping parameters. Continue regular SCADA monitoring and scheduled lubrication.,Operating within nominal mechanical baseline
af74d439,WELL-010,Gas Interference,Gas Interference,0.8771,0.1222,0.0,0.0007,0.8771,37.4,Medium,train,Compressible free gas inside the pump barrel is delaying traveling valve opening on downstroke. Volumetric lifting capacity is degraded due to cyclic gas compression. Root factors: Narrow load swing (4356 lbf) reflects cushioned valve response.,ADVISORY: Monitor casinghead gas backpressure. Optimize stroke length vs SPM to maximize compression ratio in barrel.,Narrow load swing (4356 lbf) reflects cushioned valve response
9d121e82,WELL-005,Normal,Normal,0.9525,0.9525,0.0439,0.0,0.0036,5.4,Low,train,Sucker-rod card exhibits uniform load profile and normal full-stroke work envelope. Operating within nominal mechanical baseline.,Maintain baseline pumping parameters. Continue regular SCADA monitoring and scheduled lubrication.,Operating within nominal mechanical baseline
e107ebd3,WELL-017,Normal,Normal,0.9913,0.9913,0.0078,0.0,0.0009,4.4,Low,val,Sucker-rod card exhibits uniform load profile and normal full-stroke work envelope. Operating within nominal mechanical baseline.,Maintain baseline pumping parameters. Continue regular SCADA monitoring and scheduled lubrication.,Operating within nominal mechanical baseline
82e5170b,WELL-015,Rod Floating,Rod Floating,0.9999,0.0001,0.9999,0.0,0.0,89.7,Critical,train,Severe downstroke rod deceleration diagnosed. Downstroke velocity lag caused by heavy crude drag (904 cP) and pumping speed (8.7 SPM) creates compressive rod stress and sharp impact on plunger re-engagement. Root factors: Elevated viscosity (903.9 cP) increases rod downstroke fluid drag; High pumping speed (8.7 SPM) exceeds rod free-fall velocity limit; Low wellbore temperature (97.1 °F) exacerbates fluid thickening; Severe mechanical impact spike detected on downstroke (slope_z=111.9).,IMMEDIATE ACTION: Reduce VFD stroke speed from 8.7 SPM to 6.5 SPM to restore gravity downstroke tracking. Schedule CSS (Cyclic Steam Stimulation) / diluent injection to reduce crude viscosity. Inspect rod string for compressive buckling.,Elevated viscosity (903.9 cP) increases rod downstroke fluid drag | High pumping speed (8.7 SPM) exceeds rod free-fall velocity limit | Low wellbore temperature (97.1 °F) exacerbates fluid thickening | Severe mechanical impact spike detected on downstroke (slope_z=111.9)
167d3886,WELL-015,Normal,Normal,0.9585,0.9585,0.0369,0.0,0.0046,4.5,Low,train,Sucker-rod card exhibits uniform load profile and normal full-stroke work envelope. Operating within nominal mechanical baseline.,Maintain baseline pumping parameters. Continue regular SCADA monitoring and scheduled lubrication.,Operating within nominal mechanical baseline
1ee7734b,WELL-001,Rod Floating,Rod Floating,0.9999,0.0,0.9999,0.0,0.0,82.5,Critical,train,Severe downstroke rod deceleration diagnosed. Downstroke velocity lag caused by heavy crude drag (725 cP) and pumping speed (10.8 SPM) creates compressive rod stress and sharp impact on plunger re-engagement. Root factors: Elevated viscosity (724.6 cP) increases rod downstroke fluid drag; High pumping speed (10.8 SPM) exceeds rod free-fall velocity limit; Severe mechanical impact spike detected on downstroke (slope_z=166.6).,IMMEDIATE ACTION: Reduce VFD stroke speed from 10.8 SPM to 8.1 SPM to restore gravity downstroke tracking. Schedule CSS (Cyclic Steam Stimulation) / diluent injection to reduce crude viscosity. Inspect rod string for compressive buckling.,Elevated viscosity (724.6 cP) increases rod downstroke fluid drag | High pumping speed (10.8 SPM) exceeds rod free-fall velocity limit | Severe mechanical impact spike detected on downstroke (slope_z=166.6)
745fe6bb,WELL-015,Normal,Normal,0.9747,0.9747,0.02,0.0,0.0053,5.2,Low,train,Sucker-rod card exhibits uniform load profile and normal full-stroke work envelope. Operating within nominal mechanical baseline.,Maintain baseline pumping parameters. Continue regular SCADA monitoring and scheduled lubrication.,Operating within nominal mechanical baseline
dc0aa8c6,WELL-014,Gas Interference,Gas Interference,0.5519,0.4478,0.0001,0.0002,0.5519,38.6,Medium,train,Compressible free gas inside the pump barrel is delaying traveling valve opening on downstroke. Volumetric lifting capacity is degraded due to cyclic gas compression. Root factors: Volumetric card area collapsed to 0.58 due to gas compression; Narrow load swing (3589 lbf) reflects cushioned valve response.,ADVISORY: Monitor casinghead gas backpressure. Optimize stroke length vs SPM to maximize compression ratio in barrel.,Volumetric card area collapsed to 0.58 due to gas compression | Narrow load swing (3589 lbf) reflects cushioned valve response
462cfbc4,WELL-016,Rod Floating,Rod Floating,0.9543,0.0457,0.9543,0.0,0.0,54.5,Medium,val,Severe downstroke rod deceleration diagnosed. Downstroke velocity lag caused by heavy crude drag (838 cP) and pumping speed (5.6 SPM) creates compressive rod stress and sharp impact on plunger re-engagement. Root factors: Elevated viscosity (837.9 cP) increases rod downstroke fluid drag.,ADVISORY: Monitor downstroke load trough. Trim VFD speed by 0.5-1.0 SPM if wellbore temperature drops further. Plan thermal stimulation cycle.,Elevated viscosity (837.9 cP) increases rod downstroke fluid drag
54c4a15b,WELL-011,Fluid Pound,Fluid Pound,1.0,0.0,0.0,1.0,0.0,88.9,Critical,train,"Incomplete pump barrel fillage diagnosed due to reservoir inflow deficit (1522 ft fluid level). Plunger free-falls through vapor pocket before abruptly impacting fluid surface on downstroke, transmitting shock waves to polished rod and gearbox. Root factors: Depleted fluid column (1522 ft above pump) indicates pump-off condition; Low pump submergence ratio (35.0%); Sharp fluid-surface impact shock detected (slope_z=98.1); Depressed minimum load (4195 lbf) flags plunger free-fall inside barrel.",IMMEDIATE ACTION: Throttle pump speed from 5.2 SPM to 3.7 SPM or activate automatic Pump-Off Controller (POC) with intermittent timer (duty cycling) to permit annular fluid recovery. Inspect valves and rod guides.,Depleted fluid column (1522 ft above pump) indicates pump-off condition | Low pump submergence ratio (35.0%) | Sharp fluid-surface impact shock detected (slope_z=98.1) | Depressed minimum load (4195 lbf) flags plunger free-fall inside barrel
bc392ed2,WELL-017,Gas Interference,Normal,0.6127,0.6127,0.0,0.0009,0.3864,11.6,Low,val,Sucker-rod card exhibits uniform load profile and normal full-stroke work envelope. Operating parameters within nominal thresholds.,Maintain baseline pumping parameters. Continue regular SCADA monitoring and scheduled lubrication.,
b67b4f80,WELL-017,Normal,Normal,0.9945,0.9945,0.0012,0.0001,0.0043,4.0,Low,val,Sucker-rod card exhibits uniform load profile and normal full-stroke work envelope. Operating within nominal mechanical baseline.,Maintain baseline pumping parameters. Continue regular SCADA monitoring and scheduled lubrication.,Operating within nominal mechanical baseline
91e6647b,WELL-019,Rod Floating,Rod Floating,0.9999,0.0001,0.9999,0.0,0.0,68.4,High,train,Severe downstroke rod deceleration diagnosed. Downstroke velocity lag caused by heavy crude drag (829 cP) and pumping speed (7.3 SPM) creates compressive rod stress and sharp impact on plunger re-engagement. Root factors: Elevated viscosity (829.0 cP) increases rod downstroke fluid drag; Severe mechanical impact spike detected on downstroke (slope_z=78.5).,IMMEDIATE ACTION: Reduce VFD stroke speed from 7.3 SPM to 5.5 SPM to restore gravity downstroke tracking. Schedule CSS (Cyclic Steam Stimulation) / diluent injection to reduce crude viscosity. Inspect rod string for compressive buckling.,Elevated viscosity (829.0 cP) increases rod downstroke fluid drag | Severe mechanical impact spike detected on downstroke (slope_z=78.5)
d68a54ff,WELL-013,Rod Floating,Rod Floating,0.9994,0.0006,0.9994,0.0,0.0,74.3,High,train,Severe downstroke rod deceleration diagnosed. Downstroke velocity lag caused by heavy crude drag (873 cP) and pumping speed (8.5 SPM) creates compressive rod stress and sharp impact on plunger re-engagement. Root factors: Elevated viscosity (873.3 cP) increases rod downstroke fluid drag; High pumping speed (8.5 SPM) exceeds rod free-fall velocity limit; Severe mechanical impact spike detected on downstroke (slope_z=49.0).,IMMEDIATE ACTION: Reduce VFD stroke speed from 8.5 SPM to 6.4 SPM to restore gravity downstroke tracking. Schedule CSS (Cyclic Steam Stimulation) / diluent injection to reduce crude viscosity. Inspect rod string for compressive buckling.,Elevated viscosity (873.3 cP) increases rod downstroke fluid drag | High pumping speed (8.5 SPM) exceeds rod free-fall velocity limit | Severe mechanical impact spike detected on downstroke (slope_z=49.0)
cf0e5175,WELL-007,Gas Interference,Normal,0.6789,0.6789,0.0001,0.0005,0.3206,14.6,Low,train,Sucker-rod card exhibits uniform load profile and normal full-stroke work envelope. Operating parameters within nominal thresholds.,Maintain baseline pumping parameters. Continue regular SCADA monitoring and scheduled lubrication.,
49ee4de4,WELL-001,Fluid Pound,Fluid Pound,0.9999,0.0,0.0,0.9999,0.0001,77.9,High,train,"Incomplete pump barrel fillage diagnosed due to reservoir inflow deficit (1859 ft fluid level). Plunger free-falls through vapor pocket before abruptly impacting fluid surface on downstroke, transmitting shock waves to polished rod and gearbox. Root factors: Depleted fluid column (1859 ft above pump) indicates pump-off condition; Low pump submergence ratio (43.1%); Sharp fluid-surface impact shock detected (slope_z=78.0); Depressed minimum load (5081 lbf) flags plunger free-fall inside barrel.",IMMEDIATE ACTION: Throttle pump speed from 7.2 SPM to 5.0 SPM or activate automatic Pump-Off Controller (POC) with intermittent timer (duty cycling) to permit annular fluid recovery. Inspect valves and rod guides.,Depleted fluid column (1859 ft above pump) indicates pump-off condition | Low pump submergence ratio (43.1%) | Sharp fluid-surface impact shock detected (slope_z=78.0) | Depressed minimum load (5081 lbf) flags plunger free-fall inside barrel
61906ccd,WELL-008,Fluid Pound,Fluid Pound,0.9998,0.0,0.0002,0.9998,0.0,74.3,High,train,"Incomplete pump barrel fillage diagnosed due to reservoir inflow deficit (2084 ft fluid level). Plunger free-falls through vapor pocket before abruptly impacting fluid surface on downstroke, transmitting shock waves to polished rod and gearbox. Root factors: Depleted fluid column (2084 ft above pump) indicates pump-off condition; Sharp fluid-surface impact shock detected (slope_z=69.3); Depressed minimum load (3708 lbf) flags plunger free-fall inside barrel.",IMMEDIATE ACTION: Throttle pump speed from 7.4 SPM to 5.2 SPM or activate automatic Pump-Off Controller (POC) with intermittent timer (duty cycling) to permit annular fluid recovery. Inspect valves and rod guides.,Depleted fluid column (2084 ft above pump) indicates pump-off condition | Sharp fluid-surface impact shock detected (slope_z=69.3) | Depressed minimum load (3708 lbf) flags plunger free-fall inside barrel
94e9647e,WELL-006,Normal,Normal,0.9569,0.9569,0.0401,0.0,0.003,3.8,Low,train,Sucker-rod card exhibits uniform load profile and normal full-stroke work envelope. Operating within nominal mechanical baseline.,Maintain baseline pumping parameters. Continue regular SCADA monitoring and scheduled lubrication.,Operating within nominal mechanical baseline
9ce29185,WELL-012,Rod Floating,Rod Floating,0.9999,0.0001,0.9999,0.0,0.0,84.2,Critical,train,Severe downstroke rod deceleration diagnosed. Downstroke velocity lag caused by heavy crude drag (707 cP) and pumping speed (10.0 SPM) creates compressive rod stress and sharp impact on plunger re-engagement. Root factors: Elevated viscosity (706.6 cP) increases rod downstroke fluid drag; High pumping speed (10.0 SPM) exceeds rod free-fall velocity limit; Low wellbore temperature (115.7 °F) exacerbates fluid thickening; Severe mechanical impact spike detected on downstroke (slope_z=131.6).,IMMEDIATE ACTION: Reduce VFD stroke speed from 10.0 SPM to 7.5 SPM to restore gravity downstroke tracking. Schedule CSS (Cyclic Steam Stimulation) / diluent injection to reduce crude viscosity. Inspect rod string for compressive buckling.,Elevated viscosity (706.6 cP) increases rod downstroke fluid drag | High pumping speed (10.0 SPM) exceeds rod free-fall velocity limit | Low wellbore temperature (115.7 °F) exacerbates fluid thickening | Severe mechanical impact spike detected on downstroke (slope_z=131.6)
73aecd96,WELL-018,Fluid Pound,Fluid Pound,0.9991,0.0,0.0009,0.9991,0.0,90.9,Critical,train,"Incomplete pump barrel fillage diagnosed due to reservoir inflow deficit (1085 ft fluid level). Plunger free-falls through vapor pocket before abruptly impacting fluid surface on downstroke, transmitting shock waves to polished rod and gearbox. Root factors: Depleted fluid column (1085 ft above pump) indicates pump-off condition; Low pump submergence ratio (19.1%); Sharp fluid-surface impact shock detected (slope_z=141.7).",IMMEDIATE ACTION: Throttle pump speed from 7.2 SPM to 5.0 SPM or activate automatic Pump-Off Controller (POC) with intermittent timer (duty cycling) to permit annular fluid recovery. Inspect valves and rod guides.,Depleted fluid column (1085 ft above pump) indicates pump-off condition | Low pump submergence ratio (19.1%) | Sharp fluid-surface impact shock detected (slope_z=141.7)
a1320b9b,WELL-013,Rod Floating,Rod Floating,0.9996,0.0004,0.9996,0.0,0.0,78.8,High,train,Severe downstroke rod deceleration diagnosed. Downstroke velocity lag caused by heavy crude drag (771 cP) and pumping speed (9.6 SPM) creates compressive rod stress and sharp impact on plunger re-engagement. Root factors: Elevated viscosity (771.3 cP) increases rod downstroke fluid drag; High pumping speed (9.6 SPM) exceeds rod free-fall velocity limit; Low wellbore temperature (114.5 °F) exacerbates fluid thickening; Severe mechanical impact spike detected on downstroke (slope_z=60.1).,IMMEDIATE ACTION: Reduce VFD stroke speed from 9.6 SPM to 7.2 SPM to restore gravity downstroke tracking. Schedule CSS (Cyclic Steam Stimulation) / diluent injection to reduce crude viscosity. Inspect rod string for compressive buckling.,Elevated viscosity (771.3 cP) increases rod downstroke fluid drag | High pumping speed (9.6 SPM) exceeds rod free-fall velocity limit | Low wellbore temperature (114.5 °F) exacerbates fluid thickening | Severe mechanical impact spike detected on downstroke (slope_z=60.1)
8a2e9959,WELL-001,Rod Floating,Rod Floating,0.9999,0.0001,0.9999,0.0,0.0,69.9,High,train,Severe downstroke rod deceleration diagnosed. Downstroke velocity lag caused by heavy crude drag (504 cP) and pumping speed (9.4 SPM) creates compressive rod stress and sharp impact on plunger re-engagement. Root factors: High pumping speed (9.4 SPM) exceeds rod free-fall velocity limit; Severe mechanical impact spike detected on downstroke (slope_z=125.1).,IMMEDIATE ACTION: Reduce VFD stroke speed from 9.4 SPM to 7.0 SPM to restore gravity downstroke tracking. Schedule CSS (Cyclic Steam Stimulation) / diluent injection to reduce crude viscosity. Inspect rod string for compressive buckling.,High pumping speed (9.4 SPM) exceeds rod free-fall velocity limit | Severe mechanical impact spike detected on downstroke (slope_z=125.1)
a0c78a12,WELL-018,Normal,Normal,0.9855,0.9855,0.0011,0.0,0.0134,5.4,Low,train,Sucker-rod card exhibits uniform load profile and normal full-stroke work envelope. Operating within nominal mechanical baseline.,Maintain baseline pumping parameters. Continue regular SCADA monitoring and scheduled lubrication.,Operating within nominal mechanical baseline
bd0f9aaf,WELL-010,Rod Floating,Rod Floating,0.9999,0.0001,0.9999,0.0,0.0,77.3,High,train,Severe downstroke rod deceleration diagnosed. Downstroke velocity lag caused by heavy crude drag (663 cP) and pumping speed (10.2 SPM) creates compressive rod stress and sharp impact on plunger re-engagement. Root factors: Elevated viscosity (662.7 cP) increases rod downstroke fluid drag; High pumping speed (10.2 SPM) exceeds rod free-fall velocity limit; Severe mechanical impact spike detected on downstroke (slope_z=118.8).,IMMEDIATE ACTION: Reduce VFD stroke speed from 10.2 SPM to 7.6 SPM to restore gravity downstroke tracking. Schedule CSS (Cyclic Steam Stimulation) / diluent injection to reduce crude viscosity. Inspect rod string for compressive buckling.,Elevated viscosity (662.7 cP) increases rod downstroke fluid drag | High pumping speed (10.2 SPM) exceeds rod free-fall velocity limit | Severe mechanical impact spike detected on downstroke (slope_z=118.8)
40f97c86,WELL-011,Gas Interference,Gas Interference,0.6894,0.3097,0.0,0.0008,0.6894,30.5,Medium,train,Compressible free gas inside the pump barrel is delaying traveling valve opening on downstroke. Volumetric lifting capacity is degraded due to cyclic gas compression. Root factors: Narrow load swing (3771 lbf) reflects cushioned valve response.,ADVISORY: Monitor casinghead gas backpressure. Optimize stroke length vs SPM to maximize compression ratio in barrel.,Narrow load swing (3771 lbf) reflects cushioned valve response
c474b605,WELL-016,Gas Interference,Gas Interference,0.5559,0.4429,0.0,0.0012,0.5559,16.7,Low,val,Compressible free gas inside the pump barrel is delaying traveling valve opening on downstroke. Volumetric lifting capacity is degraded due to cyclic gas compression. Root factors: Operating parameters within nominal thresholds.,ADVISORY: Monitor casinghead gas backpressure. Optimize stroke length vs SPM to maximize compression ratio in barrel.,
a556b3bc,WELL-005,Gas Interference,Gas Interference,0.5963,0.4029,0.0002,0.0005,0.5963,23.0,Low,train,Compressible free gas inside the pump barrel is delaying traveling valve opening on downstroke. Volumetric lifting capacity is degraded due to cyclic gas compression. Root factors: Narrow load swing (4939 lbf) reflects cushioned valve response.,ADVISORY: Monitor casinghead gas backpressure. Optimize stroke length vs SPM to maximize compression ratio in barrel.,Narrow load swing (4939 lbf) reflects cushioned valve response
a3c58ec4,WELL-016,Normal,Normal,0.994,0.994,0.004,0.0,0.0019,4.0,Low,val,Sucker-rod card exhibits uniform load profile and normal full-stroke work envelope. Operating within nominal mechanical baseline.,Maintain baseline pumping parameters. Continue regular SCADA monitoring and scheduled lubrication.,Operating within nominal mechanical baseline
53907eaf,WELL-018,Rod Floating,Rod Floating,0.9999,0.0001,0.9999,0.0,0.0,79.0,High,train,Severe downstroke rod deceleration diagnosed. Downstroke velocity lag caused by heavy crude drag (726 cP) and pumping speed (9.4 SPM) creates compressive rod stress and sharp impact on plunger re-engagement. Root factors: Elevated viscosity (726.5 cP) increases rod downstroke fluid drag; High pumping speed (9.4 SPM) exceeds rod free-fall velocity limit; Severe mechanical impact spike detected on downstroke (slope_z=173.1).,IMMEDIATE ACTION: Reduce VFD stroke speed from 9.4 SPM to 7.0 SPM to restore gravity downstroke tracking. Schedule CSS (Cyclic Steam Stimulation) / diluent injection to reduce crude viscosity. Inspect rod string for compressive buckling.,Elevated viscosity (726.5 cP) increases rod downstroke fluid drag | High pumping speed (9.4 SPM) exceeds rod free-fall velocity limit | Severe mechanical impact spike detected on downstroke (slope_z=173.1)
a4901658,WELL-018,Fluid Pound,Fluid Pound,0.9999,0.0,0.0001,0.9999,0.0,92.2,Critical,train,"Incomplete pump barrel fillage diagnosed due to reservoir inflow deficit (980 ft fluid level). Plunger free-falls through vapor pocket before abruptly impacting fluid surface on downstroke, transmitting shock waves to polished rod and gearbox. Root factors: Depleted fluid column (980 ft above pump) indicates pump-off condition; Low pump submergence ratio (17.3%); Sharp fluid-surface impact shock detected (slope_z=113.7).",IMMEDIATE ACTION: Throttle pump speed from 7.6 SPM to 5.3 SPM or activate automatic Pump-Off Controller (POC) with intermittent timer (duty cycling) to permit annular fluid recovery. Inspect valves and rod guides.,Depleted fluid column (980 ft above pump) indicates pump-off condition | Low pump submergence ratio (17.3%) | Sharp fluid-surface impact shock detected (slope_z=113.7)
75c6c7db,WELL-006,Fluid Pound,Fluid Pound,1.0,0.0,0.0,1.0,0.0,84.0,Critical,train,"Incomplete pump barrel fillage diagnosed due to reservoir inflow deficit (1698 ft fluid level). Plunger free-falls through vapor pocket before abruptly impacting fluid surface on downstroke, transmitting shock waves to polished rod and gearbox. Root factors: Depleted fluid column (1698 ft above pump) indicates pump-off condition; Low pump submergence ratio (33.2%); Sharp fluid-surface impact shock detected (slope_z=100.8).",IMMEDIATE ACTION: Throttle pump speed from 4.8 SPM to 3.4 SPM or activate automatic Pump-Off Controller (POC) with intermittent timer (duty cycling) to permit annular fluid recovery. Inspect valves and rod guides.,Depleted fluid column (1698 ft above pump) indicates pump-off condition | Low pump submergence ratio (33.2%) | Sharp fluid-surface impact shock detected (slope_z=100.8)
68a6d211,WELL-003,Normal,Normal,0.9873,0.9873,0.0119,0.0,0.0008,3.9,Low,val,Sucker-rod card exhibits uniform load profile and normal full-stroke work envelope. Operating within nominal mechanical baseline.,Maintain baseline pumping parameters. Continue regular SCADA monitoring and scheduled lubrication.,Operating within nominal mechanical baseline
67d7fa85,WELL-020,Fluid Pound,Fluid Pound,1.0,0.0,0.0,1.0,0.0,83.9,Critical,val,"Incomplete pump barrel fillage diagnosed due to reservoir inflow deficit (1674 ft fluid level). Plunger free-falls through vapor pocket before abruptly impacting fluid surface on downstroke, transmitting shock waves to polished rod and gearbox. Root factors: Depleted fluid column (1674 ft above pump) indicates pump-off condition; Low pump submergence ratio (28.3%); Sharp fluid-surface impact shock detected (slope_z=97.9).",IMMEDIATE ACTION: Throttle pump speed from 4.8 SPM to 3.3 SPM or activate automatic Pump-Off Controller (POC) with intermittent timer (duty cycling) to permit annular fluid recovery. Inspect valves and rod guides.,Depleted fluid column (1674 ft above pump) indicates pump-off condition | Low pump submergence ratio (28.3%) | Sharp fluid-surface impact shock detected (slope_z=97.9)
b2e6ed63,WELL-016,Rod Floating,Rod Floating,0.9995,0.0005,0.9995,0.0,0.0,69.1,High,val,Severe downstroke rod deceleration diagnosed. Downstroke velocity lag caused by heavy crude drag (827 cP) and pumping speed (7.9 SPM) creates compressive rod stress and sharp impact on plunger re-engagement. Root factors: Elevated viscosity (827.1 cP) increases rod downstroke fluid drag; High pumping speed (7.9 SPM) exceeds rod free-fall velocity limit; Severe mechanical impact spike detected on downstroke (slope_z=48.6).,IMMEDIATE ACTION: Reduce VFD stroke speed from 7.9 SPM to 5.9 SPM to restore gravity downstroke tracking. Schedule CSS (Cyclic Steam Stimulation) / diluent injection to reduce crude viscosity. Inspect rod string for compressive buckling.,Elevated viscosity (827.1 cP) increases rod downstroke fluid drag | High pumping speed (7.9 SPM) exceeds rod free-fall velocity limit | Severe mechanical impact spike detected on downstroke (slope_z=48.6)
d4a79917,WELL-003,Rod Floating,Rod Floating,0.9996,0.0004,0.9996,0.0,0.0,75.9,High,val,Severe downstroke rod deceleration diagnosed. Downstroke velocity lag caused by heavy crude drag (873 cP) and pumping speed (7.8 SPM) creates compressive rod stress and sharp impact on plunger re-engagement. Root factors: Elevated viscosity (873.1 cP) increases rod downstroke fluid drag; High pumping speed (7.8 SPM) exceeds rod free-fall velocity limit; Low wellbore temperature (110.9 °F) exacerbates fluid thickening; Severe mechanical impact spike detected on downstroke (slope_z=57.9).,IMMEDIATE ACTION: Reduce VFD stroke speed from 7.8 SPM to 5.9 SPM to restore gravity downstroke tracking. Schedule CSS (Cyclic Steam Stimulation) / diluent injection to reduce crude viscosity. Inspect rod string for compressive buckling.,Elevated viscosity (873.1 cP) increases rod downstroke fluid drag | High pumping speed (7.8 SPM) exceeds rod free-fall velocity limit | Low wellbore temperature (110.9 °F) exacerbates fluid thickening | Severe mechanical impact spike detected on downstroke (slope_z=57.9)
b4a53ca2,WELL-011,Normal,Normal,0.9688,0.9688,0.0286,0.0,0.0026,4.0,Low,train,Sucker-rod card exhibits uniform load profile and normal full-stroke work envelope. Operating within nominal mechanical baseline.,Maintain baseline pumping parameters. Continue regular SCADA monitoring and scheduled lubrication.,Operating within nominal mechanical baseline
b95a2a81,WELL-015,Gas Interference,Gas Interference,0.8702,0.129,0.0,0.0008,0.8702,41.3,Medium,train,Compressible free gas inside the pump barrel is delaying traveling valve opening on downstroke. Volumetric lifting capacity is degraded due to cyclic gas compression. Root factors: Narrow load swing (2817 lbf) reflects cushioned valve response.,ADVISORY: Monitor casinghead gas backpressure. Optimize stroke length vs SPM to maximize compression ratio in barrel.,Narrow load swing (2817 lbf) reflects cushioned valve response
92857b8c,WELL-019,Fluid Pound,Fluid Pound,1.0,0.0,0.0,1.0,0.0,96.0,Critical,train,"Incomplete pump barrel fillage diagnosed due to reservoir inflow deficit (759 ft fluid level). Plunger free-falls through vapor pocket before abruptly impacting fluid surface on downstroke, transmitting shock waves to polished rod and gearbox. Root factors: Depleted fluid column (759 ft above pump) indicates pump-off condition; Low pump submergence ratio (13.1%); Sharp fluid-surface impact shock detected (slope_z=131.7).",IMMEDIATE ACTION: Throttle pump speed from 5.1 SPM to 3.6 SPM or activate automatic Pump-Off Controller (POC) with intermittent timer (duty cycling) to permit annular fluid recovery. Inspect valves and rod guides.,Depleted fluid column (759 ft above pump) indicates pump-off condition | Low pump submergence ratio (13.1%) | Sharp fluid-surface impact shock detected (slope_z=131.7)
95506a99,WELL-002,Normal,Normal,0.991,0.991,0.0012,0.0,0.0078,5.3,Low,train,Sucker-rod card exhibits uniform load profile and normal full-stroke work envelope. Operating within nominal mechanical baseline.,Maintain baseline pumping parameters. Continue regular SCADA monitoring and scheduled lubrication.,Operating within nominal mechanical baseline
12f995db,WELL-010,Rod Floating,Rod Floating,0.9999,0.0001,0.9999,0.0,0.0,83.0,Critical,train,Severe downstroke rod deceleration diagnosed. Downstroke velocity lag caused by heavy crude drag (752 cP) and pumping speed (10.0 SPM) creates compressive rod stress and sharp impact on plunger re-engagement. Root factors: Elevated viscosity (751.6 cP) increases rod downstroke fluid drag; High pumping speed (10.0 SPM) exceeds rod free-fall velocity limit; Severe mechanical impact spike detected on downstroke (slope_z=112.9).,IMMEDIATE ACTION: Reduce VFD stroke speed from 10.0 SPM to 7.5 SPM to restore gravity downstroke tracking. Schedule CSS (Cyclic Steam Stimulation) / diluent injection to reduce crude viscosity. Inspect rod string for compressive buckling.,Elevated viscosity (751.6 cP) increases rod downstroke fluid drag | High pumping speed (10.0 SPM) exceeds rod free-fall velocity limit | Severe mechanical impact spike detected on downstroke (slope_z=112.9)
76e7b582,WELL-015,Normal,Normal,0.9645,0.9645,0.0308,0.0,0.0046,4.8,Low,train,Sucker-rod card exhibits uniform load profile and normal full-stroke work envelope. Operating within nominal mechanical baseline.,Maintain baseline pumping parameters. Continue regular SCADA monitoring and scheduled lubrication.,Operating within nominal mechanical baseline
756637c5,WELL-003,Fluid Pound,Fluid Pound,1.0,0.0,0.0,1.0,0.0,74.2,High,val,"Incomplete pump barrel fillage diagnosed due to reservoir inflow deficit (2315 ft fluid level). Plunger free-falls through vapor pocket before abruptly impacting fluid surface on downstroke, transmitting shock waves to polished rod and gearbox. Root factors: Depleted fluid column (2315 ft above pump) indicates pump-off condition; Low pump submergence ratio (39.2%); Sharp fluid-surface impact shock detected (slope_z=99.6).",IMMEDIATE ACTION: Throttle pump speed from 4.1 SPM to 2.9 SPM or activate automatic Pump-Off Controller (POC) with intermittent timer (duty cycling) to permit annular fluid recovery. Inspect valves and rod guides.,Depleted fluid column (2315 ft above pump) indicates pump-off condition | Low pump submergence ratio (39.2%) | Sharp fluid-surface impact shock detected (slope_z=99.6)
f2c1e664,WELL-017,Gas Interference,Normal,0.6056,0.6056,0.0,0.0009,0.3935,11.8,Low,val,Sucker-rod card exhibits uniform load profile and normal full-stroke work envelope. Operating parameters within nominal thresholds.,Maintain baseline pumping parameters. Continue regular SCADA monitoring and scheduled lubrication.,
75f2a9bc,WELL-008,Normal,Normal,0.9703,0.9703,0.0286,0.0,0.0011,5.5,Low,train,Sucker-rod card exhibits uniform load profile and normal full-stroke work envelope. Operating within nominal mechanical baseline.,Maintain baseline pumping parameters. Continue regular SCADA monitoring and scheduled lubrication.,Operating within nominal mechanical baseline
6efeb7d5,WELL-007,Rod Floating,Rod Floating,0.9998,0.0002,0.9998,0.0,0.0,85.5,Critical,train,Severe downstroke rod deceleration diagnosed. Downstroke velocity lag caused by heavy crude drag (814 cP) and pumping speed (9.2 SPM) creates compressive rod stress and sharp impact on plunger re-engagement. Root factors: Elevated viscosity (813.7 cP) increases rod downstroke fluid drag; High pumping speed (9.2 SPM) exceeds rod free-fall velocity limit; Low wellbore temperature (105.3 °F) exacerbates fluid thickening; Severe mechanical impact spike detected on downstroke (slope_z=92.5).,IMMEDIATE ACTION: Reduce VFD stroke speed from 9.2 SPM to 6.9 SPM to restore gravity downstroke tracking. Schedule CSS (Cyclic Steam Stimulation) / diluent injection to reduce crude viscosity. Inspect rod string for compressive buckling.,Elevated viscosity (813.7 cP) increases rod downstroke fluid drag | High pumping speed (9.2 SPM) exceeds rod free-fall velocity limit | Low wellbore temperature (105.3 °F) exacerbates fluid thickening | Severe mechanical impact spike detected on downstroke (slope_z=92.5)
a9c4fbd6,WELL-001,Fluid Pound,Fluid Pound,1.0,0.0,0.0,1.0,0.0,89.8,Critical,train,"Incomplete pump barrel fillage diagnosed due to reservoir inflow deficit (1279 ft fluid level). Plunger free-falls through vapor pocket before abruptly impacting fluid surface on downstroke, transmitting shock waves to polished rod and gearbox. Root factors: Depleted fluid column (1279 ft above pump) indicates pump-off condition; Low pump submergence ratio (29.6%); Sharp fluid-surface impact shock detected (slope_z=97.4); Depressed minimum load (5100 lbf) flags plunger free-fall inside barrel.",IMMEDIATE ACTION: Throttle pump speed from 6.9 SPM to 4.9 SPM or activate automatic Pump-Off Controller (POC) with intermittent timer (duty cycling) to permit annular fluid recovery. Inspect valves and rod guides.,Depleted fluid column (1279 ft above pump) indicates pump-off condition | Low pump submergence ratio (29.6%) | Sharp fluid-surface impact shock detected (slope_z=97.4) | Depressed minimum load (5100 lbf) flags plunger free-fall inside barrel
5acc0c80,WELL-005,Gas Interference,Gas Interference,0.835,0.1643,0.0,0.0006,0.835,27.6,Medium,train,Compressible free gas inside the pump barrel is delaying traveling valve opening on downstroke. Volumetric lifting capacity is degraded due to cyclic gas compression. Root factors: Operating parameters within nominal thresholds.,ADVISORY: Monitor casinghead gas backpressure. Optimize stroke length vs SPM to maximize compression ratio in barrel.,
8de30af5,WELL-008,Rod Floating,Rod Floating,0.9998,0.0002,0.9998,0.0,0.0,80.1,Critical,train,Severe downstroke rod deceleration diagnosed. Downstroke velocity lag caused by heavy crude drag (842 cP) and pumping speed (11.2 SPM) creates compressive rod stress and sharp impact on plunger re-engagement. Root factors: Elevated viscosity (842.2 cP) increases rod downstroke fluid drag; High pumping speed (11.2 SPM) exceeds rod free-fall velocity limit; Severe mechanical impact spike detected on downstroke (slope_z=73.2).,IMMEDIATE ACTION: Reduce VFD stroke speed from 11.2 SPM to 8.4 SPM to restore gravity downstroke tracking. Schedule CSS (Cyclic Steam Stimulation) / diluent injection to reduce crude viscosity. Inspect rod string for compressive buckling.,Elevated viscosity (842.2 cP) increases rod downstroke fluid drag | High pumping speed (11.2 SPM) exceeds rod free-fall velocity limit | Severe mechanical impact spike detected on downstroke (slope_z=73.2)
9e474da3,WELL-013,Normal,Normal,0.9788,0.9788,0.0202,0.0,0.0009,5.0,Low,train,Sucker-rod card exhibits uniform load profile and normal full-stroke work envelope. Operating within nominal mechanical baseline.,Maintain baseline pumping parameters. Continue regular SCADA monitoring and scheduled lubrication.,Operating within nominal mechanical baseline
8d8c56b2,WELL-009,Fluid Pound,Fluid Pound,1.0,0.0,0.0,1.0,0.0,84.1,Critical,train,"Incomplete pump barrel fillage diagnosed due to reservoir inflow deficit (1221 ft fluid level). Plunger free-falls through vapor pocket before abruptly impacting fluid surface on downstroke, transmitting shock waves to polished rod and gearbox. Root factors: Depleted fluid column (1221 ft above pump) indicates pump-off condition; Low pump submergence ratio (37.3%); Sharp fluid-surface impact shock detected (slope_z=61.5); Depressed minimum load (3707 lbf) flags plunger free-fall inside barrel.",IMMEDIATE ACTION: Throttle pump speed from 4.5 SPM to 3.2 SPM or activate automatic Pump-Off Controller (POC) with intermittent timer (duty cycling) to permit annular fluid recovery. Inspect valves and rod guides.,Depleted fluid column (1221 ft above pump) indicates pump-off condition | Low pump submergence ratio (37.3%) | Sharp fluid-surface impact shock detected (slope_z=61.5) | Depressed minimum load (3707 lbf) flags plunger free-fall inside barrel
a2af9f58,WELL-009,Normal,Normal,0.9914,0.9914,0.0008,0.0001,0.0076,4.0,Low,train,Sucker-rod card exhibits uniform load profile and normal full-stroke work envelope. Operating within nominal mechanical baseline.,Maintain baseline pumping parameters. Continue regular SCADA monitoring and scheduled lubrication.,Operating within nominal mechanical baseline
54b85f64,WELL-019,Normal,Normal,0.9559,0.9559,0.0401,0.0,0.004,3.8,Low,train,Sucker-rod card exhibits uniform load profile and normal full-stroke work envelope. Operating within nominal mechanical baseline.,Maintain baseline pumping parameters. Continue regular SCADA monitoring and scheduled lubrication.,Operating within nominal mechanical baseline
8dc8a32d,WELL-015,Rod Floating,Rod Floating,0.9999,0.0,0.9999,0.0,0.0,87.4,Critical,train,Severe downstroke rod deceleration diagnosed. Downstroke velocity lag caused by heavy crude drag (759 cP) and pumping speed (10.7 SPM) creates compressive rod stress and sharp impact on plunger re-engagement. Root factors: Elevated viscosity (759.0 cP) increases rod downstroke fluid drag; High pumping speed (10.7 SPM) exceeds rod free-fall velocity limit; Low wellbore temperature (119.0 °F) exacerbates fluid thickening; Severe mechanical impact spike detected on downstroke (slope_z=171.3).,IMMEDIATE ACTION: Reduce VFD stroke speed from 10.7 SPM to 8.0 SPM to restore gravity downstroke tracking. Schedule CSS (Cyclic Steam Stimulation) / diluent injection to reduce crude viscosity. Inspect rod string for compressive buckling.,Elevated viscosity (759.0 cP) increases rod downstroke fluid drag | High pumping speed (10.7 SPM) exceeds rod free-fall velocity limit | Low wellbore temperature (119.0 °F) exacerbates fluid thickening | Severe mechanical impact spike detected on downstroke (slope_z=171.3)
0ae44392,WELL-011,Fluid Pound,Fluid Pound,1.0,0.0,0.0,1.0,0.0,92.2,Critical,train,"Incomplete pump barrel fillage diagnosed due to reservoir inflow deficit (1249 ft fluid level). Plunger free-falls through vapor pocket before abruptly impacting fluid surface on downstroke, transmitting shock waves to polished rod and gearbox. Root factors: Depleted fluid column (1249 ft above pump) indicates pump-off condition; Low pump submergence ratio (28.7%); Sharp fluid-surface impact shock detected (slope_z=95.7); Depressed minimum load (4204 lbf) flags plunger free-fall inside barrel.",IMMEDIATE ACTION: Throttle pump speed from 4.5 SPM to 3.1 SPM or activate automatic Pump-Off Controller (POC) with intermittent timer (duty cycling) to permit annular fluid recovery. Inspect valves and rod guides.,Depleted fluid column (1249 ft above pump) indicates pump-off condition | Low pump submergence ratio (28.7%) | Sharp fluid-surface impact shock detected (slope_z=95.7) | Depressed minimum load (4204 lbf) flags plunger free-fall inside barrel
838d59ab,WELL-016,Fluid Pound,Fluid Pound,0.9999,0.0001,0.0,0.9999,0.0,71.0,High,val,"Incomplete pump barrel fillage diagnosed due to reservoir inflow deficit (2254 ft fluid level). Plunger free-falls through vapor pocket before abruptly impacting fluid surface on downstroke, transmitting shock waves to polished rod and gearbox. Root factors: Depleted fluid column (2254 ft above pump) indicates pump-off condition; Low pump submergence ratio (42.5%); Sharp fluid-surface impact shock detected (slope_z=54.2); Depressed minimum load (4678 lbf) flags plunger free-fall inside barrel.",IMMEDIATE ACTION: Throttle pump speed from 4.5 SPM to 3.2 SPM or activate automatic Pump-Off Controller (POC) with intermittent timer (duty cycling) to permit annular fluid recovery. Inspect valves and rod guides.,Depleted fluid column (2254 ft above pump) indicates pump-off condition | Low pump submergence ratio (42.5%) | Sharp fluid-surface impact shock detected (slope_z=54.2) | Depressed minimum load (4678 lbf) flags plunger free-fall inside barrel
e1146cfd,WELL-010,Normal,Normal,0.9625,0.9625,0.0324,0.0,0.005,5.6,Low,train,Sucker-rod card exhibits uniform load profile and normal full-stroke work envelope. Operating within nominal mechanical baseline.,Maintain baseline pumping parameters. Continue regular SCADA monitoring and scheduled lubrication.,Operating within nominal mechanical baseline
8d14a476,WELL-010,Normal,Normal,0.9829,0.9829,0.0091,0.0,0.008,6.6,Low,train,Sucker-rod card exhibits uniform load profile and normal full-stroke work envelope. Operating within nominal mechanical baseline.,Maintain baseline pumping parameters. Continue regular SCADA monitoring and scheduled lubrication.,Operating within nominal mechanical baseline
8e8d1579,WELL-016,Normal,Normal,0.9938,0.9938,0.0017,0.0001,0.0044,4.0,Low,val,Sucker-rod card exhibits uniform load profile and normal full-stroke work envelope. Operating within nominal mechanical baseline.,Maintain baseline pumping parameters. Continue regular SCADA monitoring and scheduled lubrication.,Operating within nominal mechanical baseline
4e76c54c,WELL-019,Rod Floating,Rod Floating,0.9999,0.0001,0.9999,0.0,0.0,62.9,High,train,Severe downstroke rod deceleration diagnosed. Downstroke velocity lag caused by heavy crude drag (727 cP) and pumping speed (6.8 SPM) creates compressive rod stress and sharp impact on plunger re-engagement. Root factors: Elevated viscosity (726.6 cP) increases rod downstroke fluid drag; Severe mechanical impact spike detected on downstroke (slope_z=62.3).,IMMEDIATE ACTION: Reduce VFD stroke speed from 6.8 SPM to 5.1 SPM to restore gravity downstroke tracking. Schedule CSS (Cyclic Steam Stimulation) / diluent injection to reduce crude viscosity. Inspect rod string for compressive buckling.,Elevated viscosity (726.6 cP) increases rod downstroke fluid drag | Severe mechanical impact spike detected on downstroke (slope_z=62.3)
cd5be2bc,WELL-002,Normal,Normal,0.9872,0.9872,0.0011,0.0,0.0117,5.3,Low,train,Sucker-rod card exhibits uniform load profile and normal full-stroke work envelope. Operating within nominal mechanical baseline.,Maintain baseline pumping parameters. Continue regular SCADA monitoring and scheduled lubrication.,Operating within nominal mechanical baseline
ffd30690,WELL-001,Normal,Normal,0.9774,0.9774,0.0171,0.0,0.0055,5.2,Low,train,Sucker-rod card exhibits uniform load profile and normal full-stroke work envelope. Operating within nominal mechanical baseline.,Maintain baseline pumping parameters. Continue regular SCADA monitoring and scheduled lubrication.,Operating within nominal mechanical baseline
de2c767f,WELL-013,Rod Floating,Rod Floating,0.9997,0.0003,0.9997,0.0,0.0,80.0,Critical,train,Severe downstroke rod deceleration diagnosed. Downstroke velocity lag caused by heavy crude drag (714 cP) and pumping speed (10.0 SPM) creates compressive rod stress and sharp impact on plunger re-engagement. Root factors: Elevated viscosity (713.7 cP) increases rod downstroke fluid drag; High pumping speed (10.0 SPM) exceeds rod free-fall velocity limit; Low wellbore temperature (110.3 °F) exacerbates fluid thickening; Severe mechanical impact spike detected on downstroke (slope_z=66.1).,IMMEDIATE ACTION: Reduce VFD stroke speed from 10.0 SPM to 7.5 SPM to restore gravity downstroke tracking. Schedule CSS (Cyclic Steam Stimulation) / diluent injection to reduce crude viscosity. Inspect rod string for compressive buckling.,Elevated viscosity (713.7 cP) increases rod downstroke fluid drag | High pumping speed (10.0 SPM) exceeds rod free-fall velocity limit | Low wellbore temperature (110.3 °F) exacerbates fluid thickening | Severe mechanical impact spike detected on downstroke (slope_z=66.1)
bfefacc4,WELL-008,Normal,Normal,0.9833,0.9833,0.0153,0.0,0.0014,5.3,Low,train,Sucker-rod card exhibits uniform load profile and normal full-stroke work envelope. Operating within nominal mechanical baseline.,Maintain baseline pumping parameters. Continue regular SCADA monitoring and scheduled lubrication.,Operating within nominal mechanical baseline
267924c6,WELL-004,Gas Interference,Gas Interference,0.6984,0.3006,0.0001,0.0009,0.6984,33.2,Medium,train,Compressible free gas inside the pump barrel is delaying traveling valve opening on downstroke. Volumetric lifting capacity is degraded due to cyclic gas compression. Root factors: Narrow load swing (2983 lbf) reflects cushioned valve response.,ADVISORY: Monitor casinghead gas backpressure. Optimize stroke length vs SPM to maximize compression ratio in barrel.,Narrow load swing (2983 lbf) reflects cushioned valve response
105e9392,WELL-002,Rod Floating,Rod Floating,0.9999,0.0001,0.9999,0.0,0.0,91.7,Critical,train,Severe downstroke rod deceleration diagnosed. Downstroke velocity lag caused by heavy crude drag (1034 cP) and pumping speed (9.2 SPM) creates compressive rod stress and sharp impact on plunger re-engagement. Root factors: Elevated viscosity (1033.9 cP) increases rod downstroke fluid drag; High pumping speed (9.2 SPM) exceeds rod free-fall velocity limit; Low wellbore temperature (114.8 °F) exacerbates fluid thickening; Severe mechanical impact spike detected on downstroke (slope_z=175.2).,IMMEDIATE ACTION: Reduce VFD stroke speed from 9.2 SPM to 6.9 SPM to restore gravity downstroke tracking. Schedule CSS (Cyclic Steam Stimulation) / diluent injection to reduce crude viscosity. Inspect rod string for compressive buckling.,Elevated viscosity (1033.9 cP) increases rod downstroke fluid drag | High pumping speed (9.2 SPM) exceeds rod free-fall velocity limit | Low wellbore temperature (114.8 °F) exacerbates fluid thickening | Severe mechanical impact spike detected on downstroke (slope_z=175.2)
3929fc68,WELL-011,Rod Floating,Rod Floating,0.9997,0.0003,0.9997,0.0,0.0,66.6,High,train,Severe downstroke rod deceleration diagnosed. Downstroke velocity lag caused by heavy crude drag (619 cP) and pumping speed (7.3 SPM) creates compressive rod stress and sharp impact on plunger re-engagement. Root factors: Elevated viscosity (618.6 cP) increases rod downstroke fluid drag; Low wellbore temperature (110.1 °F) exacerbates fluid thickening; Severe mechanical impact spike detected on downstroke (slope_z=67.1).,IMMEDIATE ACTION: Reduce VFD stroke speed from 7.3 SPM to 5.5 SPM to restore gravity downstroke tracking. Schedule CSS (Cyclic Steam Stimulation) / diluent injection to reduce crude viscosity. Inspect rod string for compressive buckling.,Elevated viscosity (618.6 cP) increases rod downstroke fluid drag | Low wellbore temperature (110.1 °F) exacerbates fluid thickening | Severe mechanical impact spike detected on downstroke (slope_z=67.1)
7dbbd0a6,WELL-018,Fluid Pound,Fluid Pound,1.0,0.0,0.0,1.0,0.0,89.8,Critical,train,"Incomplete pump barrel fillage diagnosed due to reservoir inflow deficit (1180 ft fluid level). Plunger free-falls through vapor pocket before abruptly impacting fluid surface on downstroke, transmitting shock waves to polished rod and gearbox. Root factors: Depleted fluid column (1180 ft above pump) indicates pump-off condition; Low pump submergence ratio (20.8%); Sharp fluid-surface impact shock detected (slope_z=130.1).",IMMEDIATE ACTION: Throttle pump speed from 7.2 SPM to 5.0 SPM or activate automatic Pump-Off Controller (POC) with intermittent timer (duty cycling) to permit annular fluid recovery. Inspect valves and rod guides.,Depleted fluid column (1180 ft above pump) indicates pump-off condition | Low pump submergence ratio (20.8%) | Sharp fluid-surface impact shock detected (slope_z=130.1)
30d17675,WELL-005,Rod Floating,Rod Floating,0.9999,0.0001,0.9999,0.0,0.0,79.5,High,train,Severe downstroke rod deceleration diagnosed. Downstroke velocity lag caused by heavy crude drag (547 cP) and pumping speed (9.7 SPM) creates compressive rod stress and sharp impact on plunger re-engagement. Root factors: High pumping speed (9.7 SPM) exceeds rod free-fall velocity limit; Low wellbore temperature (107.9 °F) exacerbates fluid thickening; Severe mechanical impact spike detected on downstroke (slope_z=114.5).,IMMEDIATE ACTION: Reduce VFD stroke speed from 9.7 SPM to 7.3 SPM to restore gravity downstroke tracking. Schedule CSS (Cyclic Steam Stimulation) / diluent injection to reduce crude viscosity. Inspect rod string for compressive buckling.,High pumping speed (9.7 SPM) exceeds rod free-fall velocity limit | Low wellbore temperature (107.9 °F) exacerbates fluid thickening | Severe mechanical impact spike detected on downstroke (slope_z=114.5)
4f883649,WELL-004,Rod Floating,Rod Floating,0.9998,0.0002,0.9998,0.0,0.0,68.8,High,train,Severe downstroke rod deceleration diagnosed. Downstroke velocity lag caused by heavy crude drag (618 cP) and pumping speed (7.6 SPM) creates compressive rod stress and sharp impact on plunger re-engagement. Root factors: Elevated viscosity (618.2 cP) increases rod downstroke fluid drag; High pumping speed (7.6 SPM) exceeds rod free-fall velocity limit; Low wellbore temperature (110.1 °F) exacerbates fluid thickening; Severe mechanical impact spike detected on downstroke (slope_z=75.5).,IMMEDIATE ACTION: Reduce VFD stroke speed from 7.6 SPM to 5.7 SPM to restore gravity downstroke tracking. Schedule CSS (Cyclic Steam Stimulation) / diluent injection to reduce crude viscosity. Inspect rod string for compressive buckling.,Elevated viscosity (618.2 cP) increases rod downstroke fluid drag | High pumping speed (7.6 SPM) exceeds rod free-fall velocity limit | Low wellbore temperature (110.1 °F) exacerbates fluid thickening | Severe mechanical impact spike detected on downstroke (slope_z=75.5)
2f74e0df,WELL-011,Normal,Normal,0.9845,0.9845,0.013,0.0,0.0024,3.9,Low,train,Sucker-rod card exhibits uniform load profile and normal full-stroke work envelope. Operating within nominal mechanical baseline.,Maintain baseline pumping parameters. Continue regular SCADA monitoring and scheduled lubrication.,Operating within nominal mechanical baseline
77a58580,WELL-002,Rod Floating,Rod Floating,0.9999,0.0001,0.9999,0.0,0.0,94.7,Critical,train,Severe downstroke rod deceleration diagnosed. Downstroke velocity lag caused by heavy crude drag (982 cP) and pumping speed (9.7 SPM) creates compressive rod stress and sharp impact on plunger re-engagement. Root factors: Elevated viscosity (982.0 cP) increases rod downstroke fluid drag; High pumping speed (9.7 SPM) exceeds rod free-fall velocity limit; Low wellbore temperature (107.7 °F) exacerbates fluid thickening; Severe mechanical impact spike detected on downstroke (slope_z=197.1).,IMMEDIATE ACTION: Reduce VFD stroke speed from 9.7 SPM to 7.3 SPM to restore gravity downstroke tracking. Schedule CSS (Cyclic Steam Stimulation) / diluent injection to reduce crude viscosity. Inspect rod string for compressive buckling.,Elevated viscosity (982.0 cP) increases rod downstroke fluid drag | High pumping speed (9.7 SPM) exceeds rod free-fall velocity limit | Low wellbore temperature (107.7 °F) exacerbates fluid thickening | Severe mechanical impact spike detected on downstroke (slope_z=197.1)
b5083fac,WELL-018,Normal,Normal,0.9873,0.9873,0.0028,0.0001,0.0099,6.0,Low,train,Sucker-rod card exhibits uniform load profile and normal full-stroke work envelope. Operating within nominal mechanical baseline.,Maintain baseline pumping parameters. Continue regular SCADA monitoring and scheduled lubrication.,Operating within nominal mechanical baseline
0567d0b6,WELL-010,Rod Floating,Rod Floating,0.9999,0.0001,0.9999,0.0,0.0,72.6,High,train,Severe downstroke rod deceleration diagnosed. Downstroke velocity lag caused by heavy crude drag (502 cP) and pumping speed (9.9 SPM) creates compressive rod stress and sharp impact on plunger re-engagement. Root factors: High pumping speed (9.9 SPM) exceeds rod free-fall velocity limit; Severe mechanical impact spike detected on downstroke (slope_z=112.4).,IMMEDIATE ACTION: Reduce VFD stroke speed from 9.9 SPM to 7.4 SPM to restore gravity downstroke tracking. Schedule CSS (Cyclic Steam Stimulation) / diluent injection to reduce crude viscosity. Inspect rod string for compressive buckling.,High pumping speed (9.9 SPM) exceeds rod free-fall velocity limit | Severe mechanical impact spike detected on downstroke (slope_z=112.4)
2098cc3d,WELL-014,Rod Floating,Rod Floating,0.9999,0.0,0.9999,0.0,0.0,87.4,Critical,train,Severe downstroke rod deceleration diagnosed. Downstroke velocity lag caused by heavy crude drag (753 cP) and pumping speed (10.6 SPM) creates compressive rod stress and sharp impact on plunger re-engagement. Root factors: Elevated viscosity (752.6 cP) increases rod downstroke fluid drag; High pumping speed (10.6 SPM) exceeds rod free-fall velocity limit; Low wellbore temperature (118.1 °F) exacerbates fluid thickening; Severe mechanical impact spike detected on downstroke (slope_z=194.7).,IMMEDIATE ACTION: Reduce VFD stroke speed from 10.6 SPM to 8.0 SPM to restore gravity downstroke tracking. Schedule CSS (Cyclic Steam Stimulation) / diluent injection to reduce crude viscosity. Inspect rod string for compressive buckling.,Elevated viscosity (752.6 cP) increases rod downstroke fluid drag | High pumping speed (10.6 SPM) exceeds rod free-fall velocity limit | Low wellbore temperature (118.1 °F) exacerbates fluid thickening | Severe mechanical impact spike detected on downstroke (slope_z=194.7)
227cfed7,WELL-007,Fluid Pound,Fluid Pound,0.9997,0.0,0.0002,0.9997,0.0,67.9,High,train,"Incomplete pump barrel fillage diagnosed due to reservoir inflow deficit (2745 ft fluid level). Plunger free-falls through vapor pocket before abruptly impacting fluid surface on downstroke, transmitting shock waves to polished rod and gearbox. Root factors: Sharp fluid-surface impact shock detected (slope_z=83.1); Depressed minimum load (5249 lbf) flags plunger free-fall inside barrel.",IMMEDIATE ACTION: Throttle pump speed from 5.8 SPM to 4.0 SPM or activate automatic Pump-Off Controller (POC) with intermittent timer (duty cycling) to permit annular fluid recovery. Inspect valves and rod guides.,Sharp fluid-surface impact shock detected (slope_z=83.1) | Depressed minimum load (5249 lbf) flags plunger free-fall inside barrel
727010fc,WELL-009,Gas Interference,Normal,0.8419,0.8419,0.0001,0.0009,0.1571,6.4,Low,train,Sucker-rod card exhibits uniform load profile and normal full-stroke work envelope. Operating within nominal mechanical baseline.,Maintain baseline pumping parameters. Continue regular SCADA monitoring and scheduled lubrication.,Operating within nominal mechanical baseline
e4f8352c,WELL-007,Fluid Pound,Fluid Pound,0.9997,0.0,0.0003,0.9997,0.0,68.1,High,train,"Incomplete pump barrel fillage diagnosed due to reservoir inflow deficit (2462 ft fluid level). Plunger free-falls through vapor pocket before abruptly impacting fluid surface on downstroke, transmitting shock waves to polished rod and gearbox. Root factors: Depleted fluid column (2462 ft above pump) indicates pump-off condition; Sharp fluid-surface impact shock detected (slope_z=64.2); Depressed minimum load (5172 lbf) flags plunger free-fall inside barrel.",IMMEDIATE ACTION: Throttle pump speed from 6.3 SPM to 4.4 SPM or activate automatic Pump-Off Controller (POC) with intermittent timer (duty cycling) to permit annular fluid recovery. Inspect valves and rod guides.,Depleted fluid column (2462 ft above pump) indicates pump-off condition | Sharp fluid-surface impact shock detected (slope_z=64.2) | Depressed minimum load (5172 lbf) flags plunger free-fall inside barrel
acc9c654,WELL-004,Normal,Normal,0.9402,0.9402,0.0567,0.0,0.0031,4.4,Low,train,Sucker-rod card exhibits uniform load profile and normal full-stroke work envelope. Operating within nominal mechanical baseline.,Maintain baseline pumping parameters. Continue regular SCADA monitoring and scheduled lubrication.,Operating within nominal mechanical baseline
b1593d3c,WELL-005,Rod Floating,Rod Floating,0.9999,0.0,0.9999,0.0,0.0,82.5,Critical,train,Severe downstroke rod deceleration diagnosed. Downstroke velocity lag caused by heavy crude drag (521 cP) and pumping speed (10.3 SPM) creates compressive rod stress and sharp impact on plunger re-engagement. Root factors: High pumping speed (10.3 SPM) exceeds rod free-fall velocity limit; Low wellbore temperature (98.5 °F) exacerbates fluid thickening; Severe mechanical impact spike detected on downstroke (slope_z=130.7).,IMMEDIATE ACTION: Reduce VFD stroke speed from 10.3 SPM to 7.7 SPM to restore gravity downstroke tracking. Schedule CSS (Cyclic Steam Stimulation) / diluent injection to reduce crude viscosity. Inspect rod string for compressive buckling.,High pumping speed (10.3 SPM) exceeds rod free-fall velocity limit | Low wellbore temperature (98.5 °F) exacerbates fluid thickening | Severe mechanical impact spike detected on downstroke (slope_z=130.7)
b1b4b60e,WELL-019,Fluid Pound,Fluid Pound,0.9994,0.0,0.0006,0.9994,0.0,82.6,Critical,train,"Incomplete pump barrel fillage diagnosed due to reservoir inflow deficit (2017 ft fluid level). Plunger free-falls through vapor pocket before abruptly impacting fluid surface on downstroke, transmitting shock waves to polished rod and gearbox. Root factors: Depleted fluid column (2017 ft above pump) indicates pump-off condition; Low pump submergence ratio (34.7%); Sharp fluid-surface impact shock detected (slope_z=129.9).",IMMEDIATE ACTION: Throttle pump speed from 5.3 SPM to 3.7 SPM or activate automatic Pump-Off Controller (POC) with intermittent timer (duty cycling) to permit annular fluid recovery. Inspect valves and rod guides.,Depleted fluid column (2017 ft above pump) indicates pump-off condition | Low pump submergence ratio (34.7%) | Sharp fluid-surface impact shock detected (slope_z=129.9)
69be2712,WELL-014,Gas Interference,Gas Interference,0.7113,0.2885,0.0,0.0002,0.7113,45.0,Medium,train,Compressible free gas inside the pump barrel is delaying traveling valve opening on downstroke. Volumetric lifting capacity is degraded due to cyclic gas compression. Root factors: Volumetric card area collapsed to 0.62 due to gas compression; Narrow load swing (3859 lbf) reflects cushioned valve response.,ADVISORY: Monitor casinghead gas backpressure. Optimize stroke length vs SPM to maximize compression ratio in barrel.,Volumetric card area collapsed to 0.62 due to gas compression | Narrow load swing (3859 lbf) reflects cushioned valve response
32788ccf,WELL-005,Gas Interference,Gas Interference,0.767,0.2323,0.0,0.0006,0.767,29.6,Medium,train,Compressible free gas inside the pump barrel is delaying traveling valve opening on downstroke. Volumetric lifting capacity is degraded due to cyclic gas compression. Root factors: Narrow load swing (4729 lbf) reflects cushioned valve response.,ADVISORY: Monitor casinghead gas backpressure. Optimize stroke length vs SPM to maximize compression ratio in barrel.,Narrow load swing (4729 lbf) reflects cushioned valve response
8369d992,WELL-008,Normal,Normal,0.9814,0.9814,0.017,0.0,0.0016,5.6,Low,train,Sucker-rod card exhibits uniform load profile and normal full-stroke work envelope. Operating within nominal mechanical baseline.,Maintain baseline pumping parameters. Continue regular SCADA monitoring and scheduled lubrication.,Operating within nominal mechanical baseline
e9daa5e9,WELL-002,Normal,Normal,0.9857,0.9857,0.004,0.0,0.0103,4.5,Low,train,Sucker-rod card exhibits uniform load profile and normal full-stroke work envelope. Operating within nominal mechanical baseline.,Maintain baseline pumping parameters. Continue regular SCADA monitoring and scheduled lubrication.,Operating within nominal mechanical baseline
077bc3c1,WELL-020,Normal,Normal,0.8976,0.8976,0.1008,0.0,0.0015,4.5,Low,val,Sucker-rod card exhibits uniform load profile and normal full-stroke work envelope. Operating within nominal mechanical baseline.,Maintain baseline pumping parameters. Continue regular SCADA monitoring and scheduled lubrication.,Operating within nominal mechanical baseline
1df2c508,WELL-002,Fluid Pound,Fluid Pound,0.9788,0.0001,0.0211,0.9788,0.0,70.5,High,train,"Incomplete pump barrel fillage diagnosed due to reservoir inflow deficit (2661 ft fluid level). Plunger free-falls through vapor pocket before abruptly impacting fluid surface on downstroke, transmitting shock waves to polished rod and gearbox. Root factors: Sharp fluid-surface impact shock detected (slope_z=106.6).",IMMEDIATE ACTION: Throttle pump speed from 5.6 SPM to 3.9 SPM or activate automatic Pump-Off Controller (POC) with intermittent timer (duty cycling) to permit annular fluid recovery. Inspect valves and rod guides.,Sharp fluid-surface impact shock detected (slope_z=106.6)
bb722efb,WELL-008,Rod Floating,Rod Floating,0.9997,0.0003,0.9997,0.0,0.0,79.5,High,train,Severe downstroke rod deceleration diagnosed. Downstroke velocity lag caused by heavy crude drag (742 cP) and pumping speed (10.6 SPM) creates compressive rod stress and sharp impact on plunger re-engagement. Root factors: Elevated viscosity (741.6 cP) increases rod downstroke fluid drag; High pumping speed (10.6 SPM) exceeds rod free-fall velocity limit; Severe mechanical impact spike detected on downstroke (slope_z=67.2).,IMMEDIATE ACTION: Reduce VFD stroke speed from 10.6 SPM to 7.9 SPM to restore gravity downstroke tracking. Schedule CSS (Cyclic Steam Stimulation) / diluent injection to reduce crude viscosity. Inspect rod string for compressive buckling.,Elevated viscosity (741.6 cP) increases rod downstroke fluid drag | High pumping speed (10.6 SPM) exceeds rod free-fall velocity limit | Severe mechanical impact spike detected on downstroke (slope_z=67.2)
0cbaaed8,WELL-013,Rod Floating,Rod Floating,0.9996,0.0004,0.9996,0.0,0.0,81.6,Critical,train,Severe downstroke rod deceleration diagnosed. Downstroke velocity lag caused by heavy crude drag (877 cP) and pumping speed (9.8 SPM) creates compressive rod stress and sharp impact on plunger re-engagement. Root factors: Elevated viscosity (877.0 cP) increases rod downstroke fluid drag; High pumping speed (9.8 SPM) exceeds rod free-fall velocity limit; Severe mechanical impact spike detected on downstroke (slope_z=62.7).,IMMEDIATE ACTION: Reduce VFD stroke speed from 9.8 SPM to 7.4 SPM to restore gravity downstroke tracking. Schedule CSS (Cyclic Steam Stimulation) / diluent injection to reduce crude viscosity. Inspect rod string for compressive buckling.,Elevated viscosity (877.0 cP) increases rod downstroke fluid drag | High pumping speed (9.8 SPM) exceeds rod free-fall velocity limit | Severe mechanical impact spike detected on downstroke (slope_z=62.7)
1254ec4e,WELL-005,Gas Interference,Gas Interference,0.8705,0.129,0.0,0.0005,0.8705,28.9,Medium,train,Compressible free gas inside the pump barrel is delaying traveling valve opening on downstroke. Volumetric lifting capacity is degraded due to cyclic gas compression. Root factors: Operating parameters within nominal thresholds.,ADVISORY: Monitor casinghead gas backpressure. Optimize stroke length vs SPM to maximize compression ratio in barrel.,
72ffe259,WELL-005,Normal,Normal,0.94,0.94,0.0575,0.0,0.0025,4.8,Low,train,Sucker-rod card exhibits uniform load profile and normal full-stroke work envelope. Operating within nominal mechanical baseline.,Maintain baseline pumping parameters. Continue regular SCADA monitoring and scheduled lubrication.,Operating within nominal mechanical baseline
0ba0eb48,WELL-012,Normal,Normal,0.9655,0.9655,0.0297,0.0,0.0048,5.2,Low,train,Sucker-rod card exhibits uniform load profile and normal full-stroke work envelope. Operating within nominal mechanical baseline.,Maintain baseline pumping parameters. Continue regular SCADA monitoring and scheduled lubrication.,Operating within nominal mechanical baseline
fe439694,WELL-016,Rod Floating,Rod Floating,0.9993,0.0007,0.9993,0.0,0.0,66.1,High,val,Severe downstroke rod deceleration diagnosed. Downstroke velocity lag caused by heavy crude drag (857 cP) and pumping speed (7.5 SPM) creates compressive rod stress and sharp impact on plunger re-engagement. Root factors: Elevated viscosity (856.7 cP) increases rod downstroke fluid drag; Severe mechanical impact spike detected on downstroke (slope_z=43.6).,IMMEDIATE ACTION: Reduce VFD stroke speed from 7.5 SPM to 5.6 SPM to restore gravity downstroke tracking. Schedule CSS (Cyclic Steam Stimulation) / diluent injection to reduce crude viscosity. Inspect rod string for compressive buckling.,Elevated viscosity (856.7 cP) increases rod downstroke fluid drag | Severe mechanical impact spike detected on downstroke (slope_z=43.6)
bcd89330,WELL-020,Fluid Pound,Fluid Pound,0.9996,0.0,0.0004,0.9996,0.0,94.1,Critical,val,"Incomplete pump barrel fillage diagnosed due to reservoir inflow deficit (929 ft fluid level). Plunger free-falls through vapor pocket before abruptly impacting fluid surface on downstroke, transmitting shock waves to polished rod and gearbox. Root factors: Depleted fluid column (929 ft above pump) indicates pump-off condition; Low pump submergence ratio (15.7%); Sharp fluid-surface impact shock detected (slope_z=106.1).",IMMEDIATE ACTION: Throttle pump speed from 5.0 SPM to 3.5 SPM or activate automatic Pump-Off Controller (POC) with intermittent timer (duty cycling) to permit annular fluid recovery. Inspect valves and rod guides.,Depleted fluid column (929 ft above pump) indicates pump-off condition | Low pump submergence ratio (15.7%) | Sharp fluid-surface impact shock detected (slope_z=106.1)
bb2cf55d,WELL-009,Fluid Pound,Fluid Pound,1.0,0.0,0.0,1.0,0.0,79.1,High,train,"Incomplete pump barrel fillage diagnosed due to reservoir inflow deficit (1434 ft fluid level). Plunger free-falls through vapor pocket before abruptly impacting fluid surface on downstroke, transmitting shock waves to polished rod and gearbox. Root factors: Depleted fluid column (1434 ft above pump) indicates pump-off condition; Low pump submergence ratio (43.8%); Sharp fluid-surface impact shock detected (slope_z=53.2); Depressed minimum load (3678 lbf) flags plunger free-fall inside barrel.",IMMEDIATE ACTION: Throttle pump speed from 4.5 SPM to 3.2 SPM or activate automatic Pump-Off Controller (POC) with intermittent timer (duty cycling) to permit annular fluid recovery. Inspect valves and rod guides.,Depleted fluid column (1434 ft above pump) indicates pump-off condition | Low pump submergence ratio (43.8%) | Sharp fluid-surface impact shock detected (slope_z=53.2) | Depressed minimum load (3678 lbf) flags plunger free-fall inside barrel
2f90efe8,WELL-003,Normal,Normal,0.9806,0.9806,0.0187,0.0,0.0007,3.9,Low,val,Sucker-rod card exhibits uniform load profile and normal full-stroke work envelope. Operating within nominal mechanical baseline.,Maintain baseline pumping parameters. Continue regular SCADA monitoring and scheduled lubrication.,Operating within nominal mechanical baseline
179f7039,WELL-004,Normal,Normal,0.9471,0.9471,0.0513,0.0,0.0016,3.9,Low,train,Sucker-rod card exhibits uniform load profile and normal full-stroke work envelope. Operating within nominal mechanical baseline.,Maintain baseline pumping parameters. Continue regular SCADA monitoring and scheduled lubrication.,Operating within nominal mechanical baseline
d6ddda1b,WELL-016,Normal,Normal,0.9949,0.9949,0.0016,0.0001,0.0034,4.0,Low,val,Sucker-rod card exhibits uniform load profile and normal full-stroke work envelope. Operating within nominal mechanical baseline.,Maintain baseline pumping parameters. Continue regular SCADA monitoring and scheduled lubrication.,Operating within nominal mechanical baseline
2898d52b,WELL-004,Normal,Normal,0.9322,0.9322,0.0661,0.0,0.0016,3.9,Low,train,Sucker-rod card exhibits uniform load profile and normal full-stroke work envelope. Operating within nominal mechanical baseline.,Maintain baseline pumping parameters. Continue regular SCADA monitoring and scheduled lubrication.,Operating within nominal mechanical baseline
60d6e02a,WELL-020,Normal,Normal,0.9152,0.9152,0.0828,0.0,0.0019,3.9,Low,val,Sucker-rod card exhibits uniform load profile and normal full-stroke work envelope. Operating within nominal mechanical baseline.,Maintain baseline pumping parameters. Continue regular SCADA monitoring and scheduled lubrication.,Operating within nominal mechanical baseline
ed7dd5a2,WELL-007,Normal,Normal,0.9835,0.9835,0.0151,0.0,0.0014,4.2,Low,train,Sucker-rod card exhibits uniform load profile and normal full-stroke work envelope. Operating within nominal mechanical baseline.,Maintain baseline pumping parameters. Continue regular SCADA monitoring and scheduled lubrication.,Operating within nominal mechanical baseline
b3959a7f,WELL-005,Normal,Normal,0.9714,0.9714,0.0232,0.0,0.0053,5.6,Low,train,Sucker-rod card exhibits uniform load profile and normal full-stroke work envelope. Operating within nominal mechanical baseline.,Maintain baseline pumping parameters. Continue regular SCADA monitoring and scheduled lubrication.,Operating within nominal mechanical baseline
edc2a3a0,WELL-012,Rod Floating,Rod Floating,0.9999,0.0,0.9999,0.0,0.0,90.7,Critical,train,Severe downstroke rod deceleration diagnosed. Downstroke velocity lag caused by heavy crude drag (783 cP) and pumping speed (10.1 SPM) creates compressive rod stress and sharp impact on plunger re-engagement. Root factors: Elevated viscosity (782.9 cP) increases rod downstroke fluid drag; High pumping speed (10.1 SPM) exceeds rod free-fall velocity limit; Low wellbore temperature (96.5 °F) exacerbates fluid thickening; Severe mechanical impact spike detected on downstroke (slope_z=131.2).,IMMEDIATE ACTION: Reduce VFD stroke speed from 10.1 SPM to 7.5 SPM to restore gravity downstroke tracking. Schedule CSS (Cyclic Steam Stimulation) / diluent injection to reduce crude viscosity. Inspect rod string for compressive buckling.,Elevated viscosity (782.9 cP) increases rod downstroke fluid drag | High pumping speed (10.1 SPM) exceeds rod free-fall velocity limit | Low wellbore temperature (96.5 °F) exacerbates fluid thickening | Severe mechanical impact spike detected on downstroke (slope_z=131.2)
004ef195,WELL-017,Rod Floating,Rod Floating,0.9989,0.0011,0.9989,0.0,0.0,71.9,High,val,Severe downstroke rod deceleration diagnosed. Downstroke velocity lag caused by heavy crude drag (701 cP) and pumping speed (8.3 SPM) creates compressive rod stress and sharp impact on plunger re-engagement. Root factors: Elevated viscosity (700.7 cP) increases rod downstroke fluid drag; High pumping speed (8.3 SPM) exceeds rod free-fall velocity limit; Low wellbore temperature (97.1 °F) exacerbates fluid thickening; Severe mechanical impact spike detected on downstroke (slope_z=42.1).,IMMEDIATE ACTION: Reduce VFD stroke speed from 8.3 SPM to 6.2 SPM to restore gravity downstroke tracking. Schedule CSS (Cyclic Steam Stimulation) / diluent injection to reduce crude viscosity. Inspect rod string for compressive buckling.,Elevated viscosity (700.7 cP) increases rod downstroke fluid drag | High pumping speed (8.3 SPM) exceeds rod free-fall velocity limit | Low wellbore temperature (97.1 °F) exacerbates fluid thickening | Severe mechanical impact spike detected on downstroke (slope_z=42.1)
63125cb2,WELL-009,Fluid Pound,Fluid Pound,1.0,0.0,0.0,1.0,0.0,84.0,Critical,train,"Incomplete pump barrel fillage diagnosed due to reservoir inflow deficit (1087 ft fluid level). Plunger free-falls through vapor pocket before abruptly impacting fluid surface on downstroke, transmitting shock waves to polished rod and gearbox. Root factors: Depleted fluid column (1087 ft above pump) indicates pump-off condition; Low pump submergence ratio (33.2%); Sharp fluid-surface impact shock detected (slope_z=50.3); Depressed minimum load (3725 lbf) flags plunger free-fall inside barrel.",IMMEDIATE ACTION: Throttle pump speed from 5.0 SPM to 3.5 SPM or activate automatic Pump-Off Controller (POC) with intermittent timer (duty cycling) to permit annular fluid recovery. Inspect valves and rod guides.,Depleted fluid column (1087 ft above pump) indicates pump-off condition | Low pump submergence ratio (33.2%) | Sharp fluid-surface impact shock detected (slope_z=50.3) | Depressed minimum load (3725 lbf) flags plunger free-fall inside barrel
9473c1fb,WELL-011,Fluid Pound,Fluid Pound,0.9997,0.0,0.0003,0.9997,0.0,93.9,Critical,train,"Incomplete pump barrel fillage diagnosed due to reservoir inflow deficit (1087 ft fluid level). Plunger free-falls through vapor pocket before abruptly impacting fluid surface on downstroke, transmitting shock waves to polished rod and gearbox. Root factors: Depleted fluid column (1087 ft above pump) indicates pump-off condition; Low pump submergence ratio (25.0%); Sharp fluid-surface impact shock detected (slope_z=93.3); Depressed minimum load (4224 lbf) flags plunger free-fall inside barrel.",IMMEDIATE ACTION: Throttle pump speed from 4.6 SPM to 3.2 SPM or activate automatic Pump-Off Controller (POC) with intermittent timer (duty cycling) to permit annular fluid recovery. Inspect valves and rod guides.,Depleted fluid column (1087 ft above pump) indicates pump-off condition | Low pump submergence ratio (25.0%) | Sharp fluid-surface impact shock detected (slope_z=93.3) | Depressed minimum load (4224 lbf) flags plunger free-fall inside barrel
ee5f7423,WELL-015,Gas Interference,Gas Interference,0.8432,0.1561,0.0,0.0007,0.8432,41.8,Medium,train,Compressible free gas inside the pump barrel is delaying traveling valve opening on downstroke. Volumetric lifting capacity is degraded due to cyclic gas compression. Root factors: Narrow load swing (2743 lbf) reflects cushioned valve response.,ADVISORY: Monitor casinghead gas backpressure. Optimize stroke length vs SPM to maximize compression ratio in barrel.,Narrow load swing (2743 lbf) reflects cushioned valve response
f79564f1,WELL-016,Fluid Pound,Fluid Pound,0.9957,0.0002,0.0,0.9957,0.0041,58.6,High,val,"Incomplete pump barrel fillage diagnosed due to reservoir inflow deficit (3115 ft fluid level). Plunger free-falls through vapor pocket before abruptly impacting fluid surface on downstroke, transmitting shock waves to polished rod and gearbox. Root factors: Sharp fluid-surface impact shock detected (slope_z=48.6); Depressed minimum load (4628 lbf) flags plunger free-fall inside barrel.",IMMEDIATE ACTION: Throttle pump speed from 5.5 SPM to 3.8 SPM or activate automatic Pump-Off Controller (POC) with intermittent timer (duty cycling) to permit annular fluid recovery. Inspect valves and rod guides.,Sharp fluid-surface impact shock detected (slope_z=48.6) | Depressed minimum load (4628 lbf) flags plunger free-fall inside barrel
92cbd92e,WELL-016,Rod Floating,Rod Floating,0.9992,0.0008,0.9992,0.0,0.0,63.1,High,val,Severe downstroke rod deceleration diagnosed. Downstroke velocity lag caused by heavy crude drag (721 cP) and pumping speed (7.7 SPM) creates compressive rod stress and sharp impact on plunger re-engagement. Root factors: Elevated viscosity (720.9 cP) increases rod downstroke fluid drag; High pumping speed (7.7 SPM) exceeds rod free-fall velocity limit; Severe mechanical impact spike detected on downstroke (slope_z=46.0).,IMMEDIATE ACTION: Reduce VFD stroke speed from 7.7 SPM to 5.8 SPM to restore gravity downstroke tracking. Schedule CSS (Cyclic Steam Stimulation) / diluent injection to reduce crude viscosity. Inspect rod string for compressive buckling.,Elevated viscosity (720.9 cP) increases rod downstroke fluid drag | High pumping speed (7.7 SPM) exceeds rod free-fall velocity limit | Severe mechanical impact spike detected on downstroke (slope_z=46.0)
8a23e20e,WELL-016,Normal,Normal,0.9936,0.9936,0.0015,0.0001,0.0048,4.0,Low,val,Sucker-rod card exhibits uniform load profile and normal full-stroke work envelope. Operating within nominal mechanical baseline.,Maintain baseline pumping parameters. Continue regular SCADA monitoring and scheduled lubrication.,Operating within nominal mechanical baseline
75ca0460,WELL-017,Fluid Pound,Fluid Pound,0.9924,0.0005,0.0,0.9924,0.0071,55.9,High,val,"Incomplete pump barrel fillage diagnosed due to reservoir inflow deficit (3287 ft fluid level). Plunger free-falls through vapor pocket before abruptly impacting fluid surface on downstroke, transmitting shock waves to polished rod and gearbox. Root factors: Sharp fluid-surface impact shock detected (slope_z=52.7).",IMMEDIATE ACTION: Throttle pump speed from 5.4 SPM to 3.8 SPM or activate automatic Pump-Off Controller (POC) with intermittent timer (duty cycling) to permit annular fluid recovery. Inspect valves and rod guides.,Sharp fluid-surface impact shock detected (slope_z=52.7)
74b48774,WELL-005,Fluid Pound,Fluid Pound,1.0,0.0,0.0,1.0,0.0,91.4,Critical,train,"Incomplete pump barrel fillage diagnosed due to reservoir inflow deficit (699 ft fluid level). Plunger free-falls through vapor pocket before abruptly impacting fluid surface on downstroke, transmitting shock waves to polished rod and gearbox. Root factors: Depleted fluid column (699 ft above pump) indicates pump-off condition; Low pump submergence ratio (17.8%); Sharp fluid-surface impact shock detected (slope_z=73.4); Depressed minimum load (4629 lbf) flags plunger free-fall inside barrel.",IMMEDIATE ACTION: Throttle pump speed from 6.9 SPM to 4.9 SPM or activate automatic Pump-Off Controller (POC) with intermittent timer (duty cycling) to permit annular fluid recovery. Inspect valves and rod guides.,Depleted fluid column (699 ft above pump) indicates pump-off condition | Low pump submergence ratio (17.8%) | Sharp fluid-surface impact shock detected (slope_z=73.4) | Depressed minimum load (4629 lbf) flags plunger free-fall inside barrel
5edd2389,WELL-020,Fluid Pound,Fluid Pound,1.0,0.0,0.0,1.0,0.0,87.6,Critical,val,"Incomplete pump barrel fillage diagnosed due to reservoir inflow deficit (1209 ft fluid level). Plunger free-falls through vapor pocket before abruptly impacting fluid surface on downstroke, transmitting shock waves to polished rod and gearbox. Root factors: Depleted fluid column (1209 ft above pump) indicates pump-off condition; Low pump submergence ratio (20.4%); Sharp fluid-surface impact shock detected (slope_z=87.5).",IMMEDIATE ACTION: Throttle pump speed from 4.4 SPM to 3.1 SPM or activate automatic Pump-Off Controller (POC) with intermittent timer (duty cycling) to permit annular fluid recovery. Inspect valves and rod guides.,Depleted fluid column (1209 ft above pump) indicates pump-off condition | Low pump submergence ratio (20.4%) | Sharp fluid-surface impact shock detected (slope_z=87.5)
10f1b510,WELL-019,Normal,Normal,0.9049,0.9049,0.0936,0.0,0.0014,3.8,Low,train,Sucker-rod card exhibits uniform load profile and normal full-stroke work envelope. Operating within nominal mechanical baseline.,Maintain baseline pumping parameters. Continue regular SCADA monitoring and scheduled lubrication.,Operating within nominal mechanical baseline
ea4f056d,WELL-014,Rod Floating,Rod Floating,0.9999,0.0001,0.9999,0.0,0.0,87.1,Critical,train,Severe downstroke rod deceleration diagnosed. Downstroke velocity lag caused by heavy crude drag (773 cP) and pumping speed (10.9 SPM) creates compressive rod stress and sharp impact on plunger re-engagement. Root factors: Elevated viscosity (772.9 cP) increases rod downstroke fluid drag; High pumping speed (10.9 SPM) exceeds rod free-fall velocity limit; Severe mechanical impact spike detected on downstroke (slope_z=201.4).,IMMEDIATE ACTION: Reduce VFD stroke speed from 10.9 SPM to 8.2 SPM to restore gravity downstroke tracking. Schedule CSS (Cyclic Steam Stimulation) / diluent injection to reduce crude viscosity. Inspect rod string for compressive buckling.,Elevated viscosity (772.9 cP) increases rod downstroke fluid drag | High pumping speed (10.9 SPM) exceeds rod free-fall velocity limit | Severe mechanical impact spike detected on downstroke (slope_z=201.4)
19827742,WELL-001,Gas Interference,Normal,0.608,0.608,0.0003,0.0003,0.3915,18.6,Low,train,Sucker-rod card exhibits uniform load profile and normal full-stroke work envelope. Operating parameters within nominal thresholds.,Maintain baseline pumping parameters. Continue regular SCADA monitoring and scheduled lubrication.,
5729bf74,WELL-002,Normal,Normal,0.9856,0.9856,0.001,0.0,0.0135,5.4,Low,train,Sucker-rod card exhibits uniform load profile and normal full-stroke work envelope. Operating within nominal mechanical baseline.,Maintain baseline pumping parameters. Continue regular SCADA monitoring and scheduled lubrication.,Operating within nominal mechanical baseline
2b7d2a11,WELL-004,Fluid Pound,Fluid Pound,1.0,0.0,0.0,1.0,0.0,85.0,Critical,train,"Incomplete pump barrel fillage diagnosed due to reservoir inflow deficit (1841 ft fluid level). Plunger free-falls through vapor pocket before abruptly impacting fluid surface on downstroke, transmitting shock waves to polished rod and gearbox. Root factors: Depleted fluid column (1841 ft above pump) indicates pump-off condition; Low pump submergence ratio (44.8%); Sharp fluid-surface impact shock detected (slope_z=148.6); Depressed minimum load (4307 lbf) flags plunger free-fall inside barrel.",IMMEDIATE ACTION: Throttle pump speed from 5.7 SPM to 4.0 SPM or activate automatic Pump-Off Controller (POC) with intermittent timer (duty cycling) to permit annular fluid recovery. Inspect valves and rod guides.,Depleted fluid column (1841 ft above pump) indicates pump-off condition | Low pump submergence ratio (44.8%) | Sharp fluid-surface impact shock detected (slope_z=148.6) | Depressed minimum load (4307 lbf) flags plunger free-fall inside barrel
df5fe7b7,WELL-017,Rod Floating,Rod Floating,0.9842,0.0158,0.9842,0.0,0.0,64.6,High,val,Severe downstroke rod deceleration diagnosed. Downstroke velocity lag caused by heavy crude drag (729 cP) and pumping speed (7.0 SPM) creates compressive rod stress and sharp impact on plunger re-engagement. Root factors: Elevated viscosity (728.7 cP) increases rod downstroke fluid drag; Low wellbore temperature (90.4 °F) exacerbates fluid thickening.,IMMEDIATE ACTION: Reduce VFD stroke speed from 7.0 SPM to 5.2 SPM to restore gravity downstroke tracking. Schedule CSS (Cyclic Steam Stimulation) / diluent injection to reduce crude viscosity. Inspect rod string for compressive buckling.,Elevated viscosity (728.7 cP) increases rod downstroke fluid drag | Low wellbore temperature (90.4 °F) exacerbates fluid thickening
d3583035,WELL-004,Normal,Normal,0.9309,0.9309,0.0666,0.0,0.0025,4.5,Low,train,Sucker-rod card exhibits uniform load profile and normal full-stroke work envelope. Operating within nominal mechanical baseline.,Maintain baseline pumping parameters. Continue regular SCADA monitoring and scheduled lubrication.,Operating within nominal mechanical baseline
da3dc981,WELL-016,Rod Floating,Rod Floating,0.945,0.055,0.945,0.0,0.0,55.8,High,val,Severe downstroke rod deceleration diagnosed. Downstroke velocity lag caused by heavy crude drag (844 cP) and pumping speed (5.8 SPM) creates compressive rod stress and sharp impact on plunger re-engagement. Root factors: Elevated viscosity (843.9 cP) increases rod downstroke fluid drag.,IMMEDIATE ACTION: Reduce VFD stroke speed from 5.8 SPM to 4.3 SPM to restore gravity downstroke tracking. Schedule CSS (Cyclic Steam Stimulation) / diluent injection to reduce crude viscosity. Inspect rod string for compressive buckling.,Elevated viscosity (843.9 cP) increases rod downstroke fluid drag
fd3dddb7,WELL-001,Fluid Pound,Fluid Pound,0.9999,0.0,0.0,0.9999,0.0,85.1,Critical,train,"Incomplete pump barrel fillage diagnosed due to reservoir inflow deficit (1655 ft fluid level). Plunger free-falls through vapor pocket before abruptly impacting fluid surface on downstroke, transmitting shock waves to polished rod and gearbox. Root factors: Depleted fluid column (1655 ft above pump) indicates pump-off condition; Low pump submergence ratio (38.3%); Sharp fluid-surface impact shock detected (slope_z=99.6); Depressed minimum load (5068 lbf) flags plunger free-fall inside barrel.",IMMEDIATE ACTION: Throttle pump speed from 6.4 SPM to 4.5 SPM or activate automatic Pump-Off Controller (POC) with intermittent timer (duty cycling) to permit annular fluid recovery. Inspect valves and rod guides.,Depleted fluid column (1655 ft above pump) indicates pump-off condition | Low pump submergence ratio (38.3%) | Sharp fluid-surface impact shock detected (slope_z=99.6) | Depressed minimum load (5068 lbf) flags plunger free-fall inside barrel
ce815f4c,WELL-020,Rod Floating,Rod Floating,0.9998,0.0002,0.9998,0.0,0.0,76.1,High,val,Severe downstroke rod deceleration diagnosed. Downstroke velocity lag caused by heavy crude drag (817 cP) and pumping speed (7.2 SPM) creates compressive rod stress and sharp impact on plunger re-engagement. Root factors: Elevated viscosity (817.3 cP) increases rod downstroke fluid drag; Low wellbore temperature (102.8 °F) exacerbates fluid thickening; Severe mechanical impact spike detected on downstroke (slope_z=78.4).,IMMEDIATE ACTION: Reduce VFD stroke speed from 7.2 SPM to 5.4 SPM to restore gravity downstroke tracking. Schedule CSS (Cyclic Steam Stimulation) / diluent injection to reduce crude viscosity. Inspect rod string for compressive buckling.,Elevated viscosity (817.3 cP) increases rod downstroke fluid drag | Low wellbore temperature (102.8 °F) exacerbates fluid thickening | Severe mechanical impact spike detected on downstroke (slope_z=78.4)
4a20c0c5,WELL-012,Normal,Normal,0.971,0.971,0.0237,0.0,0.0053,5.6,Low,train,Sucker-rod card exhibits uniform load profile and normal full-stroke work envelope. Operating within nominal mechanical baseline.,Maintain baseline pumping parameters. Continue regular SCADA monitoring and scheduled lubrication.,Operating within nominal mechanical baseline
d7de2543,WELL-011,Rod Floating,Rod Floating,0.9999,0.0001,0.9999,0.0,0.0,74.6,High,train,Severe downstroke rod deceleration diagnosed. Downstroke velocity lag caused by heavy crude drag (618 cP) and pumping speed (8.4 SPM) creates compressive rod stress and sharp impact on plunger re-engagement. Root factors: Elevated viscosity (617.6 cP) increases rod downstroke fluid drag; High pumping speed (8.4 SPM) exceeds rod free-fall velocity limit; Low wellbore temperature (111.6 °F) exacerbates fluid thickening; Severe mechanical impact spike detected on downstroke (slope_z=95.6).,IMMEDIATE ACTION: Reduce VFD stroke speed from 8.4 SPM to 6.3 SPM to restore gravity downstroke tracking. Schedule CSS (Cyclic Steam Stimulation) / diluent injection to reduce crude viscosity. Inspect rod string for compressive buckling.,Elevated viscosity (617.6 cP) increases rod downstroke fluid drag | High pumping speed (8.4 SPM) exceeds rod free-fall velocity limit | Low wellbore temperature (111.6 °F) exacerbates fluid thickening | Severe mechanical impact spike detected on downstroke (slope_z=95.6)
64d5321a,WELL-014,Normal,Normal,0.9851,0.9851,0.0012,0.0,0.0137,6.1,Low,train,Sucker-rod card exhibits uniform load profile and normal full-stroke work envelope. Operating within nominal mechanical baseline.,Maintain baseline pumping parameters. Continue regular SCADA monitoring and scheduled lubrication.,Operating within nominal mechanical baseline
4285d950,WELL-019,Gas Interference,Normal,0.5763,0.5763,0.0003,0.0007,0.4227,24.6,Low,train,Sucker-rod card exhibits uniform load profile and normal full-stroke work envelope. Operating parameters within nominal thresholds.,Maintain baseline pumping parameters. Continue regular SCADA monitoring and scheduled lubrication.,
d5d24938,WELL-013,Normal,Normal,0.993,0.993,0.0053,0.0,0.0017,4.6,Low,train,Sucker-rod card exhibits uniform load profile and normal full-stroke work envelope. Operating within nominal mechanical baseline.,Maintain baseline pumping parameters. Continue regular SCADA monitoring and scheduled lubrication.,Operating within nominal mechanical baseline
02408bd1,WELL-005,Normal,Normal,0.959,0.959,0.0367,0.0,0.0043,5.2,Low,train,Sucker-rod card exhibits uniform load profile and normal full-stroke work envelope. Operating within nominal mechanical baseline.,Maintain baseline pumping parameters. Continue regular SCADA monitoring and scheduled lubrication.,Operating within nominal mechanical baseline
b1f8d7c2,WELL-020,Normal,Normal,0.9552,0.9552,0.0427,0.0,0.0021,3.8,Low,val,Sucker-rod card exhibits uniform load profile and normal full-stroke work envelope. Operating within nominal mechanical baseline.,Maintain baseline pumping parameters. Continue regular SCADA monitoring and scheduled lubrication.,Operating within nominal mechanical baseline
2abab996,WELL-011,Fluid Pound,Fluid Pound,0.9999,0.0,0.0001,0.9999,0.0,94.7,Critical,train,"Incomplete pump barrel fillage diagnosed due to reservoir inflow deficit (1109 ft fluid level). Plunger free-falls through vapor pocket before abruptly impacting fluid surface on downstroke, transmitting shock waves to polished rod and gearbox. Root factors: Depleted fluid column (1109 ft above pump) indicates pump-off condition; Low pump submergence ratio (25.5%); Sharp fluid-surface impact shock detected (slope_z=98.6); Depressed minimum load (4230 lbf) flags plunger free-fall inside barrel.",IMMEDIATE ACTION: Throttle pump speed from 5.0 SPM to 3.5 SPM or activate automatic Pump-Off Controller (POC) with intermittent timer (duty cycling) to permit annular fluid recovery. Inspect valves and rod guides.,Depleted fluid column (1109 ft above pump) indicates pump-off condition | Low pump submergence ratio (25.5%) | Sharp fluid-surface impact shock detected (slope_z=98.6) | Depressed minimum load (4230 lbf) flags plunger free-fall inside barrel
6b902e49,WELL-013,Fluid Pound,Fluid Pound,0.9999,0.0,0.0,0.9999,0.0001,84.6,Critical,train,"Incomplete pump barrel fillage diagnosed due to reservoir inflow deficit (1156 ft fluid level). Plunger free-falls through vapor pocket before abruptly impacting fluid surface on downstroke, transmitting shock waves to polished rod and gearbox. Root factors: Depleted fluid column (1156 ft above pump) indicates pump-off condition; Low pump submergence ratio (33.7%); Sharp fluid-surface impact shock detected (slope_z=56.8); Depressed minimum load (3062 lbf) flags plunger free-fall inside barrel.",IMMEDIATE ACTION: Throttle pump speed from 6.4 SPM to 4.5 SPM or activate automatic Pump-Off Controller (POC) with intermittent timer (duty cycling) to permit annular fluid recovery. Inspect valves and rod guides.,Depleted fluid column (1156 ft above pump) indicates pump-off condition | Low pump submergence ratio (33.7%) | Sharp fluid-surface impact shock detected (slope_z=56.8) | Depressed minimum load (3062 lbf) flags plunger free-fall inside barrel
eaf9f57c,WELL-017,Fluid Pound,Fluid Pound,0.9932,0.0034,0.0031,0.9932,0.0003,55.0,High,val,"Incomplete pump barrel fillage diagnosed due to reservoir inflow deficit (3423 ft fluid level). Plunger free-falls through vapor pocket before abruptly impacting fluid surface on downstroke, transmitting shock waves to polished rod and gearbox. Root factors: Sharp fluid-surface impact shock detected (slope_z=57.5).",IMMEDIATE ACTION: Throttle pump speed from 4.7 SPM to 3.3 SPM or activate automatic Pump-Off Controller (POC) with intermittent timer (duty cycling) to permit annular fluid recovery. Inspect valves and rod guides.,Sharp fluid-surface impact shock detected (slope_z=57.5)
20e7163a,WELL-008,Normal,Normal,0.9727,0.9727,0.0256,0.0,0.0016,5.9,Low,train,Sucker-rod card exhibits uniform load profile and normal full-stroke work envelope. Operating within nominal mechanical baseline.,Maintain baseline pumping parameters. Continue regular SCADA monitoring and scheduled lubrication.,Operating within nominal mechanical baseline
c406ec2c,WELL-020,Normal,Normal,0.9516,0.9516,0.0473,0.0,0.0011,3.8,Low,val,Sucker-rod card exhibits uniform load profile and normal full-stroke work envelope. Operating within nominal mechanical baseline.,Maintain baseline pumping parameters. Continue regular SCADA monitoring and scheduled lubrication.,Operating within nominal mechanical baseline
18d5a428,WELL-020,Gas Interference,Gas Interference,0.6562,0.3429,0.0001,0.0008,0.6562,27.4,Medium,val,Compressible free gas inside the pump barrel is delaying traveling valve opening on downstroke. Volumetric lifting capacity is degraded due to cyclic gas compression. Root factors: Narrow load swing (4818 lbf) reflects cushioned valve response.,ADVISORY: Monitor casinghead gas backpressure. Optimize stroke length vs SPM to maximize compression ratio in barrel.,Narrow load swing (4818 lbf) reflects cushioned valve response
ae752d02,WELL-006,Fluid Pound,Fluid Pound,1.0,0.0,0.0,1.0,0.0,83.5,Critical,train,"Incomplete pump barrel fillage diagnosed due to reservoir inflow deficit (1642 ft fluid level). Plunger free-falls through vapor pocket before abruptly impacting fluid surface on downstroke, transmitting shock waves to polished rod and gearbox. Root factors: Depleted fluid column (1642 ft above pump) indicates pump-off condition; Low pump submergence ratio (32.1%); Sharp fluid-surface impact shock detected (slope_z=94.7).",IMMEDIATE ACTION: Throttle pump speed from 4.7 SPM to 3.3 SPM or activate automatic Pump-Off Controller (POC) with intermittent timer (duty cycling) to permit annular fluid recovery. Inspect valves and rod guides.,Depleted fluid column (1642 ft above pump) indicates pump-off condition | Low pump submergence ratio (32.1%) | Sharp fluid-surface impact shock detected (slope_z=94.7)
49a6edde,WELL-003,Fluid Pound,Fluid Pound,0.9999,0.0,0.0001,0.9999,0.0,70.8,High,val,"Incomplete pump barrel fillage diagnosed due to reservoir inflow deficit (2579 ft fluid level). Plunger free-falls through vapor pocket before abruptly impacting fluid surface on downstroke, transmitting shock waves to polished rod and gearbox. Root factors: Low pump submergence ratio (43.6%); Sharp fluid-surface impact shock detected (slope_z=98.5).",IMMEDIATE ACTION: Throttle pump speed from 4.2 SPM to 2.9 SPM or activate automatic Pump-Off Controller (POC) with intermittent timer (duty cycling) to permit annular fluid recovery. Inspect valves and rod guides.,Low pump submergence ratio (43.6%) | Sharp fluid-surface impact shock detected (slope_z=98.5)
01328f4a,WELL-005,Gas Interference,Gas Interference,0.7137,0.2856,0.0001,0.0007,0.7137,22.1,Low,train,Compressible free gas inside the pump barrel is delaying traveling valve opening on downstroke. Volumetric lifting capacity is degraded due to cyclic gas compression. Root factors: Operating parameters within nominal thresholds.,ADVISORY: Monitor casinghead gas backpressure. Optimize stroke length vs SPM to maximize compression ratio in barrel.,
20372c74,WELL-004,Fluid Pound,Fluid Pound,1.0,0.0,0.0,1.0,0.0,78.4,High,train,"Incomplete pump barrel fillage diagnosed due to reservoir inflow deficit (2310 ft fluid level). Plunger free-falls through vapor pocket before abruptly impacting fluid surface on downstroke, transmitting shock waves to polished rod and gearbox. Root factors: Depleted fluid column (2310 ft above pump) indicates pump-off condition; Sharp fluid-surface impact shock detected (slope_z=126.3); Depressed minimum load (4287 lbf) flags plunger free-fall inside barrel.",IMMEDIATE ACTION: Throttle pump speed from 5.7 SPM to 4.0 SPM or activate automatic Pump-Off Controller (POC) with intermittent timer (duty cycling) to permit annular fluid recovery. Inspect valves and rod guides.,Depleted fluid column (2310 ft above pump) indicates pump-off condition | Sharp fluid-surface impact shock detected (slope_z=126.3) | Depressed minimum load (4287 lbf) flags plunger free-fall inside barrel
d163a838,WELL-013,Normal,Normal,0.991,0.991,0.0065,0.0,0.0025,5.2,Low,train,Sucker-rod card exhibits uniform load profile and normal full-stroke work envelope. Operating within nominal mechanical baseline.,Maintain baseline pumping parameters. Continue regular SCADA monitoring and scheduled lubrication.,Operating within nominal mechanical baseline
34b6409c,WELL-016,Fluid Pound,Fluid Pound,1.0,0.0,0.0,1.0,0.0,72.3,High,val,"Incomplete pump barrel fillage diagnosed due to reservoir inflow deficit (2171 ft fluid level). Plunger free-falls through vapor pocket before abruptly impacting fluid surface on downstroke, transmitting shock waves to polished rod and gearbox. Root factors: Depleted fluid column (2171 ft above pump) indicates pump-off condition; Low pump submergence ratio (40.9%); Sharp fluid-surface impact shock detected (slope_z=56.1); Depressed minimum load (4706 lbf) flags plunger free-fall inside barrel.",IMMEDIATE ACTION: Throttle pump speed from 4.2 SPM to 2.9 SPM or activate automatic Pump-Off Controller (POC) with intermittent timer (duty cycling) to permit annular fluid recovery. Inspect valves and rod guides.,Depleted fluid column (2171 ft above pump) indicates pump-off condition | Low pump submergence ratio (40.9%) | Sharp fluid-surface impact shock detected (slope_z=56.1) | Depressed minimum load (4706 lbf) flags plunger free-fall inside barrel
3b49dad2,WELL-001,Rod Floating,Rod Floating,0.9999,0.0,0.9999,0.0,0.0,76.6,High,train,Severe downstroke rod deceleration diagnosed. Downstroke velocity lag caused by heavy crude drag (598 cP) and pumping speed (11.2 SPM) creates compressive rod stress and sharp impact on plunger re-engagement. Root factors: High pumping speed (11.2 SPM) exceeds rod free-fall velocity limit; Severe mechanical impact spike detected on downstroke (slope_z=178.9).,IMMEDIATE ACTION: Reduce VFD stroke speed from 11.2 SPM to 8.4 SPM to restore gravity downstroke tracking. Schedule CSS (Cyclic Steam Stimulation) / diluent injection to reduce crude viscosity. Inspect rod string for compressive buckling.,High pumping speed (11.2 SPM) exceeds rod free-fall velocity limit | Severe mechanical impact spike detected on downstroke (slope_z=178.9)
8cfdc765,WELL-019,Normal,Normal,0.9396,0.9396,0.0585,0.0,0.0019,3.8,Low,train,Sucker-rod card exhibits uniform load profile and normal full-stroke work envelope. Operating within nominal mechanical baseline.,Maintain baseline pumping parameters. Continue regular SCADA monitoring and scheduled lubrication.,Operating within nominal mechanical baseline
66220dea,WELL-020,Normal,Normal,0.959,0.959,0.0389,0.0,0.0021,3.8,Low,val,Sucker-rod card exhibits uniform load profile and normal full-stroke work envelope. Operating within nominal mechanical baseline.,Maintain baseline pumping parameters. Continue regular SCADA monitoring and scheduled lubrication.,Operating within nominal mechanical baseline
47adc52d,WELL-009,Normal,Normal,0.9942,0.9942,0.0017,0.0001,0.004,4.0,Low,train,Sucker-rod card exhibits uniform load profile and normal full-stroke work envelope. Operating within nominal mechanical baseline.,Maintain baseline pumping parameters. Continue regular SCADA monitoring and scheduled lubrication.,Operating within nominal mechanical baseline
c69e5273,WELL-008,Fluid Pound,Fluid Pound,0.9995,0.0,0.0,0.9995,0.0004,60.9,High,train,"Incomplete pump barrel fillage diagnosed due to reservoir inflow deficit (3072 ft fluid level). Plunger free-falls through vapor pocket before abruptly impacting fluid surface on downstroke, transmitting shock waves to polished rod and gearbox. Root factors: Sharp fluid-surface impact shock detected (slope_z=56.9); Depressed minimum load (3686 lbf) flags plunger free-fall inside barrel.",IMMEDIATE ACTION: Throttle pump speed from 7.3 SPM to 5.1 SPM or activate automatic Pump-Off Controller (POC) with intermittent timer (duty cycling) to permit annular fluid recovery. Inspect valves and rod guides.,Sharp fluid-surface impact shock detected (slope_z=56.9) | Depressed minimum load (3686 lbf) flags plunger free-fall inside barrel
3b8d6d51,WELL-003,Fluid Pound,Fluid Pound,0.9996,0.0,0.0004,0.9996,0.0,72.2,High,val,"Incomplete pump barrel fillage diagnosed due to reservoir inflow deficit (2197 ft fluid level). Plunger free-falls through vapor pocket before abruptly impacting fluid surface on downstroke, transmitting shock waves to polished rod and gearbox. Root factors: Depleted fluid column (2197 ft above pump) indicates pump-off condition; Low pump submergence ratio (37.2%); Sharp fluid-surface impact shock detected (slope_z=82.4).",IMMEDIATE ACTION: Throttle pump speed from 4.4 SPM to 3.1 SPM or activate automatic Pump-Off Controller (POC) with intermittent timer (duty cycling) to permit annular fluid recovery. Inspect valves and rod guides.,Depleted fluid column (2197 ft above pump) indicates pump-off condition | Low pump submergence ratio (37.2%) | Sharp fluid-surface impact shock detected (slope_z=82.4)
51f571f2,WELL-006,Normal,Normal,0.9748,0.9748,0.0235,0.0,0.0017,3.9,Low,train,Sucker-rod card exhibits uniform load profile and normal full-stroke work envelope. Operating within nominal mechanical baseline.,Maintain baseline pumping parameters. Continue regular SCADA monitoring and scheduled lubrication.,Operating within nominal mechanical baseline
e20de105,WELL-019,Fluid Pound,Fluid Pound,1.0,0.0,0.0,1.0,0.0,95.2,Critical,train,"Incomplete pump barrel fillage diagnosed due to reservoir inflow deficit (1022 ft fluid level). Plunger free-falls through vapor pocket before abruptly impacting fluid surface on downstroke, transmitting shock waves to polished rod and gearbox. Root factors: Depleted fluid column (1022 ft above pump) indicates pump-off condition; Low pump submergence ratio (17.6%); Sharp fluid-surface impact shock detected (slope_z=126.3).",IMMEDIATE ACTION: Throttle pump speed from 5.3 SPM to 3.7 SPM or activate automatic Pump-Off Controller (POC) with intermittent timer (duty cycling) to permit annular fluid recovery. Inspect valves and rod guides.,Depleted fluid column (1022 ft above pump) indicates pump-off condition | Low pump submergence ratio (17.6%) | Sharp fluid-surface impact shock detected (slope_z=126.3)
5d6f5125,WELL-006,Rod Floating,Rod Floating,0.9999,0.0001,0.9999,0.0,0.0,85.6,Critical,train,Severe downstroke rod deceleration diagnosed. Downstroke velocity lag caused by heavy crude drag (775 cP) and pumping speed (8.8 SPM) creates compressive rod stress and sharp impact on plunger re-engagement. Root factors: Elevated viscosity (775.3 cP) increases rod downstroke fluid drag; High pumping speed (8.8 SPM) exceeds rod free-fall velocity limit; Low wellbore temperature (98.6 °F) exacerbates fluid thickening; Severe mechanical impact spike detected on downstroke (slope_z=121.3).,IMMEDIATE ACTION: Reduce VFD stroke speed from 8.8 SPM to 6.6 SPM to restore gravity downstroke tracking. Schedule CSS (Cyclic Steam Stimulation) / diluent injection to reduce crude viscosity. Inspect rod string for compressive buckling.,Elevated viscosity (775.3 cP) increases rod downstroke fluid drag | High pumping speed (8.8 SPM) exceeds rod free-fall velocity limit | Low wellbore temperature (98.6 °F) exacerbates fluid thickening | Severe mechanical impact spike detected on downstroke (slope_z=121.3)
c4f6bebf,WELL-020,Normal,Normal,0.9725,0.9725,0.0264,0.0,0.001,3.9,Low,val,Sucker-rod card exhibits uniform load profile and normal full-stroke work envelope. Operating within nominal mechanical baseline.,Maintain baseline pumping parameters. Continue regular SCADA monitoring and scheduled lubrication.,Operating within nominal mechanical baseline
c397a43e,WELL-008,Fluid Pound,Fluid Pound,0.9999,0.0,0.0001,0.9999,0.0,65.1,High,train,"Incomplete pump barrel fillage diagnosed due to reservoir inflow deficit (2858 ft fluid level). Plunger free-falls through vapor pocket before abruptly impacting fluid surface on downstroke, transmitting shock waves to polished rod and gearbox. Root factors: Sharp fluid-surface impact shock detected (slope_z=68.7); Depressed minimum load (3720 lbf) flags plunger free-fall inside barrel.",IMMEDIATE ACTION: Throttle pump speed from 7.6 SPM to 5.3 SPM or activate automatic Pump-Off Controller (POC) with intermittent timer (duty cycling) to permit annular fluid recovery. Inspect valves and rod guides.,Sharp fluid-surface impact shock detected (slope_z=68.7) | Depressed minimum load (3720 lbf) flags plunger free-fall inside barrel
a5a8e910,WELL-019,Fluid Pound,Fluid Pound,0.9993,0.0,0.0007,0.9993,0.0,89.0,Critical,train,"Incomplete pump barrel fillage diagnosed due to reservoir inflow deficit (1513 ft fluid level). Plunger free-falls through vapor pocket before abruptly impacting fluid surface on downstroke, transmitting shock waves to polished rod and gearbox. Root factors: Depleted fluid column (1513 ft above pump) indicates pump-off condition; Low pump submergence ratio (26.0%); Sharp fluid-surface impact shock detected (slope_z=153.9).",IMMEDIATE ACTION: Throttle pump speed from 5.0 SPM to 3.5 SPM or activate automatic Pump-Off Controller (POC) with intermittent timer (duty cycling) to permit annular fluid recovery. Inspect valves and rod guides.,Depleted fluid column (1513 ft above pump) indicates pump-off condition | Low pump submergence ratio (26.0%) | Sharp fluid-surface impact shock detected (slope_z=153.9)
25b18e6d,WELL-017,Normal,Normal,0.994,0.994,0.0012,0.0001,0.0048,4.0,Low,val,Sucker-rod card exhibits uniform load profile and normal full-stroke work envelope. Operating within nominal mechanical baseline.,Maintain baseline pumping parameters. Continue regular SCADA monitoring and scheduled lubrication.,Operating within nominal mechanical baseline
71c389c7,WELL-011,Rod Floating,Rod Floating,0.9999,0.0001,0.9999,0.0,0.0,73.2,High,train,Severe downstroke rod deceleration diagnosed. Downstroke velocity lag caused by heavy crude drag (595 cP) and pumping speed (8.4 SPM) creates compressive rod stress and sharp impact on plunger re-engagement. Root factors: High pumping speed (8.4 SPM) exceeds rod free-fall velocity limit; Low wellbore temperature (113.0 °F) exacerbates fluid thickening; Severe mechanical impact spike detected on downstroke (slope_z=94.2).,IMMEDIATE ACTION: Reduce VFD stroke speed from 8.4 SPM to 6.3 SPM to restore gravity downstroke tracking. Schedule CSS (Cyclic Steam Stimulation) / diluent injection to reduce crude viscosity. Inspect rod string for compressive buckling.,High pumping speed (8.4 SPM) exceeds rod free-fall velocity limit | Low wellbore temperature (113.0 °F) exacerbates fluid thickening | Severe mechanical impact spike detected on downstroke (slope_z=94.2)
228c7f35,WELL-016,Normal,Normal,0.994,0.994,0.0034,0.0,0.0026,4.0,Low,val,Sucker-rod card exhibits uniform load profile and normal full-stroke work envelope. Operating within nominal mechanical baseline.,Maintain baseline pumping parameters. Continue regular SCADA monitoring and scheduled lubrication.,Operating within nominal mechanical baseline
f959510f,WELL-007,Normal,Normal,0.964,0.964,0.0351,0.0,0.0009,4.2,Low,train,Sucker-rod card exhibits uniform load profile and normal full-stroke work envelope. Operating within nominal mechanical baseline.,Maintain baseline pumping parameters. Continue regular SCADA monitoring and scheduled lubrication.,Operating within nominal mechanical baseline
0475efc8,WELL-008,Fluid Pound,Fluid Pound,0.9999,0.0,0.0,0.9999,0.0,65.9,High,train,"Incomplete pump barrel fillage diagnosed due to reservoir inflow deficit (2716 ft fluid level). Plunger free-falls through vapor pocket before abruptly impacting fluid surface on downstroke, transmitting shock waves to polished rod and gearbox. Root factors: Sharp fluid-surface impact shock detected (slope_z=66.6); Depressed minimum load (3690 lbf) flags plunger free-fall inside barrel.",IMMEDIATE ACTION: Throttle pump speed from 6.6 SPM to 4.6 SPM or activate automatic Pump-Off Controller (POC) with intermittent timer (duty cycling) to permit annular fluid recovery. Inspect valves and rod guides.,Sharp fluid-surface impact shock detected (slope_z=66.6) | Depressed minimum load (3690 lbf) flags plunger free-fall inside barrel
196b0b7b,WELL-020,Fluid Pound,Fluid Pound,0.9999,0.0,0.0001,0.9999,0.0,88.2,Critical,val,"Incomplete pump barrel fillage diagnosed due to reservoir inflow deficit (1359 ft fluid level). Plunger free-falls through vapor pocket before abruptly impacting fluid surface on downstroke, transmitting shock waves to polished rod and gearbox. Root factors: Depleted fluid column (1359 ft above pump) indicates pump-off condition; Low pump submergence ratio (23.0%); Sharp fluid-surface impact shock detected (slope_z=99.8).",IMMEDIATE ACTION: Throttle pump speed from 5.0 SPM to 3.5 SPM or activate automatic Pump-Off Controller (POC) with intermittent timer (duty cycling) to permit annular fluid recovery. Inspect valves and rod guides.,Depleted fluid column (1359 ft above pump) indicates pump-off condition | Low pump submergence ratio (23.0%) | Sharp fluid-surface impact shock detected (slope_z=99.8)
a940f298,WELL-006,Fluid Pound,Fluid Pound,1.0,0.0,0.0,1.0,0.0,78.5,High,train,"Incomplete pump barrel fillage diagnosed due to reservoir inflow deficit (2181 ft fluid level). Plunger free-falls through vapor pocket before abruptly impacting fluid surface on downstroke, transmitting shock waves to polished rod and gearbox. Root factors: Depleted fluid column (2181 ft above pump) indicates pump-off condition; Low pump submergence ratio (42.6%); Sharp fluid-surface impact shock detected (slope_z=135.1).",IMMEDIATE ACTION: Throttle pump speed from 4.5 SPM to 3.1 SPM or activate automatic Pump-Off Controller (POC) with intermittent timer (duty cycling) to permit annular fluid recovery. Inspect valves and rod guides.,Depleted fluid column (2181 ft above pump) indicates pump-off condition | Low pump submergence ratio (42.6%) | Sharp fluid-surface impact shock detected (slope_z=135.1)
47707503,WELL-015,Normal,Normal,0.9423,0.9423,0.0546,0.0,0.0031,4.3,Low,train,Sucker-rod card exhibits uniform load profile and normal full-stroke work envelope. Operating within nominal mechanical baseline.,Maintain baseline pumping parameters. Continue regular SCADA monitoring and scheduled lubrication.,Operating within nominal mechanical baseline
3d0894f4,WELL-013,Gas Interference,Gas Interference,0.845,0.1543,0.0,0.0006,0.845,33.7,Medium,train,Compressible free gas inside the pump barrel is delaying traveling valve opening on downstroke. Volumetric lifting capacity is degraded due to cyclic gas compression. Root factors: Narrow load swing (4392 lbf) reflects cushioned valve response.,ADVISORY: Monitor casinghead gas backpressure. Optimize stroke length vs SPM to maximize compression ratio in barrel.,Narrow load swing (4392 lbf) reflects cushioned valve response
c957473b,WELL-008,Gas Interference,Gas Interference,0.5631,0.436,0.0,0.0008,0.5631,27.1,Medium,train,Compressible free gas inside the pump barrel is delaying traveling valve opening on downstroke. Volumetric lifting capacity is degraded due to cyclic gas compression. Root factors: Narrow load swing (4761 lbf) reflects cushioned valve response.,ADVISORY: Monitor casinghead gas backpressure. Optimize stroke length vs SPM to maximize compression ratio in barrel.,Narrow load swing (4761 lbf) reflects cushioned valve response
f70cd5cb,WELL-012,Rod Floating,Rod Floating,0.9999,0.0001,0.9999,0.0,0.0,87.2,Critical,train,Severe downstroke rod deceleration diagnosed. Downstroke velocity lag caused by heavy crude drag (800 cP) and pumping speed (9.3 SPM) creates compressive rod stress and sharp impact on plunger re-engagement. Root factors: Elevated viscosity (799.8 cP) increases rod downstroke fluid drag; High pumping speed (9.3 SPM) exceeds rod free-fall velocity limit; Low wellbore temperature (105.1 °F) exacerbates fluid thickening; Severe mechanical impact spike detected on downstroke (slope_z=112.3).,IMMEDIATE ACTION: Reduce VFD stroke speed from 9.3 SPM to 7.0 SPM to restore gravity downstroke tracking. Schedule CSS (Cyclic Steam Stimulation) / diluent injection to reduce crude viscosity. Inspect rod string for compressive buckling.,Elevated viscosity (799.8 cP) increases rod downstroke fluid drag | High pumping speed (9.3 SPM) exceeds rod free-fall velocity limit | Low wellbore temperature (105.1 °F) exacerbates fluid thickening | Severe mechanical impact spike detected on downstroke (slope_z=112.3)
7f0ed653,WELL-012,Fluid Pound,Fluid Pound,0.9998,0.0,0.0002,0.9998,0.0,90.2,Critical,train,"Incomplete pump barrel fillage diagnosed due to reservoir inflow deficit (1027 ft fluid level). Plunger free-falls through vapor pocket before abruptly impacting fluid surface on downstroke, transmitting shock waves to polished rod and gearbox. Root factors: Depleted fluid column (1027 ft above pump) indicates pump-off condition; Low pump submergence ratio (19.9%); Sharp fluid-surface impact shock detected (slope_z=79.1); Depressed minimum load (5257 lbf) flags plunger free-fall inside barrel.",IMMEDIATE ACTION: Throttle pump speed from 6.6 SPM to 4.6 SPM or activate automatic Pump-Off Controller (POC) with intermittent timer (duty cycling) to permit annular fluid recovery. Inspect valves and rod guides.,Depleted fluid column (1027 ft above pump) indicates pump-off condition | Low pump submergence ratio (19.9%) | Sharp fluid-surface impact shock detected (slope_z=79.1) | Depressed minimum load (5257 lbf) flags plunger free-fall inside barrel
53dc8c81,WELL-017,Normal,Normal,0.9946,0.9946,0.0013,0.0001,0.0041,4.0,Low,val,Sucker-rod card exhibits uniform load profile and normal full-stroke work envelope. Operating within nominal mechanical baseline.,Maintain baseline pumping parameters. Continue regular SCADA monitoring and scheduled lubrication.,Operating within nominal mechanical baseline
b050dcc4,WELL-003,Normal,Normal,0.9917,0.9917,0.0072,0.0,0.0011,4.0,Low,val,Sucker-rod card exhibits uniform load profile and normal full-stroke work envelope. Operating within nominal mechanical baseline.,Maintain baseline pumping parameters. Continue regular SCADA monitoring and scheduled lubrication.,Operating within nominal mechanical baseline
2f186b80,WELL-007,Normal,Normal,0.9715,0.9715,0.0264,0.0,0.0021,4.6,Low,train,Sucker-rod card exhibits uniform load profile and normal full-stroke work envelope. Operating within nominal mechanical baseline.,Maintain baseline pumping parameters. Continue regular SCADA monitoring and scheduled lubrication.,Operating within nominal mechanical baseline
d4783d77,WELL-007,Fluid Pound,Fluid Pound,1.0,0.0,0.0,1.0,0.0,62.5,High,train,"Incomplete pump barrel fillage diagnosed due to reservoir inflow deficit (3142 ft fluid level). Plunger free-falls through vapor pocket before abruptly impacting fluid surface on downstroke, transmitting shock waves to polished rod and gearbox. Root factors: Sharp fluid-surface impact shock detected (slope_z=81.6); Depressed minimum load (5193 lbf) flags plunger free-fall inside barrel.",IMMEDIATE ACTION: Throttle pump speed from 5.5 SPM to 3.8 SPM or activate automatic Pump-Off Controller (POC) with intermittent timer (duty cycling) to permit annular fluid recovery. Inspect valves and rod guides.,Sharp fluid-surface impact shock detected (slope_z=81.6) | Depressed minimum load (5193 lbf) flags plunger free-fall inside barrel
c5c48d8b,WELL-018,Normal,Normal,0.9838,0.9838,0.0008,0.0,0.0154,5.3,Low,train,Sucker-rod card exhibits uniform load profile and normal full-stroke work envelope. Operating within nominal mechanical baseline.,Maintain baseline pumping parameters. Continue regular SCADA monitoring and scheduled lubrication.,Operating within nominal mechanical baseline
ccff0f29,WELL-012,Normal,Normal,0.9783,0.9783,0.0152,0.0,0.0065,5.7,Low,train,Sucker-rod card exhibits uniform load profile and normal full-stroke work envelope. Operating within nominal mechanical baseline.,Maintain baseline pumping parameters. Continue regular SCADA monitoring and scheduled lubrication.,Operating within nominal mechanical baseline
eeb824e5,WELL-009,Fluid Pound,Fluid Pound,1.0,0.0,0.0,1.0,0.0,74.8,High,train,"Incomplete pump barrel fillage diagnosed due to reservoir inflow deficit (1876 ft fluid level). Plunger free-falls through vapor pocket before abruptly impacting fluid surface on downstroke, transmitting shock waves to polished rod and gearbox. Root factors: Depleted fluid column (1876 ft above pump) indicates pump-off condition; Sharp fluid-surface impact shock detected (slope_z=66.7); Depressed minimum load (3692 lbf) flags plunger free-fall inside barrel.",IMMEDIATE ACTION: Throttle pump speed from 4.3 SPM to 3.0 SPM or activate automatic Pump-Off Controller (POC) with intermittent timer (duty cycling) to permit annular fluid recovery. Inspect valves and rod guides.,Depleted fluid column (1876 ft above pump) indicates pump-off condition | Sharp fluid-surface impact shock detected (slope_z=66.7) | Depressed minimum load (3692 lbf) flags plunger free-fall inside barrel
201b04ee,WELL-003,Normal,Normal,0.9925,0.9925,0.0054,0.0,0.002,4.0,Low,val,Sucker-rod card exhibits uniform load profile and normal full-stroke work envelope. Operating within nominal mechanical baseline.,Maintain baseline pumping parameters. Continue regular SCADA monitoring and scheduled lubrication.,Operating within nominal mechanical baseline
673134b3,WELL-009,Rod Floating,Rod Floating,0.9955,0.0045,0.9955,0.0,0.0,61.3,High,train,Severe downstroke rod deceleration diagnosed. Downstroke velocity lag caused by heavy crude drag (672 cP) and pumping speed (7.9 SPM) creates compressive rod stress and sharp impact on plunger re-engagement. Root factors: Elevated viscosity (672.1 cP) increases rod downstroke fluid drag; High pumping speed (7.9 SPM) exceeds rod free-fall velocity limit.,IMMEDIATE ACTION: Reduce VFD stroke speed from 7.9 SPM to 5.9 SPM to restore gravity downstroke tracking. Schedule CSS (Cyclic Steam Stimulation) / diluent injection to reduce crude viscosity. Inspect rod string for compressive buckling.,Elevated viscosity (672.1 cP) increases rod downstroke fluid drag | High pumping speed (7.9 SPM) exceeds rod free-fall velocity limit
02c8efa0,WELL-001,Gas Interference,Normal,0.5658,0.5658,0.0002,0.0003,0.4337,24.2,Low,train,Sucker-rod card exhibits uniform load profile and normal full-stroke work envelope. Operating parameters within nominal thresholds.,Maintain baseline pumping parameters. Continue regular SCADA monitoring and scheduled lubrication.,
019a446d,WELL-003,Gas Interference,Gas Interference,0.7109,0.2879,0.0,0.0012,0.7109,21.3,Low,val,Compressible free gas inside the pump barrel is delaying traveling valve opening on downstroke. Volumetric lifting capacity is degraded due to cyclic gas compression. Root factors: Operating parameters within nominal thresholds.,ADVISORY: Monitor casinghead gas backpressure. Optimize stroke length vs SPM to maximize compression ratio in barrel.,
1ab53ff1,WELL-010,Normal,Normal,0.9756,0.9756,0.0198,0.0,0.0046,6.3,Low,train,Sucker-rod card exhibits uniform load profile and normal full-stroke work envelope. Operating within nominal mechanical baseline.,Maintain baseline pumping parameters. Continue regular SCADA monitoring and scheduled lubrication.,Operating within nominal mechanical baseline
45d2e084,WELL-001,Normal,Normal,0.981,0.981,0.0122,0.0,0.0068,5.3,Low,train,Sucker-rod card exhibits uniform load profile and normal full-stroke work envelope. Operating within nominal mechanical baseline.,Maintain baseline pumping parameters. Continue regular SCADA monitoring and scheduled lubrication.,Operating within nominal mechanical baseline
6bf2b7ee,WELL-019,Normal,Normal,0.9265,0.9265,0.0712,0.0,0.0023,3.8,Low,train,Sucker-rod card exhibits uniform load profile and normal full-stroke work envelope. Operating within nominal mechanical baseline.,Maintain baseline pumping parameters. Continue regular SCADA monitoring and scheduled lubrication.,Operating within nominal mechanical baseline
37017b6c,WELL-007,Normal,Normal,0.9351,0.9351,0.0633,0.0,0.0016,4.8,Low,train,Sucker-rod card exhibits uniform load profile and normal full-stroke work envelope. Operating within nominal mechanical baseline.,Maintain baseline pumping parameters. Continue regular SCADA monitoring and scheduled lubrication.,Operating within nominal mechanical baseline
15064f92,WELL-017,Gas Interference,Normal,0.7338,0.7338,0.0,0.0008,0.2654,8.0,Low,val,Sucker-rod card exhibits uniform load profile and normal full-stroke work envelope. Operating within nominal mechanical baseline.,Maintain baseline pumping parameters. Continue regular SCADA monitoring and scheduled lubrication.,Operating within nominal mechanical baseline
f134b8c8,WELL-016,Rod Floating,Rod Floating,0.9984,0.0016,0.9984,0.0,0.0,56.6,High,val,Severe downstroke rod deceleration diagnosed. Downstroke velocity lag caused by heavy crude drag (543 cP) and pumping speed (7.5 SPM) creates compressive rod stress and sharp impact on plunger re-engagement. Root factors: High pumping speed (7.5 SPM) exceeds rod free-fall velocity limit; Severe mechanical impact spike detected on downstroke (slope_z=42.0).,IMMEDIATE ACTION: Reduce VFD stroke speed from 7.5 SPM to 5.6 SPM to restore gravity downstroke tracking. Schedule CSS (Cyclic Steam Stimulation) / diluent injection to reduce crude viscosity. Inspect rod string for compressive buckling.,High pumping speed (7.5 SPM) exceeds rod free-fall velocity limit | Severe mechanical impact spike detected on downstroke (slope_z=42.0)
fd05323f,WELL-001,Normal,Normal,0.9848,0.9848,0.0091,0.0,0.0061,5.6,Low,train,Sucker-rod card exhibits uniform load profile and normal full-stroke work envelope. Operating within nominal mechanical baseline.,Maintain baseline pumping parameters. Continue regular SCADA monitoring and scheduled lubrication.,Operating within nominal mechanical baseline
c07fdffe,WELL-003,Normal,Normal,0.9898,0.9898,0.0093,0.0,0.0009,4.0,Low,val,Sucker-rod card exhibits uniform load profile and normal full-stroke work envelope. Operating within nominal mechanical baseline.,Maintain baseline pumping parameters. Continue regular SCADA monitoring and scheduled lubrication.,Operating within nominal mechanical baseline
eda483a7,WELL-001,Gas Interference,Gas Interference,0.6479,0.3517,0.0001,0.0003,0.6479,30.1,Medium,train,Compressible free gas inside the pump barrel is delaying traveling valve opening on downstroke. Volumetric lifting capacity is degraded due to cyclic gas compression. Root factors: Volumetric card area collapsed to 0.64 due to gas compression.,ADVISORY: Monitor casinghead gas backpressure. Optimize stroke length vs SPM to maximize compression ratio in barrel.,Volumetric card area collapsed to 0.64 due to gas compression
449072bf,WELL-014,Normal,Normal,0.9876,0.9876,0.0012,0.0,0.0112,6.2,Low,train,Sucker-rod card exhibits uniform load profile and normal full-stroke work envelope. Operating within nominal mechanical baseline.,Maintain baseline pumping parameters. Continue regular SCADA monitoring and scheduled lubrication.,Operating within nominal mechanical baseline
58b5bb74,WELL-005,Fluid Pound,Fluid Pound,0.9997,0.0,0.0003,0.9997,0.0,88.8,Critical,train,"Incomplete pump barrel fillage diagnosed due to reservoir inflow deficit (994 ft fluid level). Plunger free-falls through vapor pocket before abruptly impacting fluid surface on downstroke, transmitting shock waves to polished rod and gearbox. Root factors: Depleted fluid column (994 ft above pump) indicates pump-off condition; Low pump submergence ratio (25.3%); Sharp fluid-surface impact shock detected (slope_z=69.6); Depressed minimum load (4615 lbf) flags plunger free-fall inside barrel.",IMMEDIATE ACTION: Throttle pump speed from 6.6 SPM to 4.6 SPM or activate automatic Pump-Off Controller (POC) with intermittent timer (duty cycling) to permit annular fluid recovery. Inspect valves and rod guides.,Depleted fluid column (994 ft above pump) indicates pump-off condition | Low pump submergence ratio (25.3%) | Sharp fluid-surface impact shock detected (slope_z=69.6) | Depressed minimum load (4615 lbf) flags plunger free-fall inside barrel
8ee3d7e2,WELL-015,Gas Interference,Gas Interference,0.7394,0.2601,0.0001,0.0004,0.7394,40.2,Medium,train,Compressible free gas inside the pump barrel is delaying traveling valve opening on downstroke. Volumetric lifting capacity is degraded due to cyclic gas compression. Root factors: Narrow load swing (3007 lbf) reflects cushioned valve response.,ADVISORY: Monitor casinghead gas backpressure. Optimize stroke length vs SPM to maximize compression ratio in barrel.,Narrow load swing (3007 lbf) reflects cushioned valve response
7018617c,WELL-006,Normal,Normal,0.9757,0.9757,0.0228,0.0,0.0014,3.9,Low,train,Sucker-rod card exhibits uniform load profile and normal full-stroke work envelope. Operating within nominal mechanical baseline.,Maintain baseline pumping parameters. Continue regular SCADA monitoring and scheduled lubrication.,Operating within nominal mechanical baseline
6bd94dc5,WELL-006,Rod Floating,Rod Floating,0.9999,0.0,0.9999,0.0,0.0,80.3,Critical,train,Severe downstroke rod deceleration diagnosed. Downstroke velocity lag caused by heavy crude drag (695 cP) and pumping speed (8.8 SPM) creates compressive rod stress and sharp impact on plunger re-engagement. Root factors: Elevated viscosity (694.8 cP) increases rod downstroke fluid drag; High pumping speed (8.8 SPM) exceeds rod free-fall velocity limit; Low wellbore temperature (110.1 °F) exacerbates fluid thickening; Severe mechanical impact spike detected on downstroke (slope_z=119.7).,IMMEDIATE ACTION: Reduce VFD stroke speed from 8.8 SPM to 6.6 SPM to restore gravity downstroke tracking. Schedule CSS (Cyclic Steam Stimulation) / diluent injection to reduce crude viscosity. Inspect rod string for compressive buckling.,Elevated viscosity (694.8 cP) increases rod downstroke fluid drag | High pumping speed (8.8 SPM) exceeds rod free-fall velocity limit | Low wellbore temperature (110.1 °F) exacerbates fluid thickening | Severe mechanical impact spike detected on downstroke (slope_z=119.7)
113e5af1,WELL-001,Gas Interference,Gas Interference,0.5976,0.4019,0.0001,0.0004,0.5976,26.7,Medium,train,Compressible free gas inside the pump barrel is delaying traveling valve opening on downstroke. Volumetric lifting capacity is degraded due to cyclic gas compression. Root factors: Operating parameters within nominal thresholds.,ADVISORY: Monitor casinghead gas backpressure. Optimize stroke length vs SPM to maximize compression ratio in barrel.,
7e54c200,WELL-006,Normal,Normal,0.9564,0.9564,0.0394,0.0,0.0041,4.1,Low,train,Sucker-rod card exhibits uniform load profile and normal full-stroke work envelope. Operating within nominal mechanical baseline.,Maintain baseline pumping parameters. Continue regular SCADA monitoring and scheduled lubrication.,Operating within nominal mechanical baseline
9c9112b6,WELL-007,Normal,Normal,0.9677,0.9677,0.0309,0.0,0.0014,4.4,Low,train,Sucker-rod card exhibits uniform load profile and normal full-stroke work envelope. Operating within nominal mechanical baseline.,Maintain baseline pumping parameters. Continue regular SCADA monitoring and scheduled lubrication.,Operating within nominal mechanical baseline
d3e3b731,WELL-007,Normal,Normal,0.9615,0.9615,0.0367,0.0,0.0017,4.6,Low,train,Sucker-rod card exhibits uniform load profile and normal full-stroke work envelope. Operating within nominal mechanical baseline.,Maintain baseline pumping parameters. Continue regular SCADA monitoring and scheduled lubrication.,Operating within nominal mechanical baseline
f9be6691,WELL-012,Rod Floating,Rod Floating,0.9999,0.0001,0.9999,0.0,0.0,87.0,Critical,train,Severe downstroke rod deceleration diagnosed. Downstroke velocity lag caused by heavy crude drag (652 cP) and pumping speed (10.3 SPM) creates compressive rod stress and sharp impact on plunger re-engagement. Root factors: Elevated viscosity (652.3 cP) increases rod downstroke fluid drag; High pumping speed (10.3 SPM) exceeds rod free-fall velocity limit; Low wellbore temperature (99.7 °F) exacerbates fluid thickening; Severe mechanical impact spike detected on downstroke (slope_z=139.6).,IMMEDIATE ACTION: Reduce VFD stroke speed from 10.3 SPM to 7.7 SPM to restore gravity downstroke tracking. Schedule CSS (Cyclic Steam Stimulation) / diluent injection to reduce crude viscosity. Inspect rod string for compressive buckling.,Elevated viscosity (652.3 cP) increases rod downstroke fluid drag | High pumping speed (10.3 SPM) exceeds rod free-fall velocity limit | Low wellbore temperature (99.7 °F) exacerbates fluid thickening | Severe mechanical impact spike detected on downstroke (slope_z=139.6)
ef6e038f,WELL-017,Normal,Normal,0.9943,0.9943,0.0014,0.0001,0.0043,4.0,Low,val,Sucker-rod card exhibits uniform load profile and normal full-stroke work envelope. Operating within nominal mechanical baseline.,Maintain baseline pumping parameters. Continue regular SCADA monitoring and scheduled lubrication.,Operating within nominal mechanical baseline
70438e32,WELL-013,Normal,Normal,0.9885,0.9885,0.0097,0.0,0.0018,5.2,Low,train,Sucker-rod card exhibits uniform load profile and normal full-stroke work envelope. Operating within nominal mechanical baseline.,Maintain baseline pumping parameters. Continue regular SCADA monitoring and scheduled lubrication.,Operating within nominal mechanical baseline
4f6792e5,WELL-007,Rod Floating,Rod Floating,0.9998,0.0002,0.9998,0.0,0.0,79.7,High,train,Severe downstroke rod deceleration diagnosed. Downstroke velocity lag caused by heavy crude drag (889 cP) and pumping speed (8.3 SPM) creates compressive rod stress and sharp impact on plunger re-engagement. Root factors: Elevated viscosity (888.6 cP) increases rod downstroke fluid drag; High pumping speed (8.3 SPM) exceeds rod free-fall velocity limit; Low wellbore temperature (118.7 °F) exacerbates fluid thickening; Severe mechanical impact spike detected on downstroke (slope_z=78.6).,IMMEDIATE ACTION: Reduce VFD stroke speed from 8.3 SPM to 6.2 SPM to restore gravity downstroke tracking. Schedule CSS (Cyclic Steam Stimulation) / diluent injection to reduce crude viscosity. Inspect rod string for compressive buckling.,Elevated viscosity (888.6 cP) increases rod downstroke fluid drag | High pumping speed (8.3 SPM) exceeds rod free-fall velocity limit | Low wellbore temperature (118.7 °F) exacerbates fluid thickening | Severe mechanical impact spike detected on downstroke (slope_z=78.6)
7ec3925d,WELL-015,Fluid Pound,Fluid Pound,1.0,0.0,0.0,1.0,0.0,88.7,Critical,train,"Incomplete pump barrel fillage diagnosed due to reservoir inflow deficit (1666 ft fluid level). Plunger free-falls through vapor pocket before abruptly impacting fluid surface on downstroke, transmitting shock waves to polished rod and gearbox. Root factors: Depleted fluid column (1666 ft above pump) indicates pump-off condition; Low pump submergence ratio (38.6%); Sharp fluid-surface impact shock detected (slope_z=143.7); Depressed minimum load (3721 lbf) flags plunger free-fall inside barrel.",IMMEDIATE ACTION: Throttle pump speed from 6.2 SPM to 4.3 SPM or activate automatic Pump-Off Controller (POC) with intermittent timer (duty cycling) to permit annular fluid recovery. Inspect valves and rod guides.,Depleted fluid column (1666 ft above pump) indicates pump-off condition | Low pump submergence ratio (38.6%) | Sharp fluid-surface impact shock detected (slope_z=143.7) | Depressed minimum load (3721 lbf) flags plunger free-fall inside barrel
5416dabe,WELL-012,Normal,Normal,0.9337,0.9337,0.0636,0.0,0.0027,5.0,Low,train,Sucker-rod card exhibits uniform load profile and normal full-stroke work envelope. Operating within nominal mechanical baseline.,Maintain baseline pumping parameters. Continue regular SCADA monitoring and scheduled lubrication.,Operating within nominal mechanical baseline
90667ab5,WELL-013,Rod Floating,Rod Floating,0.9996,0.0004,0.9996,0.0,0.0,80.4,Critical,train,Severe downstroke rod deceleration diagnosed. Downstroke velocity lag caused by heavy crude drag (888 cP) and pumping speed (9.0 SPM) creates compressive rod stress and sharp impact on plunger re-engagement. Root factors: Elevated viscosity (888.4 cP) increases rod downstroke fluid drag; High pumping speed (9.0 SPM) exceeds rod free-fall velocity limit; Low wellbore temperature (109.1 °F) exacerbates fluid thickening; Severe mechanical impact spike detected on downstroke (slope_z=51.6).,IMMEDIATE ACTION: Reduce VFD stroke speed from 9.0 SPM to 6.7 SPM to restore gravity downstroke tracking. Schedule CSS (Cyclic Steam Stimulation) / diluent injection to reduce crude viscosity. Inspect rod string for compressive buckling.,Elevated viscosity (888.4 cP) increases rod downstroke fluid drag | High pumping speed (9.0 SPM) exceeds rod free-fall velocity limit | Low wellbore temperature (109.1 °F) exacerbates fluid thickening | Severe mechanical impact spike detected on downstroke (slope_z=51.6)
25306b28,WELL-008,Gas Interference,Gas Interference,0.8296,0.1695,0.0,0.0009,0.8296,43.4,Medium,train,Compressible free gas inside the pump barrel is delaying traveling valve opening on downstroke. Volumetric lifting capacity is degraded due to cyclic gas compression. Root factors: Narrow load swing (4326 lbf) reflects cushioned valve response.,ADVISORY: Monitor casinghead gas backpressure. Optimize stroke length vs SPM to maximize compression ratio in barrel.,Narrow load swing (4326 lbf) reflects cushioned valve response
829f8b51,WELL-008,Normal,Normal,0.9701,0.9701,0.0291,0.0,0.0008,5.3,Low,train,Sucker-rod card exhibits uniform load profile and normal full-stroke work envelope. Operating within nominal mechanical baseline.,Maintain baseline pumping parameters. Continue regular SCADA monitoring and scheduled lubrication.,Operating within nominal mechanical baseline
baa5c52b,WELL-013,Fluid Pound,Fluid Pound,0.9998,0.0,0.0,0.9998,0.0001,84.3,Critical,train,"Incomplete pump barrel fillage diagnosed due to reservoir inflow deficit (1103 ft fluid level). Plunger free-falls through vapor pocket before abruptly impacting fluid surface on downstroke, transmitting shock waves to polished rod and gearbox. Root factors: Depleted fluid column (1103 ft above pump) indicates pump-off condition; Low pump submergence ratio (32.1%); Sharp fluid-surface impact shock detected (slope_z=51.4); Depressed minimum load (3076 lbf) flags plunger free-fall inside barrel.",IMMEDIATE ACTION: Throttle pump speed from 6.8 SPM to 4.8 SPM or activate automatic Pump-Off Controller (POC) with intermittent timer (duty cycling) to permit annular fluid recovery. Inspect valves and rod guides.,Depleted fluid column (1103 ft above pump) indicates pump-off condition | Low pump submergence ratio (32.1%) | Sharp fluid-surface impact shock detected (slope_z=51.4) | Depressed minimum load (3076 lbf) flags plunger free-fall inside barrel
c21c6256,WELL-002,Rod Floating,Rod Floating,0.9999,0.0001,0.9999,0.0,0.0,89.7,Critical,train,Severe downstroke rod deceleration diagnosed. Downstroke velocity lag caused by heavy crude drag (847 cP) and pumping speed (9.2 SPM) creates compressive rod stress and sharp impact on plunger re-engagement. Root factors: Elevated viscosity (847.4 cP) increases rod downstroke fluid drag; High pumping speed (9.2 SPM) exceeds rod free-fall velocity limit; Low wellbore temperature (97.3 °F) exacerbates fluid thickening; Severe mechanical impact spike detected on downstroke (slope_z=178.9).,IMMEDIATE ACTION: Reduce VFD stroke speed from 9.2 SPM to 6.9 SPM to restore gravity downstroke tracking. Schedule CSS (Cyclic Steam Stimulation) / diluent injection to reduce crude viscosity. Inspect rod string for compressive buckling.,Elevated viscosity (847.4 cP) increases rod downstroke fluid drag | High pumping speed (9.2 SPM) exceeds rod free-fall velocity limit | Low wellbore temperature (97.3 °F) exacerbates fluid thickening | Severe mechanical impact spike detected on downstroke (slope_z=178.9)
98700851,WELL-009,Normal,Normal,0.9932,0.9932,0.0011,0.0001,0.0056,4.0,Low,train,Sucker-rod card exhibits uniform load profile and normal full-stroke work envelope. Operating within nominal mechanical baseline.,Maintain baseline pumping parameters. Continue regular SCADA monitoring and scheduled lubrication.,Operating within nominal mechanical baseline
066f1eac,WELL-002,Fluid Pound,Fluid Pound,1.0,0.0,0.0,1.0,0.0,71.0,High,train,"Incomplete pump barrel fillage diagnosed due to reservoir inflow deficit (2736 ft fluid level). Plunger free-falls through vapor pocket before abruptly impacting fluid surface on downstroke, transmitting shock waves to polished rod and gearbox. Root factors: Sharp fluid-surface impact shock detected (slope_z=146.0).",IMMEDIATE ACTION: Throttle pump speed from 6.5 SPM to 4.5 SPM or activate automatic Pump-Off Controller (POC) with intermittent timer (duty cycling) to permit annular fluid recovery. Inspect valves and rod guides.,Sharp fluid-surface impact shock detected (slope_z=146.0)
046be920,WELL-020,Gas Interference,Gas Interference,0.8839,0.1154,0.0,0.0008,0.8839,31.2,Medium,val,Compressible free gas inside the pump barrel is delaying traveling valve opening on downstroke. Volumetric lifting capacity is degraded due to cyclic gas compression. Root factors: Operating parameters within nominal thresholds.,ADVISORY: Monitor casinghead gas backpressure. Optimize stroke length vs SPM to maximize compression ratio in barrel.,
ad6e6c8a,WELL-007,Fluid Pound,Fluid Pound,0.9979,0.0001,0.0021,0.9979,0.0,71.9,High,train,"Incomplete pump barrel fillage diagnosed due to reservoir inflow deficit (2408 ft fluid level). Plunger free-falls through vapor pocket before abruptly impacting fluid surface on downstroke, transmitting shock waves to polished rod and gearbox. Root factors: Depleted fluid column (2408 ft above pump) indicates pump-off condition; Low pump submergence ratio (49.1%); Sharp fluid-surface impact shock detected (slope_z=81.6); Depressed minimum load (5258 lbf) flags plunger free-fall inside barrel.",IMMEDIATE ACTION: Throttle pump speed from 6.1 SPM to 4.2 SPM or activate automatic Pump-Off Controller (POC) with intermittent timer (duty cycling) to permit annular fluid recovery. Inspect valves and rod guides.,Depleted fluid column (2408 ft above pump) indicates pump-off condition | Low pump submergence ratio (49.1%) | Sharp fluid-surface impact shock detected (slope_z=81.6) | Depressed minimum load (5258 lbf) flags plunger free-fall inside barrel
6f4b41c2,WELL-017,Normal,Normal,0.9945,0.9945,0.0013,0.0001,0.0042,4.0,Low,val,Sucker-rod card exhibits uniform load profile and normal full-stroke work envelope. Operating within nominal mechanical baseline.,Maintain baseline pumping parameters. Continue regular SCADA monitoring and scheduled lubrication.,Operating within nominal mechanical baseline
5ea10ea8,WELL-009,Fluid Pound,Fluid Pound,1.0,0.0,0.0,1.0,0.0,72.8,High,train,"Incomplete pump barrel fillage diagnosed due to reservoir inflow deficit (1785 ft fluid level). Plunger free-falls through vapor pocket before abruptly impacting fluid surface on downstroke, transmitting shock waves to polished rod and gearbox. Root factors: Depleted fluid column (1785 ft above pump) indicates pump-off condition; Sharp fluid-surface impact shock detected (slope_z=49.7); Depressed minimum load (3699 lbf) flags plunger free-fall inside barrel.",IMMEDIATE ACTION: Throttle pump speed from 4.6 SPM to 3.2 SPM or activate automatic Pump-Off Controller (POC) with intermittent timer (duty cycling) to permit annular fluid recovery. Inspect valves and rod guides.,Depleted fluid column (1785 ft above pump) indicates pump-off condition | Sharp fluid-surface impact shock detected (slope_z=49.7) | Depressed minimum load (3699 lbf) flags plunger free-fall inside barrel
fa5d99eb,WELL-005,Rod Floating,Rod Floating,0.9998,0.0002,0.9998,0.0,0.0,77.1,High,train,Severe downstroke rod deceleration diagnosed. Downstroke velocity lag caused by heavy crude drag (672 cP) and pumping speed (8.8 SPM) creates compressive rod stress and sharp impact on plunger re-engagement. Root factors: Elevated viscosity (672.0 cP) increases rod downstroke fluid drag; High pumping speed (8.8 SPM) exceeds rod free-fall velocity limit; Low wellbore temperature (113.5 °F) exacerbates fluid thickening; Severe mechanical impact spike detected on downstroke (slope_z=93.1).,IMMEDIATE ACTION: Reduce VFD stroke speed from 8.8 SPM to 6.6 SPM to restore gravity downstroke tracking. Schedule CSS (Cyclic Steam Stimulation) / diluent injection to reduce crude viscosity. Inspect rod string for compressive buckling.,Elevated viscosity (672.0 cP) increases rod downstroke fluid drag | High pumping speed (8.8 SPM) exceeds rod free-fall velocity limit | Low wellbore temperature (113.5 °F) exacerbates fluid thickening | Severe mechanical impact spike detected on downstroke (slope_z=93.1)
ac8644d3,WELL-007,Normal,Normal,0.9774,0.9774,0.0217,0.0,0.0009,4.0,Low,train,Sucker-rod card exhibits uniform load profile and normal full-stroke work envelope. Operating within nominal mechanical baseline.,Maintain baseline pumping parameters. Continue regular SCADA monitoring and scheduled lubrication.,Operating within nominal mechanical baseline
8ddbe98b,WELL-014,Normal,Normal,0.9856,0.9856,0.004,0.0,0.0104,5.4,Low,train,Sucker-rod card exhibits uniform load profile and normal full-stroke work envelope. Operating within nominal mechanical baseline.,Maintain baseline pumping parameters. Continue regular SCADA monitoring and scheduled lubrication.,Operating within nominal mechanical baseline
012f56b5,WELL-016,Normal,Normal,0.9942,0.9942,0.0046,0.0,0.0012,4.0,Low,val,Sucker-rod card exhibits uniform load profile and normal full-stroke work envelope. Operating within nominal mechanical baseline.,Maintain baseline pumping parameters. Continue regular SCADA monitoring and scheduled lubrication.,Operating within nominal mechanical baseline
f15d4227,WELL-015,Normal,Normal,0.9634,0.9634,0.0316,0.0,0.005,4.7,Low,train,Sucker-rod card exhibits uniform load profile and normal full-stroke work envelope. Operating within nominal mechanical baseline.,Maintain baseline pumping parameters. Continue regular SCADA monitoring and scheduled lubrication.,Operating within nominal mechanical baseline
805d2604,WELL-010,Gas Interference,Gas Interference,0.9178,0.0817,0.0,0.0005,0.9178,39.2,Medium,train,Compressible free gas inside the pump barrel is delaying traveling valve opening on downstroke. Volumetric lifting capacity is degraded due to cyclic gas compression. Root factors: Narrow load swing (4578 lbf) reflects cushioned valve response.,ADVISORY: Monitor casinghead gas backpressure. Optimize stroke length vs SPM to maximize compression ratio in barrel.,Narrow load swing (4578 lbf) reflects cushioned valve response
166f334e,WELL-002,Normal,Normal,0.9891,0.9891,0.0015,0.0,0.0094,5.1,Low,train,Sucker-rod card exhibits uniform load profile and normal full-stroke work envelope. Operating within nominal mechanical baseline.,Maintain baseline pumping parameters. Continue regular SCADA monitoring and scheduled lubrication.,Operating within nominal mechanical baseline
cd5442a5,WELL-002,Normal,Normal,0.9881,0.9881,0.0011,0.0,0.0108,5.3,Low,train,Sucker-rod card exhibits uniform load profile and normal full-stroke work envelope. Operating within nominal mechanical baseline.,Maintain baseline pumping parameters. Continue regular SCADA monitoring and scheduled lubrication.,Operating within nominal mechanical baseline
91ce6d58,WELL-013,Rod Floating,Rod Floating,0.9996,0.0004,0.9996,0.0,0.0,76.9,High,train,Severe downstroke rod deceleration diagnosed. Downstroke velocity lag caused by heavy crude drag (819 cP) and pumping speed (9.2 SPM) creates compressive rod stress and sharp impact on plunger re-engagement. Root factors: Elevated viscosity (819.3 cP) increases rod downstroke fluid drag; High pumping speed (9.2 SPM) exceeds rod free-fall velocity limit; Severe mechanical impact spike detected on downstroke (slope_z=55.5).,IMMEDIATE ACTION: Reduce VFD stroke speed from 9.2 SPM to 6.9 SPM to restore gravity downstroke tracking. Schedule CSS (Cyclic Steam Stimulation) / diluent injection to reduce crude viscosity. Inspect rod string for compressive buckling.,Elevated viscosity (819.3 cP) increases rod downstroke fluid drag | High pumping speed (9.2 SPM) exceeds rod free-fall velocity limit | Severe mechanical impact spike detected on downstroke (slope_z=55.5)
2b9d5f42,WELL-009,Normal,Normal,0.995,0.995,0.0028,0.0001,0.0021,4.0,Low,train,Sucker-rod card exhibits uniform load profile and normal full-stroke work envelope. Operating within nominal mechanical baseline.,Maintain baseline pumping parameters. Continue regular SCADA monitoring and scheduled lubrication.,Operating within nominal mechanical baseline
b5cd024b,WELL-015,Fluid Pound,Fluid Pound,0.9969,0.0,0.0031,0.9969,0.0,89.8,Critical,train,"Incomplete pump barrel fillage diagnosed due to reservoir inflow deficit (1568 ft fluid level). Plunger free-falls through vapor pocket before abruptly impacting fluid surface on downstroke, transmitting shock waves to polished rod and gearbox. Root factors: Depleted fluid column (1568 ft above pump) indicates pump-off condition; Low pump submergence ratio (36.3%); Sharp fluid-surface impact shock detected (slope_z=128.7); Depressed minimum load (3722 lbf) flags plunger free-fall inside barrel.",IMMEDIATE ACTION: Throttle pump speed from 6.6 SPM to 4.6 SPM or activate automatic Pump-Off Controller (POC) with intermittent timer (duty cycling) to permit annular fluid recovery. Inspect valves and rod guides.,Depleted fluid column (1568 ft above pump) indicates pump-off condition | Low pump submergence ratio (36.3%) | Sharp fluid-surface impact shock detected (slope_z=128.7) | Depressed minimum load (3722 lbf) flags plunger free-fall inside barrel
dea077f0,WELL-007,Gas Interference,Normal,0.5764,0.5764,0.0001,0.0005,0.423,15.7,Low,train,Sucker-rod card exhibits uniform load profile and normal full-stroke work envelope. Operating parameters within nominal thresholds.,Maintain baseline pumping parameters. Continue regular SCADA monitoring and scheduled lubrication.,
8e92024a,WELL-019,Normal,Normal,0.9519,0.9519,0.0461,0.0,0.002,3.8,Low,train,Sucker-rod card exhibits uniform load profile and normal full-stroke work envelope. Operating within nominal mechanical baseline.,Maintain baseline pumping parameters. Continue regular SCADA monitoring and scheduled lubrication.,Operating within nominal mechanical baseline
6453bb11,WELL-001,Fluid Pound,Fluid Pound,0.9999,0.0,0.0,0.9999,0.0001,76.1,High,train,"Incomplete pump barrel fillage diagnosed due to reservoir inflow deficit (1990 ft fluid level). Plunger free-falls through vapor pocket before abruptly impacting fluid surface on downstroke, transmitting shock waves to polished rod and gearbox. Root factors: Depleted fluid column (1990 ft above pump) indicates pump-off condition; Low pump submergence ratio (46.1%); Sharp fluid-surface impact shock detected (slope_z=78.3); Depressed minimum load (5092 lbf) flags plunger free-fall inside barrel.",IMMEDIATE ACTION: Throttle pump speed from 6.9 SPM to 4.8 SPM or activate automatic Pump-Off Controller (POC) with intermittent timer (duty cycling) to permit annular fluid recovery. Inspect valves and rod guides.,Depleted fluid column (1990 ft above pump) indicates pump-off condition | Low pump submergence ratio (46.1%) | Sharp fluid-surface impact shock detected (slope_z=78.3) | Depressed minimum load (5092 lbf) flags plunger free-fall inside barrel
7f735d8b,WELL-015,Normal,Normal,0.9798,0.9798,0.0133,0.0,0.0069,5.3,Low,train,Sucker-rod card exhibits uniform load profile and normal full-stroke work envelope. Operating within nominal mechanical baseline.,Maintain baseline pumping parameters. Continue regular SCADA monitoring and scheduled lubrication.,Operating within nominal mechanical baseline
289ddc94,WELL-018,Normal,Normal,0.9887,0.9887,0.0016,0.0,0.0097,5.6,Low,train,Sucker-rod card exhibits uniform load profile and normal full-stroke work envelope. Operating within nominal mechanical baseline.,Maintain baseline pumping parameters. Continue regular SCADA monitoring and scheduled lubrication.,Operating within nominal mechanical baseline
d890bd2b,WELL-012,Gas Interference,Gas Interference,0.9116,0.0877,0.0,0.0007,0.9116,31.8,Medium,train,Compressible free gas inside the pump barrel is delaying traveling valve opening on downstroke. Volumetric lifting capacity is degraded due to cyclic gas compression. Root factors: Operating parameters within nominal thresholds.,ADVISORY: Monitor casinghead gas backpressure. Optimize stroke length vs SPM to maximize compression ratio in barrel.,
e4e22854,WELL-019,Normal,Normal,0.9104,0.9104,0.0888,0.0,0.0008,3.7,Low,train,Sucker-rod card exhibits uniform load profile and normal full-stroke work envelope. Operating within nominal mechanical baseline.,Maintain baseline pumping parameters. Continue regular SCADA monitoring and scheduled lubrication.,Operating within nominal mechanical baseline
5b11c30b,WELL-011,Gas Interference,Gas Interference,0.935,0.0644,0.0,0.0007,0.935,42.9,Medium,train,Compressible free gas inside the pump barrel is delaying traveling valve opening on downstroke. Volumetric lifting capacity is degraded due to cyclic gas compression. Root factors: Narrow load swing (3537 lbf) reflects cushioned valve response.,ADVISORY: Monitor casinghead gas backpressure. Optimize stroke length vs SPM to maximize compression ratio in barrel.,Narrow load swing (3537 lbf) reflects cushioned valve response
03a5c6d9,WELL-014,Fluid Pound,Fluid Pound,0.9983,0.0,0.0016,0.9983,0.0,83.1,Critical,train,"Incomplete pump barrel fillage diagnosed due to reservoir inflow deficit (2083 ft fluid level). Plunger free-falls through vapor pocket before abruptly impacting fluid surface on downstroke, transmitting shock waves to polished rod and gearbox. Root factors: Depleted fluid column (2083 ft above pump) indicates pump-off condition; Low pump submergence ratio (38.9%); Sharp fluid-surface impact shock detected (slope_z=149.7); Depressed minimum load (4753 lbf) flags plunger free-fall inside barrel.",IMMEDIATE ACTION: Throttle pump speed from 7.6 SPM to 5.3 SPM or activate automatic Pump-Off Controller (POC) with intermittent timer (duty cycling) to permit annular fluid recovery. Inspect valves and rod guides.,Depleted fluid column (2083 ft above pump) indicates pump-off condition | Low pump submergence ratio (38.9%) | Sharp fluid-surface impact shock detected (slope_z=149.7) | Depressed minimum load (4753 lbf) flags plunger free-fall inside barrel
44aca344,WELL-018,Fluid Pound,Fluid Pound,1.0,0.0,0.0,1.0,0.0,87.3,Critical,train,"Incomplete pump barrel fillage diagnosed due to reservoir inflow deficit (1381 ft fluid level). Plunger free-falls through vapor pocket before abruptly impacting fluid surface on downstroke, transmitting shock waves to polished rod and gearbox. Root factors: Depleted fluid column (1381 ft above pump) indicates pump-off condition; Low pump submergence ratio (24.4%); Sharp fluid-surface impact shock detected (slope_z=156.2).",IMMEDIATE ACTION: Throttle pump speed from 7.8 SPM to 5.4 SPM or activate automatic Pump-Off Controller (POC) with intermittent timer (duty cycling) to permit annular fluid recovery. Inspect valves and rod guides.,Depleted fluid column (1381 ft above pump) indicates pump-off condition | Low pump submergence ratio (24.4%) | Sharp fluid-surface impact shock detected (slope_z=156.2)
6efdcc4f,WELL-018,Normal,Normal,0.9841,0.9841,0.0012,0.0,0.0147,4.9,Low,train,Sucker-rod card exhibits uniform load profile and normal full-stroke work envelope. Operating within nominal mechanical baseline.,Maintain baseline pumping parameters. Continue regular SCADA monitoring and scheduled lubrication.,Operating within nominal mechanical baseline
4adb7b54,WELL-010,Normal,Normal,0.9762,0.9762,0.017,0.0,0.0068,6.1,Low,train,Sucker-rod card exhibits uniform load profile and normal full-stroke work envelope. Operating within nominal mechanical baseline.,Maintain baseline pumping parameters. Continue regular SCADA monitoring and scheduled lubrication.,Operating within nominal mechanical baseline
eb66992e,WELL-011,Normal,Normal,0.9564,0.9564,0.0426,0.0,0.001,3.8,Low,train,Sucker-rod card exhibits uniform load profile and normal full-stroke work envelope. Operating within nominal mechanical baseline.,Maintain baseline pumping parameters. Continue regular SCADA monitoring and scheduled lubrication.,Operating within nominal mechanical baseline
a398c534,WELL-015,Rod Floating,Rod Floating,0.9999,0.0001,0.9999,0.0,0.0,88.5,Critical,train,Severe downstroke rod deceleration diagnosed. Downstroke velocity lag caused by heavy crude drag (943 cP) and pumping speed (8.6 SPM) creates compressive rod stress and sharp impact on plunger re-engagement. Root factors: Elevated viscosity (943.3 cP) increases rod downstroke fluid drag; High pumping speed (8.6 SPM) exceeds rod free-fall velocity limit; Low wellbore temperature (108.7 °F) exacerbates fluid thickening; Severe mechanical impact spike detected on downstroke (slope_z=107.1).,IMMEDIATE ACTION: Reduce VFD stroke speed from 8.6 SPM to 6.4 SPM to restore gravity downstroke tracking. Schedule CSS (Cyclic Steam Stimulation) / diluent injection to reduce crude viscosity. Inspect rod string for compressive buckling.,Elevated viscosity (943.3 cP) increases rod downstroke fluid drag | High pumping speed (8.6 SPM) exceeds rod free-fall velocity limit | Low wellbore temperature (108.7 °F) exacerbates fluid thickening | Severe mechanical impact spike detected on downstroke (slope_z=107.1)
b5f481b4,WELL-003,Fluid Pound,Fluid Pound,1.0,0.0,0.0,1.0,0.0,73.1,High,val,"Incomplete pump barrel fillage diagnosed due to reservoir inflow deficit (2329 ft fluid level). Plunger free-falls through vapor pocket before abruptly impacting fluid surface on downstroke, transmitting shock waves to polished rod and gearbox. Root factors: Depleted fluid column (2329 ft above pump) indicates pump-off condition; Low pump submergence ratio (39.4%); Sharp fluid-surface impact shock detected (slope_z=94.9).",IMMEDIATE ACTION: Throttle pump speed from 4.6 SPM to 3.2 SPM or activate automatic Pump-Off Controller (POC) with intermittent timer (duty cycling) to permit annular fluid recovery. Inspect valves and rod guides.,Depleted fluid column (2329 ft above pump) indicates pump-off condition | Low pump submergence ratio (39.4%) | Sharp fluid-surface impact shock detected (slope_z=94.9)
02bcec9d,WELL-017,Normal,Normal,0.9943,0.9943,0.0015,0.0,0.0041,4.0,Low,val,Sucker-rod card exhibits uniform load profile and normal full-stroke work envelope. Operating within nominal mechanical baseline.,Maintain baseline pumping parameters. Continue regular SCADA monitoring and scheduled lubrication.,Operating within nominal mechanical baseline
861509ec,WELL-010,Rod Floating,Rod Floating,0.9999,0.0001,0.9999,0.0,0.0,80.1,Critical,train,Severe downstroke rod deceleration diagnosed. Downstroke velocity lag caused by heavy crude drag (639 cP) and pumping speed (11.5 SPM) creates compressive rod stress and sharp impact on plunger re-engagement. Root factors: Elevated viscosity (638.9 cP) increases rod downstroke fluid drag; High pumping speed (11.5 SPM) exceeds rod free-fall velocity limit; Severe mechanical impact spike detected on downstroke (slope_z=150.9).,IMMEDIATE ACTION: Reduce VFD stroke speed from 11.5 SPM to 8.6 SPM to restore gravity downstroke tracking. Schedule CSS (Cyclic Steam Stimulation) / diluent injection to reduce crude viscosity. Inspect rod string for compressive buckling.,Elevated viscosity (638.9 cP) increases rod downstroke fluid drag | High pumping speed (11.5 SPM) exceeds rod free-fall velocity limit | Severe mechanical impact spike detected on downstroke (slope_z=150.9)
1f4d178c,WELL-008,Fluid Pound,Fluid Pound,0.9999,0.0,0.0,0.9999,0.0,62.3,High,train,"Incomplete pump barrel fillage diagnosed due to reservoir inflow deficit (3084 ft fluid level). Plunger free-falls through vapor pocket before abruptly impacting fluid surface on downstroke, transmitting shock waves to polished rod and gearbox. Root factors: Sharp fluid-surface impact shock detected (slope_z=64.1); Depressed minimum load (3695 lbf) flags plunger free-fall inside barrel.",IMMEDIATE ACTION: Throttle pump speed from 7.1 SPM to 5.0 SPM or activate automatic Pump-Off Controller (POC) with intermittent timer (duty cycling) to permit annular fluid recovery. Inspect valves and rod guides.,Sharp fluid-surface impact shock detected (slope_z=64.1) | Depressed minimum load (3695 lbf) flags plunger free-fall inside barrel
6d07162a,WELL-010,Rod Floating,Rod Floating,0.9999,0.0001,0.9999,0.0,0.0,81.1,Critical,train,Severe downstroke rod deceleration diagnosed. Downstroke velocity lag caused by heavy crude drag (735 cP) and pumping speed (11.0 SPM) creates compressive rod stress and sharp impact on plunger re-engagement. Root factors: Elevated viscosity (735.1 cP) increases rod downstroke fluid drag; High pumping speed (11.0 SPM) exceeds rod free-fall velocity limit; Severe mechanical impact spike detected on downstroke (slope_z=137.2).,IMMEDIATE ACTION: Reduce VFD stroke speed from 11.0 SPM to 8.2 SPM to restore gravity downstroke tracking. Schedule CSS (Cyclic Steam Stimulation) / diluent injection to reduce crude viscosity. Inspect rod string for compressive buckling.,Elevated viscosity (735.1 cP) increases rod downstroke fluid drag | High pumping speed (11.0 SPM) exceeds rod free-fall velocity limit | Severe mechanical impact spike detected on downstroke (slope_z=137.2)
9bf1df79,WELL-014,Rod Floating,Rod Floating,0.9999,0.0001,0.9999,0.0,0.0,80.2,Critical,train,Severe downstroke rod deceleration diagnosed. Downstroke velocity lag caused by heavy crude drag (613 cP) and pumping speed (11.0 SPM) creates compressive rod stress and sharp impact on plunger re-engagement. Root factors: Elevated viscosity (612.9 cP) increases rod downstroke fluid drag; High pumping speed (11.0 SPM) exceeds rod free-fall velocity limit; Severe mechanical impact spike detected on downstroke (slope_z=205.4).,IMMEDIATE ACTION: Reduce VFD stroke speed from 11.0 SPM to 8.3 SPM to restore gravity downstroke tracking. Schedule CSS (Cyclic Steam Stimulation) / diluent injection to reduce crude viscosity. Inspect rod string for compressive buckling.,Elevated viscosity (612.9 cP) increases rod downstroke fluid drag | High pumping speed (11.0 SPM) exceeds rod free-fall velocity limit | Severe mechanical impact spike detected on downstroke (slope_z=205.4)
c1b339fa,WELL-018,Normal,Normal,0.9863,0.9863,0.0028,0.0001,0.0108,6.0,Low,train,Sucker-rod card exhibits uniform load profile and normal full-stroke work envelope. Operating within nominal mechanical baseline.,Maintain baseline pumping parameters. Continue regular SCADA monitoring and scheduled lubrication.,Operating within nominal mechanical baseline
303aabbd,WELL-004,Normal,Normal,0.9627,0.9627,0.033,0.0,0.0043,4.9,Low,train,Sucker-rod card exhibits uniform load profile and normal full-stroke work envelope. Operating within nominal mechanical baseline.,Maintain baseline pumping parameters. Continue regular SCADA monitoring and scheduled lubrication.,Operating within nominal mechanical baseline
458a4d1e,WELL-001,Fluid Pound,Fluid Pound,1.0,0.0,0.0,1.0,0.0,82.5,Critical,train,"Incomplete pump barrel fillage diagnosed due to reservoir inflow deficit (1838 ft fluid level). Plunger free-falls through vapor pocket before abruptly impacting fluid surface on downstroke, transmitting shock waves to polished rod and gearbox. Root factors: Depleted fluid column (1838 ft above pump) indicates pump-off condition; Low pump submergence ratio (42.6%); Sharp fluid-surface impact shock detected (slope_z=100.0); Depressed minimum load (5103 lbf) flags plunger free-fall inside barrel.",IMMEDIATE ACTION: Throttle pump speed from 7.4 SPM to 5.2 SPM or activate automatic Pump-Off Controller (POC) with intermittent timer (duty cycling) to permit annular fluid recovery. Inspect valves and rod guides.,Depleted fluid column (1838 ft above pump) indicates pump-off condition | Low pump submergence ratio (42.6%) | Sharp fluid-surface impact shock detected (slope_z=100.0) | Depressed minimum load (5103 lbf) flags plunger free-fall inside barrel
18ddcee5,WELL-007,Rod Floating,Rod Floating,0.9997,0.0003,0.9997,0.0,0.0,70.4,High,train,Severe downstroke rod deceleration diagnosed. Downstroke velocity lag caused by heavy crude drag (564 cP) and pumping speed (8.6 SPM) creates compressive rod stress and sharp impact on plunger re-engagement. Root factors: High pumping speed (8.6 SPM) exceeds rod free-fall velocity limit; Low wellbore temperature (116.6 °F) exacerbates fluid thickening; Severe mechanical impact spike detected on downstroke (slope_z=81.8).,IMMEDIATE ACTION: Reduce VFD stroke speed from 8.6 SPM to 6.4 SPM to restore gravity downstroke tracking. Schedule CSS (Cyclic Steam Stimulation) / diluent injection to reduce crude viscosity. Inspect rod string for compressive buckling.,High pumping speed (8.6 SPM) exceeds rod free-fall velocity limit | Low wellbore temperature (116.6 °F) exacerbates fluid thickening | Severe mechanical impact spike detected on downstroke (slope_z=81.8)
b7b08116,WELL-008,Normal,Normal,0.9737,0.9737,0.0253,0.0,0.001,5.3,Low,train,Sucker-rod card exhibits uniform load profile and normal full-stroke work envelope. Operating within nominal mechanical baseline.,Maintain baseline pumping parameters. Continue regular SCADA monitoring and scheduled lubrication.,Operating within nominal mechanical baseline
797e3f6f,WELL-010,Gas Interference,Normal,0.6231,0.6231,0.0005,0.0004,0.3759,17.7,Low,train,Sucker-rod card exhibits uniform load profile and normal full-stroke work envelope. Operating parameters within nominal thresholds.,Maintain baseline pumping parameters. Continue regular SCADA monitoring and scheduled lubrication.,
4dc057a5,WELL-011,Rod Floating,Rod Floating,0.9999,0.0001,0.9999,0.0,0.0,76.8,High,train,Severe downstroke rod deceleration diagnosed. Downstroke velocity lag caused by heavy crude drag (756 cP) and pumping speed (8.2 SPM) creates compressive rod stress and sharp impact on plunger re-engagement. Root factors: Elevated viscosity (756.1 cP) increases rod downstroke fluid drag; High pumping speed (8.2 SPM) exceeds rod free-fall velocity limit; Low wellbore temperature (115.2 °F) exacerbates fluid thickening; Severe mechanical impact spike detected on downstroke (slope_z=89.3).,IMMEDIATE ACTION: Reduce VFD stroke speed from 8.2 SPM to 6.1 SPM to restore gravity downstroke tracking. Schedule CSS (Cyclic Steam Stimulation) / diluent injection to reduce crude viscosity. Inspect rod string for compressive buckling.,Elevated viscosity (756.1 cP) increases rod downstroke fluid drag | High pumping speed (8.2 SPM) exceeds rod free-fall velocity limit | Low wellbore temperature (115.2 °F) exacerbates fluid thickening | Severe mechanical impact spike detected on downstroke (slope_z=89.3)
dc9a1b50,WELL-002,Rod Floating,Rod Floating,0.9999,0.0,0.9999,0.0,0.0,81.2,Critical,train,Severe downstroke rod deceleration diagnosed. Downstroke velocity lag caused by heavy crude drag (729 cP) and pumping speed (8.6 SPM) creates compressive rod stress and sharp impact on plunger re-engagement. Root factors: Elevated viscosity (728.8 cP) increases rod downstroke fluid drag; High pumping speed (8.6 SPM) exceeds rod free-fall velocity limit; Low wellbore temperature (108.9 °F) exacerbates fluid thickening; Severe mechanical impact spike detected on downstroke (slope_z=153.6).,IMMEDIATE ACTION: Reduce VFD stroke speed from 8.6 SPM to 6.4 SPM to restore gravity downstroke tracking. Schedule CSS (Cyclic Steam Stimulation) / diluent injection to reduce crude viscosity. Inspect rod string for compressive buckling.,Elevated viscosity (728.8 cP) increases rod downstroke fluid drag | High pumping speed (8.6 SPM) exceeds rod free-fall velocity limit | Low wellbore temperature (108.9 °F) exacerbates fluid thickening | Severe mechanical impact spike detected on downstroke (slope_z=153.6)
0e37e7ef,WELL-017,Normal,Normal,0.9951,0.9951,0.003,0.0,0.0019,4.0,Low,val,Sucker-rod card exhibits uniform load profile and normal full-stroke work envelope. Operating within nominal mechanical baseline.,Maintain baseline pumping parameters. Continue regular SCADA monitoring and scheduled lubrication.,Operating within nominal mechanical baseline
f15336b2,WELL-016,Rod Floating,Rod Floating,0.9736,0.0264,0.9736,0.0,0.0,57.8,High,val,Severe downstroke rod deceleration diagnosed. Downstroke velocity lag caused by heavy crude drag (833 cP) and pumping speed (6.0 SPM) creates compressive rod stress and sharp impact on plunger re-engagement. Root factors: Elevated viscosity (832.8 cP) increases rod downstroke fluid drag.,IMMEDIATE ACTION: Reduce VFD stroke speed from 6.0 SPM to 4.5 SPM to restore gravity downstroke tracking. Schedule CSS (Cyclic Steam Stimulation) / diluent injection to reduce crude viscosity. Inspect rod string for compressive buckling.,Elevated viscosity (832.8 cP) increases rod downstroke fluid drag
d134f73a,WELL-014,Normal,Normal,0.9884,0.9884,0.0014,0.0,0.0101,6.1,Low,train,Sucker-rod card exhibits uniform load profile and normal full-stroke work envelope. Operating within nominal mechanical baseline.,Maintain baseline pumping parameters. Continue regular SCADA monitoring and scheduled lubrication.,Operating within nominal mechanical baseline
a64c7461,WELL-001,Normal,Normal,0.9858,0.9858,0.0052,0.0,0.009,5.7,Low,train,Sucker-rod card exhibits uniform load profile and normal full-stroke work envelope. Operating within nominal mechanical baseline.,Maintain baseline pumping parameters. Continue regular SCADA monitoring and scheduled lubrication.,Operating within nominal mechanical baseline
193ecd4a,WELL-020,Gas Interference,Gas Interference,0.923,0.0763,0.0,0.0006,0.923,34.9,Medium,val,Compressible free gas inside the pump barrel is delaying traveling valve opening on downstroke. Volumetric lifting capacity is degraded due to cyclic gas compression. Root factors: Narrow load swing (4846 lbf) reflects cushioned valve response.,ADVISORY: Monitor casinghead gas backpressure. Optimize stroke length vs SPM to maximize compression ratio in barrel.,Narrow load swing (4846 lbf) reflects cushioned valve response
c7a16e72,WELL-018,Fluid Pound,Fluid Pound,0.9998,0.0,0.0002,0.9998,0.0,86.6,Critical,train,"Incomplete pump barrel fillage diagnosed due to reservoir inflow deficit (1443 ft fluid level). Plunger free-falls through vapor pocket before abruptly impacting fluid surface on downstroke, transmitting shock waves to polished rod and gearbox. Root factors: Depleted fluid column (1443 ft above pump) indicates pump-off condition; Low pump submergence ratio (25.4%); Sharp fluid-surface impact shock detected (slope_z=126.7).",IMMEDIATE ACTION: Throttle pump speed from 7.5 SPM to 5.3 SPM or activate automatic Pump-Off Controller (POC) with intermittent timer (duty cycling) to permit annular fluid recovery. Inspect valves and rod guides.,Depleted fluid column (1443 ft above pump) indicates pump-off condition | Low pump submergence ratio (25.4%) | Sharp fluid-surface impact shock detected (slope_z=126.7)
49b807f2,WELL-003,Rod Floating,Rod Floating,0.9997,0.0003,0.9997,0.0,0.0,69.1,High,val,Severe downstroke rod deceleration diagnosed. Downstroke velocity lag caused by heavy crude drag (682 cP) and pumping speed (7.4 SPM) creates compressive rod stress and sharp impact on plunger re-engagement. Root factors: Elevated viscosity (682.5 cP) increases rod downstroke fluid drag; Low wellbore temperature (97.2 °F) exacerbates fluid thickening; Severe mechanical impact spike detected on downstroke (slope_z=51.8).,IMMEDIATE ACTION: Reduce VFD stroke speed from 7.4 SPM to 5.5 SPM to restore gravity downstroke tracking. Schedule CSS (Cyclic Steam Stimulation) / diluent injection to reduce crude viscosity. Inspect rod string for compressive buckling.,Elevated viscosity (682.5 cP) increases rod downstroke fluid drag | Low wellbore temperature (97.2 °F) exacerbates fluid thickening | Severe mechanical impact spike detected on downstroke (slope_z=51.8)
88d562fa,WELL-016,Normal,Normal,0.9923,0.9923,0.0067,0.0,0.0009,4.0,Low,val,Sucker-rod card exhibits uniform load profile and normal full-stroke work envelope. Operating within nominal mechanical baseline.,Maintain baseline pumping parameters. Continue regular SCADA monitoring and scheduled lubrication.,Operating within nominal mechanical baseline
f15872ab,WELL-004,Fluid Pound,Fluid Pound,0.9953,0.0,0.0047,0.9953,0.0,82.1,Critical,train,"Incomplete pump barrel fillage diagnosed due to reservoir inflow deficit (2020 ft fluid level). Plunger free-falls through vapor pocket before abruptly impacting fluid surface on downstroke, transmitting shock waves to polished rod and gearbox. Root factors: Depleted fluid column (2020 ft above pump) indicates pump-off condition; Low pump submergence ratio (49.1%); Sharp fluid-surface impact shock detected (slope_z=131.3); Depressed minimum load (4294 lbf) flags plunger free-fall inside barrel.",IMMEDIATE ACTION: Throttle pump speed from 5.6 SPM to 3.9 SPM or activate automatic Pump-Off Controller (POC) with intermittent timer (duty cycling) to permit annular fluid recovery. Inspect valves and rod guides.,Depleted fluid column (2020 ft above pump) indicates pump-off condition | Low pump submergence ratio (49.1%) | Sharp fluid-surface impact shock detected (slope_z=131.3) | Depressed minimum load (4294 lbf) flags plunger free-fall inside barrel
a376753b,WELL-013,Fluid Pound,Fluid Pound,0.9999,0.0,0.0,0.9999,0.0,88.4,Critical,train,"Incomplete pump barrel fillage diagnosed due to reservoir inflow deficit (599 ft fluid level). Plunger free-falls through vapor pocket before abruptly impacting fluid surface on downstroke, transmitting shock waves to polished rod and gearbox. Root factors: Depleted fluid column (599 ft above pump) indicates pump-off condition; Low pump submergence ratio (17.4%); Sharp fluid-surface impact shock detected (slope_z=49.8); Depressed minimum load (3080 lbf) flags plunger free-fall inside barrel.",IMMEDIATE ACTION: Throttle pump speed from 6.0 SPM to 4.2 SPM or activate automatic Pump-Off Controller (POC) with intermittent timer (duty cycling) to permit annular fluid recovery. Inspect valves and rod guides.,Depleted fluid column (599 ft above pump) indicates pump-off condition | Low pump submergence ratio (17.4%) | Sharp fluid-surface impact shock detected (slope_z=49.8) | Depressed minimum load (3080 lbf) flags plunger free-fall inside barrel
f7aa2e9d,WELL-014,Normal,Normal,0.9864,0.9864,0.0021,0.0,0.0115,5.9,Low,train,Sucker-rod card exhibits uniform load profile and normal full-stroke work envelope. Operating within nominal mechanical baseline.,Maintain baseline pumping parameters. Continue regular SCADA monitoring and scheduled lubrication.,Operating within nominal mechanical baseline
bf506c56,WELL-011,Normal,Normal,0.9786,0.9786,0.02,0.0,0.0014,3.9,Low,train,Sucker-rod card exhibits uniform load profile and normal full-stroke work envelope. Operating within nominal mechanical baseline.,Maintain baseline pumping parameters. Continue regular SCADA monitoring and scheduled lubrication.,Operating within nominal mechanical baseline
e41a0f38,WELL-002,Normal,Normal,0.9852,0.9852,0.0039,0.0,0.0109,4.5,Low,train,Sucker-rod card exhibits uniform load profile and normal full-stroke work envelope. Operating within nominal mechanical baseline.,Maintain baseline pumping parameters. Continue regular SCADA monitoring and scheduled lubrication.,Operating within nominal mechanical baseline
60e83f7c,WELL-001,Rod Floating,Rod Floating,0.9999,0.0,0.9999,0.0,0.0,73.9,High,train,Severe downstroke rod deceleration diagnosed. Downstroke velocity lag caused by heavy crude drag (525 cP) and pumping speed (10.8 SPM) creates compressive rod stress and sharp impact on plunger re-engagement. Root factors: High pumping speed (10.8 SPM) exceeds rod free-fall velocity limit; Severe mechanical impact spike detected on downstroke (slope_z=168.1).,IMMEDIATE ACTION: Reduce VFD stroke speed from 10.8 SPM to 8.1 SPM to restore gravity downstroke tracking. Schedule CSS (Cyclic Steam Stimulation) / diluent injection to reduce crude viscosity. Inspect rod string for compressive buckling.,High pumping speed (10.8 SPM) exceeds rod free-fall velocity limit | Severe mechanical impact spike detected on downstroke (slope_z=168.1)
ba5d0a81,WELL-001,Fluid Pound,Fluid Pound,0.9998,0.0,0.0001,0.9998,0.0,73.6,High,train,"Incomplete pump barrel fillage diagnosed due to reservoir inflow deficit (2362 ft fluid level). Plunger free-falls through vapor pocket before abruptly impacting fluid surface on downstroke, transmitting shock waves to polished rod and gearbox. Root factors: Depleted fluid column (2362 ft above pump) indicates pump-off condition; Sharp fluid-surface impact shock detected (slope_z=91.8); Depressed minimum load (5078 lbf) flags plunger free-fall inside barrel.",IMMEDIATE ACTION: Throttle pump speed from 6.0 SPM to 4.2 SPM or activate automatic Pump-Off Controller (POC) with intermittent timer (duty cycling) to permit annular fluid recovery. Inspect valves and rod guides.,Depleted fluid column (2362 ft above pump) indicates pump-off condition | Sharp fluid-surface impact shock detected (slope_z=91.8) | Depressed minimum load (5078 lbf) flags plunger free-fall inside barrel
447e3e4b,WELL-005,Fluid Pound,Fluid Pound,0.9998,0.0,0.0002,0.9998,0.0,88.9,Critical,train,"Incomplete pump barrel fillage diagnosed due to reservoir inflow deficit (1184 ft fluid level). Plunger free-falls through vapor pocket before abruptly impacting fluid surface on downstroke, transmitting shock waves to polished rod and gearbox. Root factors: Depleted fluid column (1184 ft above pump) indicates pump-off condition; Low pump submergence ratio (30.1%); Sharp fluid-surface impact shock detected (slope_z=83.2); Depressed minimum load (4595 lbf) flags plunger free-fall inside barrel.",IMMEDIATE ACTION: Throttle pump speed from 6.3 SPM to 4.4 SPM or activate automatic Pump-Off Controller (POC) with intermittent timer (duty cycling) to permit annular fluid recovery. Inspect valves and rod guides.,Depleted fluid column (1184 ft above pump) indicates pump-off condition | Low pump submergence ratio (30.1%) | Sharp fluid-surface impact shock detected (slope_z=83.2) | Depressed minimum load (4595 lbf) flags plunger free-fall inside barrel
75ccb136,WELL-009,Normal,Normal,0.9952,0.9952,0.0024,0.0001,0.0024,4.0,Low,train,Sucker-rod card exhibits uniform load profile and normal full-stroke work envelope. Operating within nominal mechanical baseline.,Maintain baseline pumping parameters. Continue regular SCADA monitoring and scheduled lubrication.,Operating within nominal mechanical baseline
0b6c683c,WELL-005,Gas Interference,Normal,0.7251,0.7251,0.0008,0.0004,0.2738,12.0,Low,train,Sucker-rod card exhibits uniform load profile and normal full-stroke work envelope. Operating within nominal mechanical baseline.,Maintain baseline pumping parameters. Continue regular SCADA monitoring and scheduled lubrication.,Operating within nominal mechanical baseline
dba82176,WELL-009,Normal,Normal,0.9947,0.9947,0.002,0.0001,0.0033,4.0,Low,train,Sucker-rod card exhibits uniform load profile and normal full-stroke work envelope. Operating within nominal mechanical baseline.,Maintain baseline pumping parameters. Continue regular SCADA monitoring and scheduled lubrication.,Operating within nominal mechanical baseline
d1a772d7,WELL-015,Gas Interference,Gas Interference,0.6618,0.3375,0.0001,0.0005,0.6618,35.2,Medium,train,Compressible free gas inside the pump barrel is delaying traveling valve opening on downstroke. Volumetric lifting capacity is degraded due to cyclic gas compression. Root factors: Narrow load swing (2679 lbf) reflects cushioned valve response.,ADVISORY: Monitor casinghead gas backpressure. Optimize stroke length vs SPM to maximize compression ratio in barrel.,Narrow load swing (2679 lbf) reflects cushioned valve response
a4b67b7e,WELL-015,Normal,Normal,0.9663,0.9663,0.0285,0.0,0.0052,4.7,Low,train,Sucker-rod card exhibits uniform load profile and normal full-stroke work envelope. Operating within nominal mechanical baseline.,Maintain baseline pumping parameters. Continue regular SCADA monitoring and scheduled lubrication.,Operating within nominal mechanical baseline
87c931b7,WELL-013,Normal,Normal,0.986,0.986,0.0129,0.0,0.0012,5.1,Low,train,Sucker-rod card exhibits uniform load profile and normal full-stroke work envelope. Operating within nominal mechanical baseline.,Maintain baseline pumping parameters. Continue regular SCADA monitoring and scheduled lubrication.,Operating within nominal mechanical baseline
1a382141,WELL-003,Fluid Pound,Fluid Pound,1.0,0.0,0.0,1.0,0.0,66.0,High,val,"Incomplete pump barrel fillage diagnosed due to reservoir inflow deficit (2969 ft fluid level). Plunger free-falls through vapor pocket before abruptly impacting fluid surface on downstroke, transmitting shock waves to polished rod and gearbox. Root factors: Sharp fluid-surface impact shock detected (slope_z=98.8).",IMMEDIATE ACTION: Throttle pump speed from 4.2 SPM to 3.0 SPM or activate automatic Pump-Off Controller (POC) with intermittent timer (duty cycling) to permit annular fluid recovery. Inspect valves and rod guides.,Sharp fluid-surface impact shock detected (slope_z=98.8)
a9961999,WELL-015,Normal,Normal,0.9796,0.9796,0.0143,0.0,0.0061,5.3,Low,train,Sucker-rod card exhibits uniform load profile and normal full-stroke work envelope. Operating within nominal mechanical baseline.,Maintain baseline pumping parameters. Continue regular SCADA monitoring and scheduled lubrication.,Operating within nominal mechanical baseline
eac922c2,WELL-012,Normal,Normal,0.9603,0.9603,0.0351,0.0,0.0045,5.2,Low,train,Sucker-rod card exhibits uniform load profile and normal full-stroke work envelope. Operating within nominal mechanical baseline.,Maintain baseline pumping parameters. Continue regular SCADA monitoring and scheduled lubrication.,Operating within nominal mechanical baseline
061d2cce,WELL-016,Gas Interference,Normal,0.7263,0.7263,0.0,0.0011,0.2725,8.2,Low,val,Sucker-rod card exhibits uniform load profile and normal full-stroke work envelope. Operating within nominal mechanical baseline.,Maintain baseline pumping parameters. Continue regular SCADA monitoring and scheduled lubrication.,Operating within nominal mechanical baseline
ebeadf71,WELL-014,Gas Interference,Normal,0.7082,0.7082,0.0003,0.0001,0.2914,19.9,Low,train,Sucker-rod card exhibits uniform load profile and normal full-stroke work envelope. Operating within nominal mechanical baseline.,Maintain baseline pumping parameters. Continue regular SCADA monitoring and scheduled lubrication.,Operating within nominal mechanical baseline
b197e583,WELL-010,Gas Interference,Gas Interference,0.7682,0.2309,0.0,0.0009,0.7682,29.5,Medium,train,Compressible free gas inside the pump barrel is delaying traveling valve opening on downstroke. Volumetric lifting capacity is degraded due to cyclic gas compression. Root factors: Narrow load swing (4632 lbf) reflects cushioned valve response.,ADVISORY: Monitor casinghead gas backpressure. Optimize stroke length vs SPM to maximize compression ratio in barrel.,Narrow load swing (4632 lbf) reflects cushioned valve response
ae860c89,WELL-010,Fluid Pound,Fluid Pound,0.9986,0.0001,0.0012,0.9986,0.0,63.7,High,train,"Incomplete pump barrel fillage diagnosed due to reservoir inflow deficit (3020 ft fluid level). Plunger free-falls through vapor pocket before abruptly impacting fluid surface on downstroke, transmitting shock waves to polished rod and gearbox. Root factors: Sharp fluid-surface impact shock detected (slope_z=68.7); Depressed minimum load (3651 lbf) flags plunger free-fall inside barrel.",IMMEDIATE ACTION: Throttle pump speed from 7.5 SPM to 5.2 SPM or activate automatic Pump-Off Controller (POC) with intermittent timer (duty cycling) to permit annular fluid recovery. Inspect valves and rod guides.,Sharp fluid-surface impact shock detected (slope_z=68.7) | Depressed minimum load (3651 lbf) flags plunger free-fall inside barrel
5684fb17,WELL-012,Rod Floating,Rod Floating,0.9999,0.0001,0.9999,0.0,0.0,79.6,High,train,Severe downstroke rod deceleration diagnosed. Downstroke velocity lag caused by heavy crude drag (557 cP) and pumping speed (9.8 SPM) creates compressive rod stress and sharp impact on plunger re-engagement. Root factors: High pumping speed (9.8 SPM) exceeds rod free-fall velocity limit; Low wellbore temperature (109.4 °F) exacerbates fluid thickening; Severe mechanical impact spike detected on downstroke (slope_z=125.1).,IMMEDIATE ACTION: Reduce VFD stroke speed from 9.8 SPM to 7.3 SPM to restore gravity downstroke tracking. Schedule CSS (Cyclic Steam Stimulation) / diluent injection to reduce crude viscosity. Inspect rod string for compressive buckling.,High pumping speed (9.8 SPM) exceeds rod free-fall velocity limit | Low wellbore temperature (109.4 °F) exacerbates fluid thickening | Severe mechanical impact spike detected on downstroke (slope_z=125.1)
879937d3,WELL-002,Normal,Normal,0.9801,0.9801,0.0008,0.0,0.0191,5.4,Low,train,Sucker-rod card exhibits uniform load profile and normal full-stroke work envelope. Operating within nominal mechanical baseline.,Maintain baseline pumping parameters. Continue regular SCADA monitoring and scheduled lubrication.,Operating within nominal mechanical baseline
1e90a870,WELL-005,Fluid Pound,Fluid Pound,1.0,0.0,0.0,1.0,0.0,91.7,Critical,train,"Incomplete pump barrel fillage diagnosed due to reservoir inflow deficit (932 ft fluid level). Plunger free-falls through vapor pocket before abruptly impacting fluid surface on downstroke, transmitting shock waves to polished rod and gearbox. Root factors: Depleted fluid column (932 ft above pump) indicates pump-off condition; Low pump submergence ratio (23.7%); Sharp fluid-surface impact shock detected (slope_z=81.7); Depressed minimum load (4604 lbf) flags plunger free-fall inside barrel.",IMMEDIATE ACTION: Throttle pump speed from 6.4 SPM to 4.5 SPM or activate automatic Pump-Off Controller (POC) with intermittent timer (duty cycling) to permit annular fluid recovery. Inspect valves and rod guides.,Depleted fluid column (932 ft above pump) indicates pump-off condition | Low pump submergence ratio (23.7%) | Sharp fluid-surface impact shock detected (slope_z=81.7) | Depressed minimum load (4604 lbf) flags plunger free-fall inside barrel
6956c791,WELL-004,Gas Interference,Gas Interference,0.6861,0.3131,0.0001,0.0008,0.6861,33.7,Medium,train,Compressible free gas inside the pump barrel is delaying traveling valve opening on downstroke. Volumetric lifting capacity is degraded due to cyclic gas compression. Root factors: Narrow load swing (3014 lbf) reflects cushioned valve response.,ADVISORY: Monitor casinghead gas backpressure. Optimize stroke length vs SPM to maximize compression ratio in barrel.,Narrow load swing (3014 lbf) reflects cushioned valve response
e7d07bce,WELL-013,Normal,Normal,0.9848,0.9848,0.0138,0.0,0.0013,5.3,Low,train,Sucker-rod card exhibits uniform load profile and normal full-stroke work envelope. Operating within nominal mechanical baseline.,Maintain baseline pumping parameters. Continue regular SCADA monitoring and scheduled lubrication.,Operating within nominal mechanical baseline
15277f6f,WELL-016,Rod Floating,Rod Floating,0.9883,0.0117,0.9883,0.0,0.0,56.5,High,val,Severe downstroke rod deceleration diagnosed. Downstroke velocity lag caused by heavy crude drag (722 cP) and pumping speed (6.3 SPM) creates compressive rod stress and sharp impact on plunger re-engagement. Root factors: Elevated viscosity (721.6 cP) increases rod downstroke fluid drag.,IMMEDIATE ACTION: Reduce VFD stroke speed from 6.3 SPM to 4.7 SPM to restore gravity downstroke tracking. Schedule CSS (Cyclic Steam Stimulation) / diluent injection to reduce crude viscosity. Inspect rod string for compressive buckling.,Elevated viscosity (721.6 cP) increases rod downstroke fluid drag
2aab3a93,WELL-018,Rod Floating,Rod Floating,0.9999,0.0001,0.9999,0.0,0.0,82.4,Critical,train,Severe downstroke rod deceleration diagnosed. Downstroke velocity lag caused by heavy crude drag (753 cP) and pumping speed (9.8 SPM) creates compressive rod stress and sharp impact on plunger re-engagement. Root factors: Elevated viscosity (752.9 cP) increases rod downstroke fluid drag; High pumping speed (9.8 SPM) exceeds rod free-fall velocity limit; Severe mechanical impact spike detected on downstroke (slope_z=190.9).,IMMEDIATE ACTION: Reduce VFD stroke speed from 9.8 SPM to 7.4 SPM to restore gravity downstroke tracking. Schedule CSS (Cyclic Steam Stimulation) / diluent injection to reduce crude viscosity. Inspect rod string for compressive buckling.,Elevated viscosity (752.9 cP) increases rod downstroke fluid drag | High pumping speed (9.8 SPM) exceeds rod free-fall velocity limit | Severe mechanical impact spike detected on downstroke (slope_z=190.9)
df11a020,WELL-016,Rod Floating,Rod Floating,0.997,0.003,0.997,0.0,0.0,58.6,High,val,Severe downstroke rod deceleration diagnosed. Downstroke velocity lag caused by heavy crude drag (596 cP) and pumping speed (7.2 SPM) creates compressive rod stress and sharp impact on plunger re-engagement. Root factors: Operating parameters within nominal thresholds.,IMMEDIATE ACTION: Reduce VFD stroke speed from 7.2 SPM to 5.4 SPM to restore gravity downstroke tracking. Schedule CSS (Cyclic Steam Stimulation) / diluent injection to reduce crude viscosity. Inspect rod string for compressive buckling.,
