card_id,well_id,condition_label,risk_level,recommended_action,severity,split,data_source,SPM,temperature,viscosity,fluid_level,pump_depth,production_rate,stroke_length,PPRL_z,MPRL_z,load_range_z,mean_load_z,std_load_z,PPRL_raw_lbf,MPRL_raw_lbf,load_range_raw_lbf,mean_load_raw_lbf,std_load_raw_lbf,card_work_raw_lbf_in,card_area_shape_norm,mean_up_z,std_up_z,min_up_z,max_up_z,mean_down_z,std_down_z,min_down_z,max_down_z,mean_slope_up_z,max_abs_slope_up_z,mean_slope_down_z,max_abs_slope_down_z,position_of_peak_load,position_of_min_load,up_down_load_ratio_raw
491f0416,WELL-019,Rod Floating,High,Reduce SPM / adjust VFD; evaluate CSS timing,1.0,train,synthetic_physics_v1,6.61,130.7,1055.6,2260.2,5810.4,45.0,98.7,1.3929525122241813,-0.7993520779506065,2.1923045901747877,0.2381913536599313,0.651784026457747,13145.56,9250.89,3894.67,11109.62095,1188.042073231667,197795.84640000004,0.5196232289806781,0.8051011485024389,0.28379571447567215,-0.7993520779506065,1.221823495672901,-0.3287184411825762,0.35543128134625585,-0.7993520779506065,1.3929525122241813,-2.0211755736235126,120.16460783672824,-0.8133908676659688,62.296815048737706,0.08080808080808081,1.0,1.1963457758410028
b766e629,WELL-014,Rod Floating,High,Reduce SPM / adjust VFD; evaluate CSS timing,1.0,train,synthetic_physics_v1,11.47,128.3,745.6,2552.5,5348.2,49.6,119.3,5.383972925555561,-2.2661311567793723,7.650104082334933,0.09268232255062486,1.279708700369599,18267.68,6100.92,12166.76,9891.145900000001,2287.3487068403433,275043.3513500002,0.19151771017075483,0.826310743636852,0.8240759614813126,-0.585136093328298,2.251050658444182,-0.6409460985356025,1.232796092166505,-2.2661311567793723,5.383972925555561,-2.836186751772481,7.241184101762469,-2.8426308946962386,223.27639998748586,0.08080808080808081,1.0,1.25887949715483
40eff1f0,WELL-007,Gas Interference,Low,Continue monitoring,0.222,train,synthetic_physics_v1,5.81,133.8,387.6,3544.8,4904.2,27.5,145.9,1.0629883608654762,-0.939677781629829,2.002666142495305,0.053939587765586834,0.8523640136240014,15840.16,9217.62,6622.539999999999,12528.0402,2783.6012659597923,811742.4045999993,0.8398045264379513,0.8913906019679975,0.1870995513372445,-0.5230804530099838,1.0629883608654762,-0.7835114264368238,0.124073280582659,-0.939677781629829,-0.5273310258384326,-1.5770019467157859,116.00839344300026,-0.3889804890970442,2.4138444075515277,0.04040404040404041,0.9292929292929294,1.5541319865377365
33b108c1,WELL-003,Normal,Low,Continue monitoring,0.0,val,synthetic_physics_v1,4.37,132.5,481.9,3454.0,5912.1,99.1,107.3,1.1773802993076847,-0.8395234209480625,2.016903720255747,0.1718592023324244,0.8861998004838147,19605.34,12186.17,7419.17,15889.691600000002,3248.1349512251554,693194.5783499999,0.876165688094479,1.055368234277472,0.06898515948970048,0.9322018600750924,1.1773802993076847,-0.711649829612623,0.06902754137542784,-0.8395234209480625,-0.5900268772005358,-0.21557525583834206,1.8363551863028067,-0.24949654374752686,1.7068482432260064,0.04040404040404041,1.0,1.505641637767005
2e9e84b5,WELL-007,Normal,Low,Continue monitoring,0.0,train,synthetic_physics_v1,6.16,131.5,392.3,3734.1,4904.2,35.9,145.9,1.3571482303367794,-1.1447703267335412,2.5019185570703204,0.0976341516593478,0.9936698060745568,16824.63,8552.63,8272.000000000002,12675.835449999999,3301.038747274075,944419.6603499993,0.7817012872878895,1.0718826094256508,0.22967731781369843,-0.6515643664321765,1.3571482303367794,-0.8766143061069555,0.15390770536383042,-1.1447703267335412,-0.6031642299251072,-2.008712596768963,145.94075383022764,-0.5348268476135385,2.9731440572984558,0.0,1.0,1.6801664450421783
6463a25c,WELL-004,Gas Interference,Low,Continue monitoring,0.284,train,synthetic_physics_v1,6.09,129.8,452.7,2833.3,4111.4,85.3,104.6,1.0478529546837507,-0.7900824041735375,1.8379353588572882,0.12900032108701137,0.7215621705044089,10309.04,7473.68,2835.3600000000006,8895.163,1106.8866504556825,226731.90480000002,0.7667181472916436,0.8331383347618839,0.15759255924564566,0.5349168863225038,1.0478529546837507,-0.5751376925878611,0.15763195257461293,-0.7900824041735375,-0.2714884959382035,-0.5104104755919536,2.646815729774774,-0.5146623792328199,2.804691937294464,0.010101010101010102,0.98989898989899,1.2699806296271219
a1898515,WELL-016,Fluid Pound,Medium,Reduce SPM to match inflow; check pump-off control,0.499,val,synthetic_physics_v1,3.69,144.0,329.3,2613.3,5305.9,85.5,142.3,0.624292855319257,-1.8213835108278886,2.4456763661471457,-0.3967762619756687,0.9912997402903849,14822.0,4736.58,10085.42,10592.875699999999,4085.162407670411,1093351.3448500002,0.766039722104682,0.5401012041098191,0.04122195935811701,0.4645607570738335,0.624292855319257,-1.3336537280611562,0.4562590572785586,-1.8213835108278886,-0.737597289194324,-0.11940995774972953,3.630645646179034,-0.9288711747926406,53.82501492393437,0.010101010101010102,0.6666666666666667,2.1303388852585337
478ac37b,WELL-003,Gas Interference,Medium,Evaluate gas separation / SPM adjustment,0.446,val,synthetic_physics_v1,4.66,130.3,446.8,3556.9,5912.1,101.7,107.3,0.9161404824235284,-0.5343075162433996,1.4504479986669279,0.193107457894141,0.6592862351284164,18630.67,13295.9,5334.769999999999,15967.933649999997,2386.420809265243,515463.6709999999,0.9058619041064441,0.8497071750573157,0.059852261336671535,0.7144408696367963,0.9161404824235284,-0.4634922592690337,0.05905937110203355,-0.5343075162433996,-0.3385369791986514,-0.18894430924189623,2.4162453644773914,-0.155753423257852,1.887804206620528,0.19191919191919193,0.9292929292929294,1.3454027455561712
394c0856,WELL-018,Rod Floating,High,Reduce SPM / adjust VFD; evaluate CSS timing,1.0,train,synthetic_physics_v1,10.01,137.5,773.3,2149.2,5672.4,80.3,144.4,5.058325887219822,-1.694420780029621,6.752746667249443,0.23196451869361528,1.069817700979291,25173.78,9223.36,15950.419999999998,13856.91815,2866.6190512352837,344393.30720000004,0.1499487632878783,0.7361413937614867,0.762574580644623,-1.694420780029621,2.012629395488322,-0.27221235637425617,1.0950393567838104,-1.694420780029621,5.058325887219822,-3.7070501755179484,119.4570291482709,-2.5243704353476195,197.5120755320007,0.08080808080808081,1.0,1.1833242134624389
31603dd5,WELL-008,Normal,Low,Continue monitoring,0.0,train,synthetic_physics_v1,7.6,156.9,439.7,3553.0,3844.2,30.8,79.5,1.2643088576712753,-1.061487441271131,2.3257962989424064,0.09760062057798734,0.9476713276950162,11339.49,5902.09,5437.4,8621.1557,2213.941034503067,346402.2767499998,0.8014973235383074,1.0250234726537035,0.24388714391361543,-1.0423753311566506,1.2643088576712753,-0.8298222314977289,0.12827571321032336,-1.061487441271131,-0.610359508324907,-2.3010444640444887,184.80913473024296,-0.42756635589078695,2.2709591963646636,0.020202020202020204,0.9797979797979799,1.6710116010711964
36a95731,WELL-011,Normal,Low,Continue monitoring,0.0,train,synthetic_physics_v1,4.91,139.3,446.2,2475.3,4348.1,93.1,141.4,1.3674610531597364,-0.9110840552759626,2.278545108435699,0.2171531284785157,0.9316575593247408,11615.58,6927.7,4687.88,9273.0078,1920.9588223223734,535062.7385000002,0.8049784281586592,1.1297157425297586,0.2367444839201834,-0.9110840552759626,1.3674610531597364,-0.695409485572727,0.11992754437224368,-0.9110840552759626,-0.4900119116575816,-2.278545108435708,183.6834246439992,-0.42107214361838075,2.3255651277960396,0.0,1.0,1.5087790447929816
594acd64,WELL-014,Gas Interference,Medium,Evaluate gas separation / SPM adjustment,0.376,train,synthetic_physics_v1,6.61,149.8,386.0,2528.9,5348.2,50.1,119.3,0.9329224553451704,-0.9701905764308782,1.9031130317760487,-0.014461613440044018,0.6869474170907062,11216.68,8180.31,3036.37,9701.897949999999,1092.1511871532703,246021.0016500001,0.6881976243127863,0.639930966111309,0.2092373469934114,0.24869350128999426,0.9329224553451704,-0.668854192991397,0.20869581685936084,-0.9701905764308782,-0.28209900158310675,-0.6832175210851065,2.26814657267683,-0.6880915748477708,2.8013783770309097,0.010101010101010102,1.0,1.2317562119495056
2e42a9ff,WELL-004,Normal,Low,Continue monitoring,0.0,train,synthetic_physics_v1,6.68,137.6,522.9,2772.3,4111.4,91.2,104.6,1.3038948190144948,-1.069164960326583,2.3730597793410775,0.11673633664052943,0.8359675409100149,10710.87,7027.2,3683.670000000001,8875.737650000001,1313.163714761407,259168.9345999998,0.678753663409687,0.9220311945948448,0.22405052340938927,0.5179612828127492,1.3038948190144948,-0.6885585213137858,0.22468913052244316,-1.069164960326583,-0.30734500313119034,-0.782421785118266,3.0178302747058954,-0.7474638556428249,2.4880416044539744,0.010101010101010102,0.98989898989899,1.3221543705302798
210cd9ce,WELL-013,Fluid Pound,Medium,Reduce SPM to match inflow; check pump-off control,0.327,train,synthetic_physics_v1,6.4,140.1,452.7,808.4,3433.6,99.5,105.0,0.4134903328127682,-1.7677175760711914,2.1812079088839598,-0.5710403747995314,0.8768042944613381,7986.45,3079.56,4906.889999999999,5829.7378499999995,1928.4268276693515,375747.63565000007,0.7313678757305203,0.22280696149275722,0.17265380821535986,-1.1532399054709221,0.4134903328127682,-1.3648877110918198,0.49736809045585073,-1.7677175760711914,-0.24478445063601287,-1.5465923789122236,120.45724633845238,-1.062523488288853,46.933862881085524,0.030303030303030304,0.5151515151515152,1.8395992998372315
68904d4b,WELL-010,Gas Interference,Low,Continue monitoring,0.28,train,synthetic_physics_v1,7.32,150.8,323.9,3998.5,4085.4,77.8,133.2,1.1113668711004654,-1.1019408821292165,2.2133077532296817,0.0029384391118517784,0.8648537556565963,10328.48,5940.41,4388.07,8133.45615,1706.8610946889257,444772.8641999997,0.7622722145915618,0.8458818082105881,0.19292733247711955,0.4738298123321562,1.1113668711004654,-0.8400049299868846,0.19394853625342307,-1.1019408821292165,-0.4599245086146919,-0.5951471908497751,3.293518661824982,-0.6142862536220312,3.094682978190238,0.020202020202020204,0.9595959595959597,1.501282614108378
663d496e,WELL-007,Rod Floating,High,Reduce SPM / adjust VFD; evaluate CSS timing,1.0,train,synthetic_physics_v1,9.07,112.6,647.6,3567.9,4904.2,46.0,145.9,1.6499826865506844,-1.4394620644467992,3.0894447509974836,0.09875432779108528,0.9986035790834299,17805.99,7567.3,10238.690000000002,12695.403400000003,3405.0864932231075,867046.2515999998,0.5814130382947974,0.9937376907581462,0.3798085959142693,-0.9666776942568078,1.5693614528693516,-0.7962290351759757,0.49816985738846475,-1.4394620644467992,1.6499826865506844,-2.5360391471261656,139.82741791350483,-1.141779986857299,91.43608764841615,0.08080808080808081,0.9797979797979799,1.6025596608156563
99f385b5,WELL-016,Normal,Low,Continue monitoring,0.0,val,synthetic_physics_v1,3.46,143.4,360.9,3826.0,5305.9,86.2,142.3,1.2112003731163583,-0.9969841377678411,2.2081845108841995,0.11153184678972565,1.0336361563250773,17217.85,8142.56,9075.289999999997,12688.2707,4242.431655801365,1205772.2700999994,0.9356234855898233,1.1445972136540474,0.03366290300968116,1.0806696407250524,1.2112003731163583,-0.9215335200745959,0.03501588006732855,-0.9969841377678411,-0.8584949578110503,-0.1305307323913058,2.7190537143613893,-0.1334907456372756,2.0327807748797153,0.0,1.0,1.9930946875695783
83e8ae54,WELL-015,Normal,Low,Continue monitoring,0.0,train,synthetic_physics_v1,6.13,124.8,464.1,2704.1,4316.7,66.7,122.9,1.3871809111372053,-1.0943139782021516,2.481494889339357,0.14829848296779288,0.9101685238835804,9685.83,6053.41,3632.42,7879.48365,1338.8053855094763,315454.9472500007,0.7143631705597235,1.0345900583490097,0.20753907509646577,0.6693481156905084,1.3871809111372053,-0.7379930924134238,0.20667729159609544,-1.0943139782021516,-0.3816782627633825,-0.7122223251282398,2.442377595525596,-0.7100208089605055,2.8189460379843077,0.010101010101010102,0.98989898989899,1.386316109394511
2e2da318,WELL-015,Normal,Low,Continue monitoring,0.0,train,synthetic_physics_v1,6.12,123.9,440.1,2703.3,4316.7,60.1,122.9,1.3952859862987357,-1.099445431331167,2.494731417629903,0.14616979199490943,0.9108132314854208,9695.83,6067.87,3627.96,7877.42855,1339.3481784313583,315624.5413500002,0.7109581003809733,1.033039805829748,0.20780921659708523,0.6694910871284604,1.3952859862987357,-0.7407002218399293,0.2071230839774281,-1.099445431331167,-0.3866299476118979,-0.7112447261049943,3.6403247026398278,-0.7128154837192693,2.8395347742083747,0.0,1.0,1.3865978640668584
a54c78ec,WELL-018,Gas Interference,Low,Continue monitoring,0.211,train,synthetic_physics_v1,7.18,153.3,330.2,2358.3,5672.4,74.5,144.4,1.2771642299148025,-0.8954673798827162,2.1726316097975187,0.1879962990127993,0.6718186765024783,16298.46,11169.96,5128.5,13720.713050000002,1634.9476222506937,391485.7863000005,0.5305169095363661,0.7612409933852109,0.36691027106867796,-0.8954673798827162,1.2771642299148025,-0.38524839535961247,0.33292425854412133,-0.8954673798827162,0.19761230472846236,-2.1726316097975236,109.1671643954327,-1.093079684611178,3.5076880730451934,0.0,1.0,1.2144819626976873
6b2d135b,WELL-015,Rod Floating,High,Reduce SPM / adjust VFD; evaluate CSS timing,1.0,train,synthetic_physics_v1,9.19,111.8,651.4,2550.4,4316.7,74.6,122.9,2.792740097064616,-1.5308223558098748,4.323562452874491,0.1702501413856475,0.9835198323299222,11759.03,5405.57,6353.460000000001,7921.716899999999,1534.5235657520514,278705.80794999993,0.3622290072066605,0.9540190177109141,0.4690480738488057,0.13700938226279127,1.7837411736896573,-0.613518734939619,0.6971578892897508,-1.5308223558098748,2.792740097064616,-1.6467317914268662,5.9826669977337,-1.5531769461252938,124.0494300254814,0.08080808080808081,0.98989898989899,1.3300741411708057
18ca93e7,WELL-012,Normal,Low,Continue monitoring,0.0,train,synthetic_physics_v1,7.43,124.5,302.6,2144.1,5158.4,55.0,145.3,1.4680888533731336,-1.3316054539132334,2.7996943072863667,0.06627387205219265,0.979799785432541,15734.11,8003.6,7730.51,11875.839,2738.119565645189,748363.0972999991,0.6666680942320484,0.9949087114819541,0.35243638048966036,-1.3316054539132334,1.4680888533731336,-0.862360967377569,0.26660552651656766,-1.3316054539132334,-0.4040263276690513,-2.799694307286376,187.68906508354445,-0.9061984530233685,3.7422030292383948,0.0,1.0,1.5508463759127784
b314fddd,WELL-004,Normal,Low,Continue monitoring,0.0,train,synthetic_physics_v1,6.55,132.1,440.8,2804.4,4111.4,77.2,104.6,1.3084836800956183,-1.0534161760462157,2.361899856141834,0.12392877348777943,0.8394679069424978,10733.42,7039.98,3693.4400000000005,8887.4478,1317.7476734417558,261098.63955000008,0.68714225119392,0.9353570044191403,0.21497555578212754,0.5517034539076977,1.3084836800956183,-0.6874994574435818,0.21532927363506763,-1.0534161760462157,-0.3235450593211041,-0.7446097490704391,3.8491120313545695,-0.7298711167251111,2.03916308288356,0.020202020202020204,1.0,1.3246984338912444
dbb4a2f8,WELL-008,Gas Interference,Low,Continue monitoring,0.201,train,synthetic_physics_v1,7.14,160.3,385.1,3658.8,3844.2,33.0,79.5,1.1317709279426764,-0.8830467017439877,2.014817629686664,0.12031872105694283,0.8823166602407034,11014.9,6312.52,4702.379999999999,8672.670049999999,2029.4805418122387,323693.4750000003,0.8647151868104568,0.9868048710608686,0.21054776673209977,-0.851227159690134,1.1317709279426764,-0.746167428946983,0.1050643588639456,-0.8830467017439877,-0.5175353840627626,-1.9639579745835507,163.05941805388682,-0.33369177562737135,2.8165450904666978,0.06060606060606061,0.9292929292929294,1.5965798864206566
a0fb091a,WELL-013,Fluid Pound,Medium,Reduce SPM to match inflow; check pump-off control,0.301,train,synthetic_physics_v1,6.49,135.4,411.0,822.0,3433.6,98.6,105.0,0.4246665814008443,-1.7669416809086036,2.191608262309448,-0.5778277746745263,0.8922375880621005,8011.23,3036.62,4974.61,5824.4649,1956.5618127227644,383914.04599999974,0.7437759295580862,0.23324848263897732,0.17523072585326063,-1.1670016598708826,0.4246665814008443,-1.3889040319880295,0.4957626745362415,-1.7669416809086036,-0.2366382980440099,-1.5823034305152446,123.45336844450776,-1.1037729524311217,54.30662055131038,0.010101010101010102,0.7373737373737375,1.8606613919613075
ed3a5385,WELL-013,Normal,Low,Continue monitoring,0.0,train,synthetic_physics_v1,6.55,137.2,466.6,2152.9,3433.6,99.9,105.0,1.391842119153683,-1.0397181105043758,2.431560229658059,0.1645024347781689,1.0340760813838765,10152.94,4683.5,5469.4400000000005,7422.451550000001,2321.7810704575695,483054.1245999999,0.8438557767176424,1.1870124838602871,0.1896023683945773,-0.3605846297931286,1.391842119153683,-0.8580076143039496,0.1078147723264357,-1.0397181105043758,-0.6672223295649874,-1.7279220638928343,136.08446286942217,-0.3556263467664172,2.741949191479724,0.010101010101010102,1.0,1.8899520704779487
b494abb5,WELL-020,Rod Floating,High,Reduce SPM / adjust VFD; evaluate CSS timing,1.0,val,synthetic_physics_v1,7.24,113.8,893.3,2220.3,5915.5,66.0,147.1,1.6377855614267247,-1.0586193924981904,2.6964049539249153,0.2735475965122032,0.867075021454164,17712.86,9845.13,7867.730000000001,13758.5944,2570.7230233108817,657024.8472499999,0.5744855282547686,1.0444084307802015,0.35558016799530473,-1.055192531375607,1.551885449541587,-0.49731323775579517,0.43445146814253044,-1.0586193924981904,1.6377855614267247,-2.607077980917201,162.80240789042028,-0.9737778938952213,78.30952443817944,0.08080808080808081,0.98989898989899,1.382758291924079
eb2b4c8d,WELL-020,Gas Interference,Low,Continue monitoring,0.156,val,synthetic_physics_v1,5.31,121.1,463.5,2253.9,5915.5,58.0,147.1,1.2503240617966156,-0.7123968046758818,1.9627208664724973,0.2506204923366168,0.7909079225688848,16520.57,10857.02,5663.549999999999,13672.906850000001,2257.6011590155995,654587.6832000001,0.7868734028937008,1.0188252229912005,0.2242958760868656,-0.698953579545066,1.2503240617966156,-0.5175842383179667,0.14312591496553284,-0.7123968046758818,-0.23782446796268797,-1.9492776413416886,144.9618902900262,-0.46112911158237796,2.0815776483222,0.0,0.98989898989899,1.3797976571484953
c439c0a1,WELL-018,Rod Floating,High,Reduce SPM / adjust VFD; evaluate CSS timing,1.0,train,synthetic_physics_v1,9.71,128.6,666.0,2159.9,5672.4,78.2,144.4,4.774887824341263,-1.6243266604088162,6.39921448475008,0.22897174635186857,1.022621345506512,24522.01,9428.23,15093.779999999999,13846.9491,2731.856043370366,346245.09995000064,0.15907961056055625,0.7359032076884331,0.7175398278638755,-1.6243266604088162,1.9335552007190215,-0.27795971498469607,1.0308668270026582,-1.6243266604088162,4.774887824341263,-3.557881861127842,120.34889817122131,-2.3462378557496018,189.26432834190217,0.08080808080808081,1.0,1.185703898282011
a026636f,WELL-017,Rod Floating,High,Reduce SPM / adjust VFD; evaluate CSS timing,1.0,val,synthetic_physics_v1,7.64,106.4,784.4,3991.3,5858.7,100.9,103.8,1.2760882687202852,-1.2134499616569037,2.489538230377189,0.05401953987698953,1.002628940903778,20074.41,8767.71,11306.7,14528.0517,4480.196947787688,908707.3119999999,0.792494832865102,1.0381544808223275,0.18158357494152066,-0.1908418073616352,1.2760882687202852,-0.9301154010683487,0.20128047001175337,-1.2134499616569037,0.04785458647040082,-1.4669300760819262,102.12640165035369,-0.49503400918296975,35.05513411772708,0.0,0.98989898989899,1.855474418239713
83226871,WELL-016,Normal,Low,Continue monitoring,0.0,val,synthetic_physics_v1,5.19,145.4,393.2,3662.3,5305.9,90.0,142.3,1.1973879008167252,-1.058825007584609,2.2562129084013343,0.07105060357061213,0.996683007264991,17205.88,7862.84,9343.04,12525.855999999998,4099.175483971991,1159897.1441000015,0.8808533760706148,1.0647306224000461,0.07713304256583238,0.9306940107747551,1.1973879008167252,-0.9226294152588218,0.07748914791363665,-1.058825007584609,-0.7879179633232261,-0.2601105544317633,2.744275169430351,-0.2709070442613831,1.992374611839824,0.04040404040404041,1.0,1.9563482421488185
5aee7154,WELL-004,Fluid Pound,Medium,Reduce SPM to match inflow; check pump-off control,0.485,train,synthetic_physics_v1,6.36,129.7,484.6,2047.0,4111.4,83.9,104.6,0.9704402842210698,-2.8659467731307102,3.83638705735178,-0.499854616609589,1.3854553489602828,10199.82,4282.4,5917.42,7918.6245,2158.497149654303,353412.5884500003,0.5723320956906041,0.5978758425095907,0.20737688962045017,0.23543723905512046,0.9704402842210698,-1.5975850757287688,1.1772610380967576,-2.8659467731307102,0.18523488767627763,-0.6939834896645887,6.4023991080018465,-2.4930588402881755,141.72210880567562,0.010101010101010102,0.7676767676767677,1.5394368177254993
c847a9a9,WELL-004,Rod Floating,High,Reduce SPM / adjust VFD; evaluate CSS timing,1.0,train,synthetic_physics_v1,7.32,121.9,763.0,2921.9,4111.4,84.0,104.6,1.4520377703662055,-1.1620087548128692,2.6140465251790745,0.18934144449744636,0.8677809403665379,10955.2,6885.88,4069.3200000000006,8991.709550000001,1382.4282955999192,256100.57799999998,0.6090285834735005,0.9857451111092961,0.27086983338650544,0.5227397983724387,1.4520377703662055,-0.6070622221144032,0.4052153179513768,-1.1620087548128692,1.3647309859728916,-0.903100432490991,4.10129485623985,-0.9328832621221966,72.89245240148783,0.010101010101010102,1.0,1.312153091231226
0c6fd953,WELL-004,Gas Interference,Medium,Evaluate gas separation / SPM adjustment,0.419,train,synthetic_physics_v1,5.46,139.9,461.3,2934.0,4111.4,84.9,104.6,0.9287755667887659,-0.6256866962367198,1.5544622630254858,0.15144617548599157,0.6397255817815176,10134.94,7725.01,2409.9300000000003,8929.2243,978.7544917253305,202820.8097499995,0.8109160358026076,0.7813558935142669,0.11127343147850866,0.566890681591282,0.9287755667887659,-0.47846354254228357,0.11199713248774582,-0.6256866962367198,-0.2630366997101817,-0.3559896571242803,2.4705301839377043,-0.3614443163822115,2.7414295005574525,0.030303030303030304,0.9191919191919192,1.2374437605242883
7a98c88c,WELL-011,Gas Interference,Low,Continue monitoring,0.184,train,synthetic_physics_v1,5.87,129.7,414.1,2303.0,4348.1,98.7,141.4,1.1900960581116826,-0.8412171527669275,2.03131321087861,0.16858047981482435,0.8212586928257002,11267.27,7046.88,4220.39,9169.9422,1677.1629483217068,466961.7112,0.7882663036989084,0.9649946687755069,0.23654676549781067,-0.8348757152200159,1.1900960581116826,-0.6278337091458583,0.15628879697622314,-0.8412171527669275,-0.3199908545650171,-2.0247592085638315,151.9391497336379,-0.49980339031131704,2.5190269708536497,0.07070707070707072,0.98989898989899,1.4283637261090425
bdf6ef75,WELL-008,Fluid Pound,Medium,Reduce SPM to match inflow; check pump-off control,0.584,train,synthetic_physics_v1,7.16,154.7,311.5,2352.5,3844.2,29.3,79.5,0.7311005234087334,-1.9913901971699994,2.7224907205787328,-0.3399963253281388,0.979761261251683,10125.4,3705.52,6419.879999999999,7556.5227,2337.7385438428973,321063.7594,0.6332905978706931,0.5168208611830413,0.27459630220614567,-1.9776662604715836,0.7311005234087334,-1.196813511839319,0.6133430905389086,-1.9913901971699994,-0.29259796455709164,-2.7087667838803267,230.41696402440462,-1.3591918536866907,58.49913441499081,0.0,0.8080808080808082,1.74813022321231
0782545a,WELL-014,Rod Floating,High,Reduce SPM / adjust VFD; evaluate CSS timing,1.0,train,synthetic_physics_v1,10.11,128.3,796.3,2608.3,5348.2,43.7,119.3,4.020557351762959,-2.0025354954531407,6.0230928472161,0.0883834901364203,1.1192589447147736,16130.82,6561.24,9569.58,9878.955549999999,1954.2130284581815,286931.7357000001,0.25364391748490545,0.8530937611642716,0.6443231838039354,-0.24863788828805644,1.9254422750618907,-0.6763267808914312,0.9595651141167215,-2.0025354954531407,4.020557351762959,-2.1624617751388246,6.256952923351978,-2.274879876682741,171.35607882195862,0.08080808080808081,1.0,1.273241407538509
f7299559,WELL-010,Rod Floating,High,Reduce SPM / adjust VFD; evaluate CSS timing,1.0,train,synthetic_physics_v1,10.76,131.4,550.4,3788.5,4085.4,93.7,133.2,2.7705930324016075,-1.8258280216801823,4.59642105408179,0.03868314254738266,1.0736304012183429,13665.92,4488.54,9177.380000000001,8215.3184,2280.1185192288667,458171.7191000002,0.3784561967829668,0.9091805553909943,0.4961811274990986,0.048929738682449715,1.7665221383837415,-0.831814270296229,0.7373176208523705,-1.8258280216801823,2.7705930324016075,-1.7049399218464907,5.260142905210444,-1.6852084314351066,133.11982839792836,0.08080808080808081,1.0,1.524203517512069
72da51f8,WELL-019,Normal,Low,Continue monitoring,0.0,train,synthetic_physics_v1,3.86,150.8,560.8,2521.2,5810.4,41.5,98.7,1.0578210997214468,-0.547005663196901,1.6048267629183477,0.2508754744733562,0.6669792099952072,12536.85,9712.88,2823.970000000001,11128.4282,1170.5707489954464,228132.92889999994,0.8192194608779386,0.9049066007160672,0.16584017483291863,-0.544218243435592,1.0578210997214468,-0.4031556517693549,0.08189103341899023,-0.547005663196901,-0.2609387239986011,-1.5840775434710344,131.01686058825493,-0.2832795194369908,1.8047528951006784,0.010101010101010102,0.98989898989899,1.2297148421391788
8238360f,WELL-011,Fluid Pound,Medium,Reduce SPM to match inflow; check pump-off control,0.404,train,synthetic_physics_v1,4.7,138.8,415.4,1530.3,4348.1,82.0,141.4,0.7966412503504476,-2.2403609185815534,3.037002168932001,-0.46862309658580087,1.1961602083454215,10479.08,4206.76,6272.32,7915.47505,2428.206139433388,607277.3866999999,0.6847589771901281,0.564054035927901,0.29923877222648837,-2.210682942845998,0.7966412503504476,-1.5013002290995028,0.799506426003484,-2.2403609185815534,-0.19232678143896348,-3.007324193196457,258.4863245214307,-1.7001419742870414,94.20172743869931,0.0,0.9595959595959597,1.7170165699522941
d44cf8f3,WELL-012,Rod Floating,High,Reduce SPM / adjust VFD; evaluate CSS timing,1.0,train,synthetic_physics_v1,11.04,114.1,640.6,2143.0,5158.4,57.8,145.3,3.6413196578705347,-1.8815491880697737,5.522868845940309,0.14098544498164783,1.1559679371222862,21801.96,6445.58,15356.38,12110.7424,3429.7989946692564,688943.6858499994,0.3111303309964496,0.9963438351070999,0.6484675182389524,-1.8717407620403632,2.030690958846453,-0.7143729451438041,0.888109041718702,-1.8815491880697737,3.6413196578705347,-3.902431720886825,187.32216768603323,-1.9888140640087362,160.0382922176304,0.08080808080808081,0.9797979797979799,1.479996432392741
3e1b64b8,WELL-003,Fluid Pound,Medium,Reduce SPM to match inflow; check pump-off control,0.483,val,synthetic_physics_v1,4.36,127.9,513.5,2227.0,5912.1,87.2,107.3,0.6359021457760934,-2.2306655634810766,2.86656770925717,-0.4644182231649664,1.1125373723498606,17654.4,7051.74,10602.660000000002,13569.378850000001,4085.435268367396,758979.6056,0.6752072628479996,0.503241202965704,0.06967138682567807,0.36991302458200975,0.6359021457760934,-1.4320776492956369,0.7732368186066765,-2.2306655634810766,-0.4052310856068359,-0.2634726614836588,4.692676455562803,-1.6268567613613256,90.17535492891362,0.0,0.8181818181818182,1.695755400013904
6db77ce2,WELL-010,Normal,Low,Continue monitoring,0.0,train,synthetic_physics_v1,7.22,149.9,343.0,3841.4,4085.4,82.3,133.2,1.3165165540633401,-1.3710979737045077,2.687614527767848,-0.025508874881594253,0.977177770750118,10732.71,5407.82,5324.889999999999,8077.1230000000005,1965.0631408575653,501416.85584999976,0.7078703929734105,0.9257933403357222,0.22351312220972383,0.538320008358534,1.3165165540633401,-0.9768110900989108,0.22325515927219702,-1.3710979737045077,-0.5927553105498192,-0.7675851880049682,2.743285478045559,-0.7783426631546881,2.683459368909459,0.0,1.0,1.604053501608018
291b774a,WELL-009,Normal,Low,Continue monitoring,0.0,train,synthetic_physics_v1,4.41,158.4,342.4,2754.2,3270.1,44.1,76.1,1.2872588830453857,-0.8284345137408033,2.115693396786189,0.2296582685500139,0.9908522725588279,11872.03,6253.7,5618.330000000001,9039.9146,2602.83208530167,395656.4252500001,0.9361009073807288,1.2198431896384927,0.03643525581339856,1.1520897413536106,1.2872588830453857,-0.7605266525384651,0.03628454632216338,-0.8284345137408033,-0.6856966179049286,-0.12454771879736018,3.083172673117549,-0.12385306371872318,2.69929561196027,0.07070707070707072,0.98989898989899,1.7993248840624632
3c895e99,WELL-014,Gas Interference,Medium,Evaluate gas separation / SPM adjustment,0.443,train,synthetic_physics_v1,7.97,145.8,405.5,2483.2,5348.2,48.8,119.3,1.0129661693410392,-1.0702484616832642,2.0832146310243034,-0.02498485663929671,0.6618170662865636,11327.74,8037.06,3290.6799999999994,9685.70995,1077.1095250017509,224846.1570999995,0.5747059294253306,0.5733337520123797,0.28194797968133106,0.06916891359165696,1.0129661693410392,-0.6233034652909729,0.2837933760540713,-1.0702484616832642,-0.12237137443121239,-0.9437972557493821,2.8000896263069923,-0.9478770872520518,2.414190548311234,0.0,1.0,1.211083416793837
65da8c07,WELL-020,Rod Floating,High,Reduce SPM / adjust VFD; evaluate CSS timing,1.0,val,synthetic_physics_v1,8.42,107.5,843.0,2265.8,5915.5,58.7,147.1,2.3912032957887415,-1.2373813676574175,3.628584663446159,0.2980763391255265,0.9367917930563915,19866.14,9312.59,10553.55,13833.635349999999,2826.5336121753226,661181.2354499991,0.42960897573752943,1.0739048604559644,0.4538978395882291,-1.2373813676574175,1.777730592967642,-0.4777521822049113,0.5876348264638583,-1.2373813676574175,2.3912032957887415,-3.0151119606250667,165.7274684409195,-1.3404664751723456,106.55890735442054,0.08080808080808081,1.0,1.3820101818289672
0bf4c09e,WELL-002,Fluid Pound,Medium,Reduce SPM to match inflow; check pump-off control,0.373,train,synthetic_physics_v1,7.04,118.7,552.7,2390.9,4931.6,84.0,161.1,1.1564186386215711,-2.787909504412033,3.944328143033604,-0.5867707582594807,1.432829542746823,14122.54,5750.57,8371.970000000001,10540.78495,3017.484053752065,734066.05645,0.5465874066622983,0.486492874654373,0.4216183042948541,-1.4448164323865311,1.1564186386215711,-1.6600343911733344,1.2745388778490767,-2.787909504412033,0.7840931835232227,-2.599773510836725,131.58802629501326,-2.770597313597469,142.79729410832573,0.020202020202020204,0.5757575757575758,1.5176703768586726
f5180127,WELL-012,Rod Floating,High,Reduce SPM / adjust VFD; evaluate CSS timing,1.0,train,synthetic_physics_v1,9.42,93.0,571.4,2048.5,5158.4,67.8,145.3,2.3815137527375927,-1.6109881962916588,3.9925019490292515,0.08637576187032231,1.0171821404766397,18306.69,7228.23,11078.46,11948.8216,2947.2285326541,677034.0433500002,0.4228055993218742,0.9265042259596973,0.49220522414626794,-1.5791334847072824,1.6775944695984764,-0.7537527022190527,0.644531891209469,-1.6109881962916588,2.3815137527375927,-3.2567279543057666,180.28254139420252,-1.4396738304622994,112.6454737731938,0.08080808080808081,0.9797979797979799,1.4783738248523541
aa73117e,WELL-002,Normal,Low,Continue monitoring,0.0,train,synthetic_physics_v1,6.4,121.2,503.1,3281.6,4931.6,75.5,161.1,1.3382783329762018,-1.1490868835200438,2.4873652164962454,0.08667403258094275,0.7675186409313907,14491.93,9232.31,5259.620000000001,11860.4739,1689.1777237916056,474900.5047000005,0.5607937297599626,0.78242660073662,0.3336496479282233,-0.4476383530746306,1.3382783329762018,-0.6090785355747346,0.3141725140766928,-1.1490868835200438,-0.07133462609221816,-1.7859166860508358,70.97243851317091,-1.0777522574278255,3.4053729337868535,0.0,1.0,1.2825756425990427
8a3a2f5d,WELL-007,Normal,Low,Continue monitoring,0.0,train,synthetic_physics_v1,5.3,128.0,344.8,3566.3,4904.2,36.2,145.9,1.202795036952773,-1.0728570944976796,2.2756521314504523,0.05746927050312408,0.9476860431882954,16337.63,8760.99,7576.639999999999,12541.73065,3142.8333265023903,905353.8446000008,0.8241905764770316,0.9917205318860336,0.19441782285217224,-0.6055859974851294,1.202795036952773,-0.8767819908797856,0.11299798349564008,-1.0728570944976796,-0.6797268756307278,-1.7960262459015794,141.48671058687975,-0.39313021886695243,2.5406119602579156,0.020202020202020204,1.0,1.6523601660062586
761fd34e,WELL-003,Rod Floating,High,Reduce SPM / adjust VFD; evaluate CSS timing,0.974,val,synthetic_physics_v1,6.96,125.6,777.8,3521.9,5912.1,111.5,107.3,1.4082816647050387,-1.0309040579548767,2.439185722659915,0.21260446333947067,0.9011719670505787,20428.64,11490.87,8937.769999999999,16046.988000000001,3345.162329538284,684939.6680000003,0.715912699839947,1.086091528130746,0.17548975441579598,0.7869540617818099,1.4082816647050387,-0.6608826014518047,0.2597419291823077,-1.0309040579548767,0.5770060070266193,-0.6178434322129949,4.10149576980101,-0.5552203577922628,47.221362840380145,0.0,0.98989898989899,1.4923950692082775
d9b45140,WELL-002,Normal,Low,Continue monitoring,0.0,train,synthetic_physics_v1,6.4,126.3,599.3,3404.0,4931.6,81.6,161.1,1.362452720700487,-1.1409528684234864,2.5034055891239735,0.10508396302629336,0.7877231588165302,14585.85,9213.77,5372.08,11899.2071,1729.4097179360333,489792.68735000025,0.5746734505198169,0.8225984855044522,0.33517142337029565,-0.42865503212769923,1.362452720700487,-0.6124305594518654,0.31467679751388483,-1.1409528684234864,-0.0801942996784387,-1.7911077528281898,71.83989962736072,-1.0607585687450474,2.8032630406856067,0.0,1.0,1.2912871668768349
a1b2f37c,WELL-008,Rod Floating,High,Reduce SPM / adjust VFD; evaluate CSS timing,1.0,train,synthetic_physics_v1,9.85,125.0,691.0,3801.1,3844.2,22.8,79.5,1.4929688439957107,-1.2069441483818568,2.6999129923775675,0.1840517722208299,0.9918982141141978,11927.7,5541.28,6386.420000000001,8827.3273,2343.4133575132896,351055.42865,0.699366969897411,1.1236107394738284,0.3139580430596407,-1.1865475385363937,1.4929688439957107,-0.7555071950321687,0.32188876282496837,-1.2069441483818568,0.7974901465424782,-2.679516382532113,194.75870679378977,-0.7254632375515624,57.358552565566924,0.0,0.98989898989899,1.6620965304031372
3d575d5c,WELL-020,Gas Interference,Medium,Evaluate gas separation / SPM adjustment,0.311,val,synthetic_physics_v1,5.59,125.4,446.4,2131.3,5915.5,58.8,147.1,1.0647909610874469,-0.6275698533722813,1.6923608144597282,0.21098521721255423,0.6780283886111036,16021.19,11107.72,4913.470000000001,13555.860899999998,1931.9436023955748,557872.9236999996,0.7776954255833027,0.8655625325403687,0.20545538287414117,-0.6275698533722813,1.0647909610874469,-0.44359209811526035,0.14244351052133294,-0.6275698533722813,-0.170389807759031,-1.6816827775983656,121.63440705129669,-0.44672688714165804,2.502063913489884,0.030303030303030304,1.0,1.3163148882231193
4733c112,WELL-017,Rod Floating,High,Reduce SPM / adjust VFD; evaluate CSS timing,1.0,val,synthetic_physics_v1,8.5,110.9,651.1,3923.7,5858.7,98.4,103.8,1.3131823224639658,-1.2901819461744217,2.6033642686383875,0.04271791708331918,0.9962826203306376,20067.85,8486.04,11581.809999999998,14470.242,4461.17692887897,894144.8682000005,0.7460078228491522,1.011643876721276,0.20931312187815218,-0.2775576593200844,1.3131823224639658,-0.9262080425546376,0.25241058938704064,-1.2901819461744217,0.28539775694785946,-1.5907399817840548,99.52505847719624,-0.5746030930357204,43.44520852074421,0.0,0.98989898989899,1.839686763700157
43b1c8b2,WELL-001,Gas Interference,Low,Continue monitoring,0.287,train,synthetic_physics_v1,7.06,156.4,253.7,2907.4,4316.6,45.6,146.8,1.1688671343992991,-0.8850178786683677,2.0538850130676667,0.1431557047233305,0.7379190141006643,13410.63,8325.75,5084.879999999999,10873.47355,1822.9292390709786,506429.12690000073,0.679570197278727,0.8372598943300854,0.2774679148478689,-0.8850178786683677,1.1688671343992991,-0.5509484848834244,0.2202254456534677,-0.8850178786683677,-0.12788259943786318,-2.0385205053259723,132.96447616329144,-0.757135279230505,2.44610200695618,0.04040404040404041,1.0,1.3670473927001956
e9c9cf3b,WELL-010,Normal,Low,Continue monitoring,0.0,train,synthetic_physics_v1,8.16,152.5,251.2,4039.1,4085.4,75.9,133.2,1.477730434013723,-1.4694880566021518,2.9472184906158745,0.007922060768656394,1.0259336047964562,11069.09,5208.19,5860.900000000001,8142.919750000001,2075.1568687825597,519830.0608500001,0.6691361624316225,0.9938945892533531,0.283019324441472,0.5040663436351063,1.477730434013723,-0.9780504677160405,0.28407029242950205,-1.4694880566021518,-0.4728569410729434,-0.9736640903786167,4.140248070436683,-0.9875875437553094,4.125529841844822,0.0,0.98989898989899,1.6263006121320076
7450199a,WELL-004,Normal,Low,Continue monitoring,0.0,train,synthetic_physics_v1,5.02,133.2,450.5,2964.1,4111.4,88.7,104.6,1.2328461564879678,-0.9072971623334891,2.140143318821457,0.15814506433566372,0.8571595670543736,10594.44,7288.52,3305.92,8940.75615,1329.053012801851,272803.13345000026,0.7922110036357091,1.0058103703849133,0.12760932741382422,0.784004323925735,1.2328461564879678,-0.6895202417135857,0.12683833877632436,-0.9072971623334891,-0.474886865597427,-0.42400711261471485,2.0729417957941587,-0.42392259465243437,2.2982022267662034,0.020202020202020204,0.98989898989899,1.338852059214003
33fe12e7,WELL-012,Rod Floating,High,Reduce SPM / adjust VFD; evaluate CSS timing,1.0,train,synthetic_physics_v1,9.07,106.7,675.0,2015.1,5158.4,60.4,145.3,2.1620423602786354,-1.5804916881773194,3.742534048455955,0.07649107284110407,0.9896288430424941,17661.41,7327.13,10334.279999999999,11918.761800000002,2851.768232978928,670647.7950999998,0.4467577332988982,0.9085316957370247,0.46463650681056307,-1.5804916881773194,1.591898554812848,-0.7555495500548166,0.5985484226059457,-1.5804916881773194,2.1620423602786354,-3.1650546820225145,182.48042926420644,-1.4059991235161808,106.46349632594263,0.08080808080808081,1.0,1.4743304722816177
b171f8d8,WELL-020,Fluid Pound,Medium,Reduce SPM to match inflow; check pump-off control,0.493,val,synthetic_physics_v1,5.42,129.5,420.2,1605.8,5915.5,61.3,147.1,0.9340467515955168,-2.3314959382478513,3.265542689843368,-0.34073756557231166,1.1994088348812642,15713.66,6239.96,9473.7,11981.208250000001,3466.7505324106373,833275.7817999998,0.6002387964541605,0.6325433599436425,0.3338506932864737,-2.276255085283251,0.9340467515955168,-1.3140184910882655,0.9333570062029963,-2.3314959382478513,-0.007721372482376748,-3.210301836878781,262.99258098884115,-1.9988035869075533,109.46392283759515,0.0,0.7676767676767677,1.615094486868472
b3bd387b,WELL-013,Gas Interference,Medium,Evaluate gas separation / SPM adjustment,0.332,train,synthetic_physics_v1,6.69,139.2,445.0,2031.7,3433.6,95.0,105.0,1.04520202366104,-0.7888948521391003,1.8340968758001401,0.12192011222110345,0.8125372538082892,9381.79,5261.54,4120.250000000001,7324.434499999999,1795.28027732016,379103.71780000004,0.878577472819214,0.9245568619564208,0.15168426920422587,-0.28471449367790624,1.04520202366104,-0.6807166375142139,0.09473096683378336,-0.7888948521391003,-0.47999686136600855,-1.30788426270429,101.76237802556336,-0.29980368291813897,2.7391575042602327,0.08080808080808081,0.9393939393939394,1.6342082897787553
a4909b76,WELL-013,Normal,Low,Continue monitoring,0.0,train,synthetic_physics_v1,6.3,132.9,390.7,2256.8,3433.6,98.3,105.0,1.4395141414914445,-1.0290816771157727,2.468595818607217,0.20077432808989698,1.0662956104327348,10323.27,4738.63,5584.64,7505.2891500000005,2394.893896446934,498800.56449999975,0.858178178525771,1.2564778719805347,0.18616894166668743,-0.3166860353869944,1.4395141414914445,-0.854929215800741,0.10145855138153559,-1.0290816771157727,-0.6812323140105871,-1.7505067943686323,141.56319223761724,-0.33979570516151547,2.684314956153788,0.04040404040404041,0.9797979797979799,1.91852433633769
8f24b18e,WELL-004,Gas Interference,Medium,Evaluate gas separation / SPM adjustment,0.384,train,synthetic_physics_v1,6.62,132.6,450.1,2858.1,4111.4,84.5,104.6,1.021945799285773,-0.7455370733252692,1.7674828726110423,0.13552101722039894,0.6635484831156973,10269.67,7548.16,2721.51,8905.0656,1023.5236157835539,206666.55969999993,0.7267593021510299,0.7773916868462885,0.16877657741460336,0.4511660870845212,1.021945799285773,-0.5063496524054907,0.1676655383629033,-0.7455370733252692,-0.1929910220766838,-0.5656202091060784,2.323005095867987,-0.5349076818897899,2.305887824703848,0.020202020202020204,0.9797979797979799,1.2432514666847863
42c2fc5c,WELL-004,Gas Interference,Medium,Evaluate gas separation / SPM adjustment,0.401,train,synthetic_physics_v1,5.63,128.4,497.4,2971.4,4111.4,97.7,104.6,0.9789092463256335,-0.651655801125961,1.6305650474515945,0.1591111659318895,0.660943775220438,10202.42,7687.86,2514.5600000000004,8941.7682,1011.4718710373313,209249.48870000022,0.7977584422478865,0.809087641962706,0.1207622572612406,0.5735350937028495,0.9789092463256335,-0.49086531009892703,0.11904195243519103,-0.651655801125961,-0.23837045748778524,-0.40537415262278415,1.9533233925649987,-0.40359277403318494,1.8145376064548526,0.0,0.9797979797979799,1.2453901974689228
4f1ed38e,WELL-019,Gas Interference,Low,Continue monitoring,0.239,train,synthetic_physics_v1,5.14,149.7,567.7,2470.9,5810.4,42.0,98.7,0.9943725652579456,-0.5030245267771387,1.4973970920350843,0.2424815017131131,0.592990385753167,12419.48,9790.02,2629.459999999999,11112.2102,1031.3309600802063,199676.21039999957,0.7688138308053508,0.8150249537437999,0.17937741109670222,-0.49319490475243266,0.9943725652579456,-0.33006195031757374,0.1244464971511598,-0.5030245267771387,-0.08809930684680368,-1.4809966864516753,107.59108018356048,-0.40509559790562866,2.2849927080908343,0.06060606060606061,0.9797979797979799,1.1951121701164094
c6719c8a,WELL-014,Rod Floating,High,Reduce SPM / adjust VFD; evaluate CSS timing,1.0,train,synthetic_physics_v1,10.06,127.2,631.9,2428.2,5348.2,53.4,119.3,3.9457009686371793,-1.9398074683711548,5.885508437008334,0.04769843133925207,1.0831796458275402,15993.38,6668.94,9324.439999999999,9814.330650000002,1899.64132024445,271304.2724499998,0.24545218392742651,0.7708800598167985,0.633871563772623,-0.33812449876609124,1.853831514219869,-0.6754831971382944,0.9480399756211382,-1.9398074683711548,3.9457009686371793,-2.1919560129859597,6.903060645261133,-2.1556286398015074,168.4845788305808,0.08080808080808081,1.0,1.2580321701643038
e47b28a8,WELL-012,Normal,Low,Continue monitoring,0.0,train,synthetic_physics_v1,7.12,126.0,308.4,1962.4,5158.4,56.1,145.3,1.3050206871568595,-1.2941328750656422,2.5991535622225017,0.0022809280401787646,0.9120572463464827,15295.78,8113.55,7182.2300000000005,11697.759399999999,2546.1376172129108,697013.6665999999,0.6688984641213577,0.8672252328406536,0.3262686196077407,-1.2941328750656422,1.3050206871568595,-0.8626633767602963,0.24695815085143888,-1.2941328750656422,-0.43587572736803326,-2.5991535622225097,173.7087074123677,-0.858257147697609,3.5174891639013772,0.0,1.0,1.5125423032241068
7f6088e9,WELL-019,Fluid Pound,Medium,Reduce SPM to match inflow; check pump-off control,0.528,train,synthetic_physics_v1,4.87,152.8,548.7,1445.5,5810.4,38.8,98.7,0.7255420059137594,-2.9169795214686447,3.642521527382404,-0.4968446828627957,1.3439234118845678,11954.31,5551.03,6403.28,9801.2592,2386.447880267734,338601.5442000001,0.5337234335714084,0.4678461133846058,0.3591011920337221,-2.8594550879065173,0.7255420059137594,-1.4615354791101973,1.2735972452757516,-2.9169795214686447,0.17295364915679967,-3.5703252705805344,311.5521970494007,-2.625627869176863,149.44488666666484,0.010101010101010102,0.8787878787878789,1.4287608133784617
c571aabc,WELL-014,Rod Floating,High,Reduce SPM / adjust VFD; evaluate CSS timing,1.0,train,synthetic_physics_v1,10.66,125.0,641.8,2491.4,5348.2,39.4,119.3,4.557908761235462,-2.0749353847235037,6.632844145958965,0.06958425769488642,1.166020369674346,16964.67,6418.66,10546.009999999998,9851.7452,2060.956981358165,274655.1454499998,0.22045982881143739,0.8016457229096468,0.7120836963094991,-0.40429980344412536,1.990075577588264,-0.6624772075198737,1.067855719063411,-2.0749353847235037,4.557908761235462,-2.39437538103239,7.302019386300259,-2.44164607799654,191.46735900507923,0.08080808080808081,1.0,1.259999141330738
d1900c40,WELL-015,Fluid Pound,Medium,Reduce SPM to match inflow; check pump-off control,0.571,train,synthetic_physics_v1,7.21,122.8,471.1,1782.7,4316.7,64.8,122.9,1.0827566332517173,-2.6998341246394486,3.7825907578911657,-0.38253519364475097,1.2274160831347103,9271.03,3755.08,5515.950000000001,7067.467050000001,1862.9705216215305,338646.53544999973,0.502907021990929,0.5692829086232357,0.2857641854760104,0.07601855671593918,1.0827566332517173,-1.3343532959127375,1.0580755705358087,-2.6998341246394486,0.17050196444543522,-1.0058427338025497,7.607472562833833,-2.4217230334322997,110.86648457418514,0.0,0.9595959595959597,1.5002128895140974
6dc1ec5e,WELL-014,Normal,Low,Continue monitoring,0.0,train,synthetic_physics_v1,7.44,146.7,403.2,2600.2,5348.2,50.5,119.3,1.4451819232297236,-1.4421004999110443,2.8872824231407677,0.0013451035883258555,0.9176636725182942,12004.75,7454.45,4550.3,9726.2821,1499.369318816945,319073.09894999984,0.5885061378422449,0.8509514683501906,0.34768578157298397,0.2653039627493397,1.4451819232297236,-0.848261261173539,0.3459275631165696,-1.4421004999110443,-0.248684482660643,-1.1769216093548482,2.6373757548952876,-1.1934160172504007,3.7015404815572652,0.0,1.0,1.3168783233861385
805f69cb,WELL-006,Gas Interference,Medium,Evaluate gas separation / SPM adjustment,0.32,train,synthetic_physics_v1,4.67,130.0,519.2,2967.3,5115.5,70.5,136.5,0.9422695635607642,-0.6115102075862517,1.553779771147016,0.16399427626680288,0.655338330843573,14247.21,10489.57,3757.6399999999994,12373.07605,1556.3561016685408,423465.4013499998,0.8274884084129548,0.8034204900376011,0.17335960608944673,-0.5932781455433747,0.9422695635607642,-0.47543193750399526,0.10559989113477058,-0.6115102075862517,-0.2579358401373893,-1.5303473432887003,117.80065765087097,-0.33534230540598525,2.8687884404495465,0.11111111111111112,0.9595959595959597,1.2785548756925096
b0480e75,WELL-008,Normal,Low,Continue monitoring,0.0,train,synthetic_physics_v1,7.71,158.8,367.2,3568.0,3844.2,39.9,79.5,1.2712031509166324,-1.050291191604113,2.3214943425207455,0.1023121839334479,0.9496420837077048,11355.18,5895.34,5459.84,8632.404050000001,2220.700195628644,347158.6780999999,0.804523453892076,1.031428274693486,0.2449807949242967,-1.0420100771365832,1.2712031509166324,-0.8268039068265902,0.1308096487161851,-1.050291191604113,-0.5878833083277255,-2.296627038954734,185.31740272231778,-0.45412676880885744,3.3494693392956956,0.020202020202020204,0.98989898989899,1.6722999174550572
eed0216f,WELL-015,Normal,Low,Continue monitoring,0.0,train,synthetic_physics_v1,5.27,121.0,480.8,2586.2,4316.7,72.7,122.9,1.236782074932813,-1.0107393230717427,2.2475213980045554,0.11831797891079213,0.8714806074363838,9469.83,6192.85,3276.9799999999996,7836.76905,1275.3152036189317,305354.65239999996,0.7634054412928682,0.9762162990668994,0.15258527156566346,0.717515969605122,1.236782074932813,-0.7395803412453154,0.1539336796262184,-1.0107393230717427,-0.47410189492373833,-0.5154970196426176,2.252740619575843,-0.5262697925526288,2.278488233601637,0.020202020202020204,0.98989898989899,1.3739128401425362
16cd2479,WELL-002,Rod Floating,High,Reduce SPM / adjust VFD; evaluate CSS timing,1.0,train,synthetic_physics_v1,8.89,109.9,1046.8,3186.7,4931.6,75.4,161.1,4.014678280864342,-1.6438247160285304,5.658502996892873,0.14452693422872137,0.9894775936330448,20232.57,8161.59,12070.98,12004.8543,2339.340769062838,414341.2663500003,0.21506672604776586,0.7520399245269853,0.6218480952717248,-0.958015786038464,1.8063185730773732,-0.4629860560695424,0.9128486710557959,-1.6438247160285304,4.014678280864342,-2.7643343591158405,70.73095368010931,-2.0879874466882975,164.98265238425586,0.08080808080808081,1.0,1.2353936930185714
0924dc5d,WELL-017,Gas Interference,Medium,Evaluate gas separation / SPM adjustment,0.344,val,synthetic_physics_v1,5.22,117.0,339.1,3955.8,5858.7,91.7,103.8,0.9126588222680047,-0.8530034893185677,1.7656623115865724,0.02765449203037015,0.8176561507972848,18313.23,10461.51,7851.719999999999,14393.767599999997,3572.813605203082,751274.0214000001,0.9240232292975914,0.8409172617190347,0.10536122146107241,-0.04505835761020866,0.9126588222680047,-0.7856082776582941,0.0568287758282725,-0.8530034893185677,-0.6348102039701966,-0.9113021833470768,76.29327488976072,-0.17472978114634044,2.314732014328285,0.16161616161616163,0.7676767676767677,1.6506448319218452
1d8c9349,WELL-002,Rod Floating,High,Reduce SPM / adjust VFD; evaluate CSS timing,1.0,train,synthetic_physics_v1,9.09,109.6,918.8,3154.6,4931.6,81.2,161.1,4.1795640992125165,-1.7094636092814717,5.889027708493988,0.14277514122575496,1.0086423364357104,20576.35,8013.73,12562.619999999999,12001.3563,2397.6303329175475,407962.84614999965,0.20340366315321706,0.7408357179265734,0.6472246364184193,-1.0140290328549757,1.8257216376604715,-0.4552854354750634,0.9489289166774253,-1.7094636092814717,4.1795640992125165,-2.8397506705154494,70.76769777855665,-2.1806511900987795,170.43235061371965,0.08080808080808081,1.0,1.2316062540755774
cc2ae63c,WELL-012,Normal,Low,Continue monitoring,0.0,train,synthetic_physics_v1,6.64,126.6,332.6,2122.9,5158.4,55.8,145.3,1.3668200548632825,-1.2293869879323198,2.5962070427956023,0.05995706113704116,0.9611818681404609,15467.69,8274.24,7193.450000000001,11859.02355,2669.177201918579,745105.2878,0.7158192179365895,0.9845278130920295,0.3047872971190764,-1.2293869879323198,1.3668200548632825,-0.8646136908179473,0.21256462560265196,-1.2293869879323198,-0.4962120048439425,-2.595326559951708,184.85595309732605,-0.7331749830883776,3.1783324007506986,0.010101010101010102,1.0,1.547942862640284
2f9ba673,WELL-018,Gas Interference,Medium,Evaluate gas separation / SPM adjustment,0.343,train,synthetic_physics_v1,7.48,154.2,375.0,2156.1,5672.4,81.0,144.4,1.1444828723237177,-0.8287722806224449,1.9732551529461626,0.1477329902781248,0.5869201886823245,15947.22,11301.2,4646.019999999999,13623.841849999999,1445.3450697435812,328061.52730000066,0.4893497275222277,0.6279837266431856,0.35071176320249103,-0.8287722806224449,1.1444828723237177,-0.3325177460869358,0.3235279514336048,-0.8287722806224449,0.23533886865473716,-1.9732551529461668,90.35560034281231,-1.0641111492771824,2.6385339148647367,0.0,1.0,1.1779371308636615
43d63080,WELL-006,Normal,Low,Continue monitoring,0.0,train,synthetic_physics_v1,4.1,123.3,531.0,2934.2,5115.5,59.1,136.5,1.1069380608628103,-0.77623501779242,1.8831730786552303,0.15470258774167384,0.776485076856747,14623.61,10069.2,4554.41,12354.453650000003,1872.744082467537,504101.30695,0.8122954796716477,0.9158024849710671,0.19407513534105122,-0.7561085080720117,1.1069380608628103,-0.6063973094877195,0.09821855160621394,-0.77623501779242,-0.4346610183048122,-1.8630465689348292,150.95988464851771,-0.3022975649122523,2.2327599046721747,0.0,0.98989898989899,1.348526958160002
399aa928,WELL-010,Normal,Low,Continue monitoring,0.0,train,synthetic_physics_v1,8.14,160.7,333.6,3879.6,4085.4,77.2,133.2,1.428359030733517,-1.4482629371734692,2.876621967906986,-0.01800062237786257,0.9991524867723831,10971.15,5205.21,5765.94,8091.81225,2021.0415816957943,505322.50025000033,0.6664544054341864,0.9405702326615804,0.28089920886288017,0.46509673097988585,1.428359030733517,-0.9765714774173055,0.2828265366704196,-1.4482629371734692,-0.48841096155189884,-0.9615942897382137,4.025179453459004,-0.9565095198117869,3.041454576342626,0.0,1.0,1.608182477902259
798f5451,WELL-011,Rod Floating,High,Reduce SPM / adjust VFD; evaluate CSS timing,1.0,train,synthetic_physics_v1,8.73,119.0,886.3,2391.7,4348.1,92.1,141.4,2.1985338878128946,-1.3331643874539132,3.531698275266808,0.2471104868490653,0.9784607658339948,13366.2,5974.52,7391.68,9343.6402,2102.578015299066,488692.97149999975,0.4741256118885222,1.0805053014311223,0.4482094621040249,-1.3331643874539132,1.7697672522369554,-0.5862843277329916,0.5698994513848855,-1.3331643874539132,2.1985338878128946,-3.1029316396908775,177.0031255786639,-1.289789748637801,101.34664676245251,0.08080808080808081,1.0,1.4485366062940204
2dcd7c0f,WELL-005,Normal,Low,Continue monitoring,0.0,train,synthetic_physics_v1,7.1,124.0,344.0,2211.9,3937.1,80.4,139.8,1.6924375579187476,-1.190337211028825,2.8827747689475727,0.23392338900784346,1.063990398988999,14385.98,7201.25,7184.73,10767.7542,2683.7190566777585,722836.0110499994,0.7203431500589912,1.2705433540851487,0.25073957709875283,0.18076897135007478,1.6924375579187476,-0.8026965760694617,0.22829563895118465,-1.190337211028825,-0.41689536592603366,-1.511668586568676,70.3727032392655,-0.7604712147836367,3.669091173524684,0.0,0.98989898989899,1.6272394712220533
e4ec96fc,WELL-010,Normal,Low,Continue monitoring,0.0,train,synthetic_physics_v1,7.35,152.2,332.9,3838.8,4085.4,86.7,133.2,1.3215840693114462,-1.3613872143077361,2.6829712836191826,-0.02430389313247922,0.9794239226062088,10764.39,5391.16,5373.23,8078.903499999999,1970.6245865252342,501974.89865000034,0.7097554212879746,0.9278128600911095,0.23030506247107893,0.5376590665830064,1.3215840693114462,-0.9764206463560682,0.2290183289800222,-1.3613872143077361,-0.5810707282605536,-0.7794056636484288,3.042927459648639,-0.7803164860471825,2.671951807705838,0.010101010101010102,1.0,1.604170176716701
08557298,WELL-015,Fluid Pound,Medium,Reduce SPM to match inflow; check pump-off control,0.578,train,synthetic_physics_v1,6.33,121.1,480.5,1450.9,4316.7,76.2,122.9,0.7801928049416681,-2.6966425249781163,3.4768353299197843,-0.47505528766234234,1.1603035472690937,8840.12,3727.97,5112.1500000000015,6926.513349999999,1756.539256155204,313435.1984500002,0.5063652723331509,0.40595210654750874,0.2188076647287582,0.007351666910433595,0.7801928049416681,-1.3560626818721935,1.0451716567921114,-2.6966425249781163,0.1573525967039025,-0.7728411380312351,5.102125199894603,-2.2713899428190603,103.52965538685342,0.0,0.98989898989899,1.468734968027384
f26a333b,WELL-009,Normal,Low,Continue monitoring,0.0,train,synthetic_physics_v1,4.7,157.7,357.4,2829.1,3270.1,51.0,76.1,1.350063023705068,-0.8391467463858516,2.1892097700909194,0.25409110684551733,1.0118899950561109,11991.15,6230.64,5760.509999999999,9104.54435,2660.2966487148715,403825.4361,0.9235740622903106,1.265112988152774,0.04242707875586894,1.190638781319364,1.350063023705068,-0.7569307744617394,0.04137847524289094,-0.8391467463858516,-0.6869518009744167,-0.14986262617859133,2.8325454031912596,-0.13734486546539446,2.6013138981066994,0.04040404040404041,0.9696969696969697,1.815685530245403
584cd634,WELL-012,Fluid Pound,Medium,Reduce SPM to match inflow; check pump-off control,0.572,train,synthetic_physics_v1,6.09,118.7,354.9,904.6,5158.4,69.5,145.3,0.44365932488247917,-2.3284476182969263,2.7721069431794056,-0.6118598411004397,0.9232331895924089,12889.91,5247.54,7642.37,9951.993,2621.7696999330433,577721.8300000001,0.5186749471898356,0.10224816266038493,0.29712912833719923,-2.2661841692568943,0.44365932488247917,-1.3259678448612644,0.7723553869514875,-2.3284476182969263,-0.2293078083663748,-2.701226376356772,205.80194053944808,-1.7468644989414936,86.656569455943,0.010101010101010102,0.7373737373737375,1.514280541344673
64bb1146,WELL-018,Normal,Low,Continue monitoring,0.0,train,synthetic_physics_v1,7.16,146.4,323.9,2234.9,5672.4,78.1,144.4,1.4263667053135554,-1.0720202819405733,2.4983869872541287,0.16265060795216799,0.7224355678146301,16607.89,10743.53,5864.359999999999,13662.02135,1795.0266103982074,413398.77240000013,0.48712525156481723,0.7681434296664307,0.4132783817692239,-1.0673570351502075,1.4263667053135554,-0.4428422137620946,0.37387720464680085,-1.0720202819405733,0.20066117475034786,-2.493723740463768,120.741475832809,-1.2680182099005552,2.832868145525207,0.0,0.98989898989899,1.233459030527106
1ccecb0e,WELL-009,Fluid Pound,Medium,Reduce SPM to match inflow; check pump-off control,0.558,train,synthetic_physics_v1,4.75,151.9,368.7,1634.1,3270.1,56.7,76.1,0.6374594931158578,-1.7910957155727767,2.4285552086886346,-0.31114979512751817,0.9296001446264358,10116.64,3712.05,6404.589999999999,7581.664650000001,2487.761540200724,341334.28235000017,0.7033424582020138,0.5433066526723113,0.0443566463532261,0.46388646850008747,0.6374594931158578,-1.1656062429273477,0.5159008657967826,-1.7910957155727767,-0.49908466964220854,-0.16142920470915023,3.5889831836790393,-1.0679350332868662,49.34610022362306,0.0,0.6666666666666667,1.851677148134546
11e4dabb,WELL-018,Normal,Low,Continue monitoring,0.0,train,synthetic_physics_v1,7.61,160.6,299.3,2107.4,5672.4,80.1,144.4,1.448191319713917,-1.1647415305551465,2.6129328502690634,0.13726626909275683,0.7273219955687752,16667.88,10512.5,6155.380000000001,13601.541749999999,1833.2455534830672,395755.2389500004,0.44588095120014487,0.7168951427284259,0.45609486013345457,-1.1647415305551465,1.448191319713917,-0.4423626045429121,0.42193931640915683,-1.1647415305551465,0.2779248360612736,-2.6129328502690687,117.758129410376,-1.4426663666164203,3.3166782983999057,0.0,1.0,1.2236193665950874
3a6f124e,WELL-004,Normal,Low,Continue monitoring,0.0,train,synthetic_physics_v1,5.75,132.3,444.4,2850.8,4111.4,82.1,104.6,1.2462070541093953,-0.9764528193175059,2.222659873426901,0.13311706060801598,0.8388245581441528,10615.4,7188.2,3427.2,8901.3663,1306.7835450445914,264477.62034999987,0.7396620528823341,0.955158216109017,0.1661543476604363,0.6674865608498834,1.2462070541093953,-0.688924094892985,0.16775782774630696,-0.9764528193175059,-0.4009985270982983,-0.5787204932595124,2.7779185255529972,-0.5655356911437976,2.3632749664712156,0.0,1.0,1.3287061329594152
467e6377,WELL-011,Rod Floating,High,Reduce SPM / adjust VFD; evaluate CSS timing,1.0,train,synthetic_physics_v1,8.23,122.8,699.4,2380.5,4348.1,83.2,141.4,1.8665672485754745,-1.274494631953566,3.1410618805290405,0.23927963210491376,0.9530448233997474,12713.04,6159.73,6553.310000000001,9325.0703,2034.1444952369804,489011.7496499999,0.5336462007560052,1.0735458770752055,0.40919502464474816,-1.274494631953566,1.6769213657100481,-0.5949866128653781,0.5070975918207786,-1.274494631953566,1.8665672485754745,-2.9514159976636223,177.84641323723096,-1.135634308546361,88.39643691210209,0.08080808080808081,1.0,1.4510165774215977
dc13dbfa,WELL-020,Fluid Pound,Medium,Reduce SPM to match inflow; check pump-off control,0.342,val,synthetic_physics_v1,5.29,121.5,424.0,1304.1,5915.5,54.8,147.1,0.7570337578348674,-2.3323744423694928,3.0894082002043604,-0.5750231773215893,1.2234829932117648,15128.69,6225.62,8903.07,11446.58355,3436.9769137616995,867199.5399999999,0.6614914717713166,0.4391611548879776,0.31324630956806565,-2.3047458361492836,0.7570337578348674,-1.589207509531156,0.9157282891229777,-2.3323744423694928,0.0192474490234885,-3.0492144204333975,247.7781295708547,-2.0116826332067936,118.55284591783878,0.030303030303030304,0.5454545454545455,1.6448568928324547
48155cac,WELL-007,Normal,Low,Continue monitoring,0.0,train,synthetic_physics_v1,5.21,132.8,408.4,3704.3,4904.2,31.1,145.9,1.2814537625148548,-1.0605517680609307,2.3420055305757854,0.09110871352017874,0.9799769170134144,16553.29,8782.06,7771.230000000001,12652.475149999998,3247.9707105873013,937312.5774500002,0.8289598113759242,1.058224632496108,0.19605080247511222,-0.5709968284053919,1.2814537625148548,-0.8760072054557507,0.10792218091654816,-1.0605517680609307,-0.678992920136982,-1.852450590920254,145.41391808921495,-0.37508916822832966,2.1393734543604124,0.0,0.98989898989899,1.6749261529844686
ea60bf3d,WELL-008,Rod Floating,High,Reduce SPM / adjust VFD; evaluate CSS timing,1.0,train,synthetic_physics_v1,9.72,131.1,752.7,3555.6,3844.2,36.6,79.5,1.4082470997645697,-1.1937172851364195,2.601964384900989,0.13414292123349164,0.9444467111750661,11694.35,5542.28,6152.070000000001,8709.41355,2231.9808809944802,333196.06244999997,0.6889875620496442,1.0262990279860835,0.30462400333316486,-1.1932252414444477,1.4082470997645697,-0.7580131855191005,0.31508468617212915,-1.1937172851364195,0.7595246739754083,-2.601472341209026,188.19740059080567,-0.6978070625732894,54.72878943126262,0.0,0.98989898989899,1.6290259980036919
11f54f12,WELL-002,Normal,Low,Continue monitoring,0.0,train,synthetic_physics_v1,5.84,123.5,499.5,3129.6,4931.6,79.6,161.1,1.1841826184064477,-1.060084632619504,2.244267251025952,0.061104933804895366,0.7251158182847965,14173.99,9408.08,4765.91,11805.448900000001,1582.1639348587712,459099.5334999999,0.6007819994716519,0.733600934182458,0.28080835153097683,-0.3790897115641386,1.1841826184064477,-0.6113910665726672,0.2612103147206828,-1.060084632619504,-0.16678006037974455,-1.5632723299705888,67.17426916133188,-0.8933045722397599,2.5633982345298723,0.0,1.0,1.2728868102013893
b8efc997,WELL-014,Normal,Low,Continue monitoring,0.0,train,synthetic_physics_v1,7.14,151.1,347.5,2426.5,5348.2,46.0,119.3,1.3165814548915105,-1.3936522360760746,2.710233690967585,-0.03732895389236155,0.8710302371399344,11815.06,7504.97,4310.089999999999,9665.456900000001,1421.6640913940923,304455.6556000005,0.5981362763456823,0.7731888993401587,0.3179981439857574,0.21523450592097101,1.3165814548915105,-0.8478468071248817,0.3199783549373426,-1.3936522360760746,-0.301361116561436,-1.1013469489705394,2.667392423144507,-1.0876185524657913,3.0856277244997736,0.0,1.0,1.3023959452308644
89e70874,WELL-012,Normal,Low,Continue monitoring,0.0,train,synthetic_physics_v1,7.08,124.6,410.2,2196.4,5158.4,58.4,145.3,1.4733784818817497,-1.2749772910013093,2.748355772883059,0.085858874036374,0.9927891385677569,15723.14,8127.35,7595.789999999999,11930.833149999999,2764.6553449546977,764855.8065,0.6941592803425591,1.034967975659685,0.33226064968227625,-1.2613211553109398,1.4733784818817497,-0.8632502275869369,0.24340754799412548,-1.2749772910013093,-0.44490978315667107,-2.7163122663738317,189.0445593500752,-0.8164113721542686,4.027161391285685,0.020202020202020204,0.9696969696969697,1.5624152551603954
d74b56d0,WELL-015,Fluid Pound,Medium,Reduce SPM to match inflow; check pump-off control,0.567,train,synthetic_physics_v1,6.3,127.0,438.4,1332.0,4316.7,79.1,122.9,0.721168583890113,-2.7000737038312805,3.4212422877213937,-0.5225113181524579,1.1557298016600537,8717.18,3737.45,4979.7300000000005,6863.2480000000005,1741.3532403596348,308250.1994499995,0.506296491619494,0.3442205362737123,0.21983132540075023,-0.05041952434792071,0.721168583890113,-1.389243172578628,1.0586069725393217,-2.7000737038312805,0.1619724641240219,-0.7444378194712149,3.9996008573956696,-2.2998254899183137,127.93103653133437,0.020202020202020204,0.9797979797979799,1.4618071597038957
64f6de19,WELL-018,Fluid Pound,High,Reduce SPM to match inflow; check pump-off control,0.65,train,synthetic_physics_v1,7.2,155.1,346.8,1656.5,5672.4,80.4,144.4,1.1907966597990303,-2.730818659711059,3.921615319510089,-0.22057164392331913,1.167637568398277,16112.3,6818.44,9293.86,12643.23125,2957.4287164195416,509308.78445000015,0.3809048700369808,0.5212473313731597,0.49239909282615807,-2.701559907133134,1.1907966597990303,-0.9623906192197983,1.1763108991394338,-2.730818659711059,0.6778258331705785,-3.8923565669321762,259.60342143277325,-2.9297164237195177,104.50624137522296,0.0,0.8181818181818182,1.3511520515306266
7d3aca5d,WELL-004,Fluid Pound,Medium,Reduce SPM to match inflow; check pump-off control,0.453,train,synthetic_physics_v1,5.77,139.1,477.4,2388.3,4111.4,82.3,104.6,1.0570619618848451,-2.8547738698542187,3.911835831739064,-0.46711447633951736,1.47725561321266,10335.03,4293.55,6041.4800000000005,7988.749,2278.555199792403,392621.2130499999,0.6236677419590506,0.7523593661567092,0.16881246030326516,0.45137101194955226,1.0570619618848451,-1.6865883188357438,1.166978038232922,-2.8547738698542187,0.08814448320384047,-0.5556080812667291,5.729974166110257,-2.389946926306308,142.77617782294467,0.020202020202020204,0.8686868686868687,1.602077230456814
79538f33,WELL-012,Normal,Low,Continue monitoring,0.0,train,synthetic_physics_v1,6.08,127.9,327.7,1939.0,5158.4,65.3,145.3,1.1913284969558735,-1.188196645698917,2.3795251426547903,-0.0058971355676087,0.8874154372533862,14939.31,8404.48,6534.83,11675.575100000002,2459.271401193856,690934.7260000004,0.7242211548416406,0.8515206219944159,0.26956587621798733,-1.188196645698917,1.1913284969558735,-0.8633148931296333,0.1789305255250903,-1.188196645698917,-0.5499832148328995,-2.3795251426547983,172.28801930011656,-0.626306581903074,3.0276634323574187,0.0,1.0,1.5075948797800218
c6b48fdd,WELL-004,Normal,Low,Continue monitoring,0.0,train,synthetic_physics_v1,6.01,137.5,428.9,2847.1,4111.4,84.9,104.6,1.282179199132199,-1.0092847969725138,2.2914639961047127,0.13366482422168474,0.8414717673148482,10673.09,7144.31,3528.7799999999997,8902.0073,1313.5070667334494,264332.2821000003,0.7170589596196195,0.9553316478338992,0.18207511473776916,0.6389957708859332,1.282179199132199,-0.6880019993905296,0.1809015890455479,-1.0092847969725138,-0.38446300598,-0.6281049887580145,2.805714959775873,-0.6248217909925137,2.3527143870198977,0.0,1.0,1.3285955836136636
017f84eb,WELL-018,Gas Interference,Medium,Evaluate gas separation / SPM adjustment,0.318,train,synthetic_physics_v1,7.3,156.9,357.0,2301.5,5672.4,86.7,144.4,1.184997828580934,-0.8244135332504706,2.0094113618314045,0.17684442984312,0.6135399449029902,16056.31,11329.76,4726.549999999999,13692.517450000001,1498.6434521386325,352794.33219999995,0.5169506736109971,0.6934595100330246,0.3457892092174287,-0.8114739998680202,1.184997828580934,-0.33977065034678444,0.31545216533203757,-0.8244135332504706,0.21474405056572474,-1.9964718284489587,96.3850173481696,-1.0262180504337448,2.8991405071201823,0.0,0.9696969696969697,1.1914489314985435
12b9a13a,WELL-011,Fluid Pound,Medium,Reduce SPM to match inflow; check pump-off control,0.495,train,synthetic_physics_v1,4.66,131.2,490.5,1070.6,4348.1,94.3,141.4,0.5038533022429016,-2.226576483174009,2.7304297854169106,-0.525430610363813,1.0219978276352848,9881.22,4213.34,5667.879999999999,7742.24215,2113.5918494181597,488427.6003999998,0.6115896075196263,0.30363339902890674,0.27118912687052704,-2.1875481812133692,0.5038533022429016,-1.3544946197565328,0.8004506939899672,-2.226576483174009,-0.19511465050207855,-2.680188922758816,230.34160238019908,-1.6952763686299879,94.78388539917701,0.04040404040404041,0.9494949494949496,1.5715392084853619
5224dbbe,WELL-002,Fluid Pound,Medium,Reduce SPM to match inflow; check pump-off control,0.524,train,synthetic_physics_v1,5.36,129.0,505.9,2790.6,4931.6,81.6,161.1,0.9960088992759095,-2.772704806265476,3.7687137055413857,-0.4126324679739444,1.3273769233374968,13801.29,5810.24,7991.050000000001,10779.923149999999,2867.884474346653,704446.5626999993,0.5480069680724172,0.6164440883020883,0.2861254996512877,-1.2244699948567266,0.9960088992759095,-1.4417090242499773,1.1506494141628287,-2.772704806265476,0.18072170394363088,-2.2133461364928544,146.82289442436837,-2.4894354774814866,119.75753627982981,0.05050505050505051,0.98989898989899,1.5124198877907475
6c5b882f,WELL-014,Normal,Low,Continue monitoring,0.0,train,synthetic_physics_v1,7.02,149.6,438.6,2555.9,5348.2,46.9,119.3,1.3538781322208235,-1.3893394327104704,2.743217564931294,-0.007984030581942818,0.8938738889958416,11879.73,7536.72,4343.009999999999,9712.247299999999,1453.4597692707941,315060.76834999985,0.611721788944564,0.8310455241177334,0.3077412613017943,0.2967287695497692,1.3538781322208235,-0.8470135852816189,0.30882873511123743,-1.3893394327104704,-0.3108562011729663,-1.057149362671054,3.291537526039912,-1.078483231537504,3.0168666304206297,0.0,1.0,1.3129455859871089
56a99290,WELL-003,Gas Interference,Medium,Evaluate gas separation / SPM adjustment,0.379,val,synthetic_physics_v1,4.25,122.8,505.1,3554.7,5912.1,97.5,107.3,0.9672257911342222,-0.5794557139347569,1.546681505068979,0.19348483321681254,0.7127524530735574,18819.04,13133.95,5685.09,15970.51395,2570.584223212867,557821.1993999996,0.9196243600112877,0.9041387657580325,0.055169522207450895,0.776760555512168,0.9672257911342222,-0.5171690993244075,0.05413334343588238,-0.5794557139347569,-0.3781556071548584,-0.1482551772772823,2.1116582633569974,-0.16805536130040158,2.110918367333164,0.23232323232323235,0.8484848484848485,1.3778859489019044
b7c985d1,WELL-006,Normal,Low,Continue monitoring,0.0,train,synthetic_physics_v1,5.31,123.0,420.0,2936.9,5115.5,69.2,136.5,1.2074058970884955,-0.892295794155203,2.0997016912436983,0.15473228934525893,0.7894329677541262,14889.05,9820.45,5068.5999999999985,12354.94825,1915.3822376315484,504450.493150001,0.7290633850979384,0.9163066464106929,0.24312164718119464,-0.892295794155203,1.2074058970884955,-0.606842067720175,0.16525641635597357,-0.892295794155203,-0.3272219908186693,-2.09332333213867,153.58410782220014,-0.5650738033365343,2.677550549494025,0.010101010101010102,1.0,1.3491229309033819
d49b3da5,WELL-020,Fluid Pound,Medium,Reduce SPM to match inflow; check pump-off control,0.467,val,synthetic_physics_v1,5.04,132.0,453.8,1075.5,5915.5,58.4,147.1,0.5559563804627109,-2.331720378453208,2.887676758915919,-0.5452422958347924,1.0815038304734903,14558.63,6233.43,8325.199999999999,11418.6502,3104.5102552426783,716942.9489500001,0.5842306540219784,0.29197528790884647,0.29535756761569953,-2.2967221380218543,0.5559563804627109,-1.3824598795784313,0.922062043926941,-2.331720378453208,-0.09463855627199166,-2.8417763794447666,235.92198021292518,-1.99446061216091,106.73422595816463,0.010101010101010102,0.696969696969697,1.5301385876834586
8218bc28,WELL-006,Gas Interference,Medium,Evaluate gas separation / SPM adjustment,0.333,train,synthetic_physics_v1,4.81,126.1,501.8,3094.8,5115.5,67.6,136.5,0.9969504218980221,-0.6008743983965127,1.5978248202945347,0.1890953006331759,0.6693871756427989,14372.96,10495.71,3877.25,12433.873150000001,1591.1846762486678,432114.38670000026,0.8210433868042764,0.8415513485664339,0.1805012542427654,-0.6008743983965127,0.9969504218980221,-0.4633607473000821,0.11036253928531785,-0.6008743983965127,-0.2368501346720972,-1.577077825909074,122.572557285124,-0.3475920435686077,1.7675839215912486,0.020202020202020204,1.0,1.2836703570367705
7cf18454,WELL-018,Normal,Low,Continue monitoring,0.0,train,synthetic_physics_v1,7.11,158.3,334.1,2238.1,5672.4,72.4,144.4,1.4220069065847807,-1.0812904565527468,2.5032973631375275,0.16335516034758105,0.7205734154233957,16609.35,10734.79,5874.559999999998,13664.3879,1788.4828994333689,414264.35669999965,0.48723856569286983,0.7701964796098025,0.40764518786650394,-1.0812904565527468,1.4220069065847807,-0.44348615891464044,0.36846264574761295,-1.0812904565527468,0.1866765118348355,-2.5032973631375333,123.12346179167686,-1.2679669683875818,3.870893206425277,0.0,1.0,1.2340219385271685
5e39f976,WELL-001,Normal,Low,Continue monitoring,0.0,train,synthetic_physics_v1,6.91,158.8,241.8,2662.8,4316.6,57.4,146.8,1.2936440059600947,-1.1042664403946132,2.397910446354708,0.09373787208615347,0.814676215215071,13737.86,7745.42,5992.4400000000005,10753.31935,2049.9405416762893,556059.4051000002,0.6389057500334129,0.8559084645576338,0.3178263569232938,-1.1042664403946132,1.2936440059600947,-0.6684327203853269,0.25411228632735944,-1.1042664403946132,-0.2319234006335095,-2.396903124593687,152.92001053976134,-0.8723430397611039,2.449276519334294,0.010101010101010102,1.0,1.425165851791281
af74d439,WELL-010,Gas Interference,Low,Continue monitoring,0.281,train,synthetic_physics_v1,7.48,156.3,293.6,3791.4,4085.4,83.8,133.2,1.0569742861285503,-1.114384034136784,2.1713583202653344,-0.03261037211302991,0.8355810639342319,10240.25,5883.76,4356.49,8063.269,1653.1259167698026,427813.7770499999,0.7474883223399109,0.7783211224554104,0.20103055510147608,0.3905487848345592,1.0569742861285503,-0.8435418666814701,0.2018870153340988,-1.114384034136784,-0.4503368291867116,-0.666425501293991,3.8541076814953907,-0.657533471279075,2.5451788662308346,0.0,0.98989898989899,1.483024191812587
9d121e82,WELL-005,Normal,Low,Continue monitoring,0.0,train,synthetic_physics_v1,7.11,131.1,260.4,2120.3,3937.1,85.3,139.8,1.5964271214207642,-1.2039778830431254,2.8004050044638893,0.19661320588102632,1.0285661763807552,14162.12,7174.04,6988.080000000001,10676.219299999999,2597.133293736097,697635.3983,0.7156398615373476,1.1969013214099549,0.24927539320179135,0.13132411722303286,1.5964271214207642,-0.8036749096479022,0.22935977981397945,-1.2039778830431254,-0.39485284599160336,-1.4456402187698763,68.8507930693622,-0.809125037051522,2.531348716797803,0.010101010101010102,1.0,1.605331739731492
e107ebd3,WELL-017,Normal,Low,Continue monitoring,0.0,val,synthetic_physics_v1,5.55,126.8,438.2,3978.6,5858.7,83.0,103.8,1.1790826778118209,-1.1128313802565928,2.2919140580684134,0.028972617151232994,1.0107467581581215,19506.75,9329.43,10177.32,14407.464849999998,4493.039946949168,927691.5541999999,0.8791698472872511,1.0340151201737433,0.1331386105162865,-0.08748480867587838,1.1790826778118209,-0.9760698858712772,0.07260346328235465,-1.1128313802565928,-0.8437184033010822,-1.247453347238693,101.24849196196982,-0.24752830204343862,2.797716931951564,0.010101010101010102,1.0,1.8920226107807658
82e5170b,WELL-015,Rod Floating,High,Reduce SPM / adjust VFD; evaluate CSS timing,1.0,train,synthetic_physics_v1,8.73,97.1,903.9,2555.1,4316.7,80.5,122.9,2.4546175938963835,-1.460207095371254,3.9148246892676375,0.17095144339232543,0.955712288840542,11251.26,5509.75,5741.51,7920.085749999999,1474.3981513388565,281763.31024999975,0.40457163639954813,0.9633951087655916,0.4178143004991235,0.23455289296690096,1.6673455022295767,-0.6214922219809409,0.6294991999992129,-1.460207095371254,2.4546175938963835,-1.4327926092626762,4.857563143928913,-1.4425985259958518,111.86277160158282,0.08080808080808081,1.0,1.3338051865596994
167d3886,WELL-015,Normal,Low,Continue monitoring,0.0,train,synthetic_physics_v1,5.88,121.4,484.5,2644.8,4316.7,83.5,122.9,1.337654452043701,-1.0568308616639854,2.3944853137076865,0.1325398535695114,0.8928302769749995,9619.76,6101.36,3518.4000000000005,7856.8626,1311.062869756916,310528.32975000015,0.7286096295121067,1.0048446551294057,0.1906058416389384,0.6731971240897253,1.337654452043701,-0.739764947990383,0.19007863228339889,-1.0568308616639854,-0.41451684219809726,-0.6644573279539758,2.7124895078544724,-0.6423140194658884,3.2341021203314173,0.0,1.0,1.3802721197333363
1ee7734b,WELL-001,Rod Floating,High,Reduce SPM / adjust VFD; evaluate CSS timing,1.0,train,synthetic_physics_v1,10.82,136.2,724.6,2805.1,4316.6,49.5,146.8,4.02889598665357,-1.728742792378272,5.757638779031842,0.2022431555321138,1.07547024348266,20515.56,6233.08,14282.480000000001,11048.0221,2921.603956536305,517015.56050000037,0.24716974840510522,0.9106639091440987,0.6679068171905873,-1.728742792378272,2.006237477000797,-0.506177598079871,0.9292217412906877,-1.728742792378272,4.02889598665357,-3.734980269379076,158.75014869609964,-2.1432762518991866,166.6492011989523,0.08080808080808081,1.0,1.3735334800342325
745fe6bb,WELL-015,Normal,Low,Continue monitoring,0.0,train,synthetic_physics_v1,6.65,120.6,488.6,2665.8,4316.7,77.4,122.9,1.4354804098318992,-1.1662498217274004,2.6017302315592996,0.1368739511659966,0.9114598615104443,9752.0,5975.0,3777.0,7864.059400000001,1347.7340497812022,312548.53095000057,0.6750871287167318,1.0150761071243446,0.24330053815889685,0.6022099297094138,1.4354804098318992,-0.7413282047923514,0.2446322811100082,-1.1662498217274004,-0.32466137279219387,-0.8194021690614844,3.2346805739824966,-0.8415884489352068,2.7728392866234968,0.030303030303030304,1.0,1.3832877643660442
dc0aa8c6,WELL-014,Gas Interference,Medium,Evaluate gas separation / SPM adjustment,0.353,train,synthetic_physics_v1,7.99,149.2,372.9,2473.8,5348.2,40.6,119.3,1.102097943776159,-1.1636567651873129,2.265754708963472,-0.02652305067640711,0.732059819707785,11463.89,7874.67,3589.2199999999993,9682.57575,1187.709015065322,248303.87255000067,0.5836708642598378,0.6342402533830516,0.3155337728608825,0.07324592119295863,1.102097943776159,-0.687286354735866,0.3147146476766229,-1.1636567651873129,-0.12446812119759584,-1.0246130770743078,3.433295398327259,-1.039188643989717,3.93163281599604,0.020202020202020204,1.0,1.2349512592044742
462cfbc4,WELL-016,Rod Floating,High,Reduce SPM / adjust VFD; evaluate CSS timing,0.802,val,synthetic_physics_v1,5.62,128.2,837.9,3646.7,5305.9,87.4,142.3,1.2369188407592737,-1.0940066656664922,2.330925506425766,0.08325711854136607,0.9789139313940487,17347.35,7685.3,9662.05,12567.57625,4037.0849282362683,1134802.9896499994,0.8343012081790822,1.0558360414279575,0.09273267565284393,0.8924580774449785,1.2369188407592737,-0.8893218043452252,0.12698857639364608,-1.0940066656664922,-0.30565471045930004,-0.33558601574067926,3.391029085960551,-0.2874016815010796,21.345257191868548,0.0,0.98989898989899,1.9232960821378409
54c4a15b,WELL-011,Fluid Pound,Medium,Reduce SPM to match inflow; check pump-off control,0.492,train,synthetic_physics_v1,5.23,138.7,385.1,1522.4,4348.1,89.8,141.4,0.8389754289000922,-2.2440535770348147,3.083029005934907,-0.3855087678675965,1.141099420247649,10540.01,4195.46,6344.55,8030.9445000000005,2355.3467402345987,558868.7684000004,0.6201388531847989,0.5641422340097734,0.31302933093635327,-2.2430618681794123,0.8389754289000922,-1.3351597697449664,0.8381851591499314,-2.2440535770348147,-0.0521066390871919,-3.082037297079517,257.55759832113824,-1.7790388171685056,98.12773184993362,0.0,0.696969696969697,1.6507432805274431
bc392ed2,WELL-017,Gas Interference,Low,Continue monitoring,0.221,val,synthetic_physics_v1,4.46,126.5,408.2,3953.9,5858.7,105.6,103.8,1.001822173600941,-0.9329474141732743,1.9347695877742153,0.025030487247201236,0.9050644592992564,18706.31,10114.01,8592.300000000001,14382.744349999999,3958.014641967558,832525.9911999996,0.9343408861111535,0.926229848701459,0.107792998406333,-0.032754302687798074,1.001822173600941,-0.8761688742070564,0.04840911377787944,-0.9329474141732743,-0.7435045391118952,-0.983799062277021,82.80571335507001,-0.10727382527798925,3.2179175008598055,0.37373737373737376,0.8080808080808082,1.7496303101279786
b67b4f80,WELL-017,Normal,Low,Continue monitoring,0.0,val,synthetic_physics_v1,3.9,127.3,406.7,4035.7,5858.7,92.0,103.8,1.1404755834264033,-1.0554601975785227,2.195935781004926,0.04013689494903929,1.0226584855981258,19324.37,9575.15,9749.22,14457.78245,4539.536754473687,940831.8899999999,0.9305139258844037,1.0592781917838876,0.11436523007920317,-0.024445026776097674,1.1404755834264033,-0.9790044018858093,0.03582435836413373,-1.0554601975785227,-0.911333005635513,-1.1579142620370984,103.56357012982613,-0.11876785289534314,2.9474565817923324,0.030303030303030304,0.9797979797979799,1.9048205197495613
91e6647b,WELL-019,Rod Floating,High,Reduce SPM / adjust VFD; evaluate CSS timing,1.0,train,synthetic_physics_v1,7.31,143.0,829.0,2451.9,5810.4,33.0,98.7,1.7870323964645523,-0.9094150760529235,2.696447472517476,0.2791742399699688,0.7120112790914763,13835.02,9086.64,4748.380000000001,11184.74325,1310.6926779607559,208426.83740000008,0.4452129495310614,0.8766172972075315,0.3359007947125232,-0.9094150760529235,1.3852981589499276,-0.3182688172675938,0.4326827543775282,-0.9094150760529235,1.7870323964645523,-2.2947132350028574,129.94072523801952,-1.0151701740036805,78.45612069517925,0.08080808080808081,1.0,1.2063525942812046
d68a54ff,WELL-013,Rod Floating,High,Reduce SPM / adjust VFD; evaluate CSS timing,1.0,train,synthetic_physics_v1,8.53,125.4,873.3,2214.6,3433.6,100.3,105.0,1.566056733214081,-1.1875311192274087,2.7535878524414894,0.2224493557474667,1.0363748489383264,10557.83,4372.85,6184.98,7552.420700000001,2352.0596747358495,473440.9094999997,0.7304409347702445,1.2251789998791063,0.24883063094366573,-0.4802519296512739,1.566056733214081,-0.7802802883841728,0.27440024359924664,-1.1875311192274087,0.556839022366702,-2.0441351398473815,138.26588265712957,-0.5927145556170924,49.01913357261492,0.010101010101010102,0.98989898989899,1.8476258829772945
cf0e5175,WELL-007,Gas Interference,Low,Continue monitoring,0.155,train,synthetic_physics_v1,5.14,125.3,393.0,3653.6,4904.2,27.0,145.9,1.124044572097925,-0.9487976856735725,2.0728422577714976,0.08110439252011431,0.9078074904687686,16052.46,9195.25,6857.209999999999,12617.010049999999,2972.9830120078886,868743.9774499997,0.8683464702613484,0.9774666325830046,0.17768436930743864,-0.4928169203887371,1.124044572097925,-0.8152578475427761,0.09862359547846311,-0.9487976856735725,-0.6026342529219563,-1.616861492486668,126.9443944096045,-0.31923879460300947,3.0672916398739747,0.0,0.9595959595959597,1.603114236240074
49ee4de4,WELL-001,Fluid Pound,Medium,Reduce SPM to match inflow; check pump-off control,0.326,train,synthetic_physics_v1,7.18,160.4,291.7,1859.4,4316.6,49.4,146.8,1.024237362467105,-2.2024254186382364,3.2266627811053414,-0.467164781690118,1.21431185695537,13065.89,5081.23,7984.66,9489.125399999999,2943.950858498803,730001.7458499996,0.6229804524814745,0.5309078134804747,0.3807964576157286,-2.1589164892475257,1.024237362467105,-1.4652373768607105,0.9010010095948761,-2.2024254186382364,0.5463426732834205,-3.1809869699311712,225.03475338641059,-1.9612210985653862,78.0381138495389,0.010101010101010102,0.7272727272727273,1.6640005356781868
61906ccd,WELL-008,Fluid Pound,High,Reduce SPM to match inflow; check pump-off control,0.602,train,synthetic_physics_v1,7.43,156.1,362.4,2084.0,3844.2,34.9,79.5,0.64247700682205,-2.000220262159616,2.642697268981666,-0.3839780217440946,0.9142520436333842,9881.54,3708.01,6173.530000000001,7445.54045,2197.6694568857024,295681.95279999985,0.6009470676450327,0.40530751952463445,0.2662831468609462,-1.966987951767263,0.64247700682205,-1.1732635630128239,0.5957042495750132,-2.000220262159616,-0.3462593719879876,-2.6094649585893226,218.34397465860488,-1.3432409957750466,69.30432449415555,0.0,0.9595959595959597,1.68779271887931
94e9647e,WELL-006,Normal,Low,Continue monitoring,0.0,train,synthetic_physics_v1,4.76,123.3,476.1,2764.6,5115.5,73.6,136.5,1.0887778136308968,-0.8278545959786091,1.9166324096095058,0.12252817678604537,0.7487163164951167,14602.6,9948.33,4654.27,12276.251049999999,1811.9788339123602,481779.66775000043,0.7628036587996244,0.8499145569483426,0.213166749831932,-0.8278545959786091,1.0887778136308968,-0.6048582033762517,0.1324020009172919,-0.8278545959786091,-0.378644791148282,-1.9166324096095126,144.9251722097553,-0.4408948402567956,1.5497296700045944,0.0,1.0,1.3331714079971622
9ce29185,WELL-012,Rod Floating,High,Reduce SPM / adjust VFD; evaluate CSS timing,1.0,train,synthetic_physics_v1,9.96,115.7,706.6,2093.7,5158.4,67.2,145.3,2.805279775892691,-1.6850041707430141,4.490283946635705,0.11147409220394444,1.0628848723709494,19448.49,6999.32,12449.170000000002,12020.48865,3102.7261024208497,684445.2526500004,0.37982494462012156,0.9602921828364039,0.5430269428015772,-1.6850041707430141,1.8082004804920147,-0.7373439984285152,0.7235923861206133,-1.6850041707430141,2.805279775892691,-3.4932046512350365,183.34094251151348,-1.6592949674376762,131.62932472879578,0.08080808080808081,1.0,1.4803413342921685
73aecd96,WELL-018,Fluid Pound,Medium,Reduce SPM to match inflow; check pump-off control,0.519,train,synthetic_physics_v1,7.15,157.5,317.9,1085.4,5672.4,81.8,144.4,0.9645098683847559,-2.7408352166745193,3.7053450850592755,-0.46674785112090034,1.2491933681143736,15525.75,6837.67,8688.08,12159.61025,3009.392520628447,515255.8593000001,0.40785774456199175,0.2831527943262833,0.4745524112173229,-2.710680896442305,0.9645098683847559,-1.2166484965680842,1.330814109785993,-2.7408352166745193,0.9449190703172031,-3.6751907648270716,238.74844804733416,-2.9431630507488165,141.65309978605094,0.0,0.9696969696969697,1.350255153230526
a1320b9b,WELL-013,Rod Floating,High,Reduce SPM / adjust VFD; evaluate CSS timing,1.0,train,synthetic_physics_v1,9.58,114.5,771.3,2079.0,3433.6,95.4,105.0,1.5388596689199507,-1.2421602897162158,2.7810199586361666,0.1792659760976013,1.000794292842888,10537.4,4185.48,6351.92,7457.57615,2284.6190516816314,448392.17809999967,0.6846887817473613,1.12835754659397,0.2886590966565596,-0.5864707168636601,1.5388596689199507,-0.7698255943987675,0.34395456199429114,-1.2421602897162158,0.8912353105225091,-2.1253303857836165,132.6252212531316,-0.8184484966927354,60.126204542631,0.0,1.0,1.7970293077575206
8a2e9959,WELL-001,Rod Floating,High,Reduce SPM / adjust VFD; evaluate CSS timing,1.0,train,synthetic_physics_v1,9.39,139.1,504.5,2939.0,4316.6,46.3,146.8,2.8910501346653876,-1.4610566813213657,4.352106815986753,0.21415627883072674,0.9710587058437398,17722.57,6810.8,10911.77,11065.2252,2563.4039163555476,546670.2880499997,0.3458908839728434,0.9634703404888569,0.5221330125130004,-1.4610566813213657,1.8166469618749506,-0.5351577828274034,0.7002456794845137,-1.4610566813213657,2.8910501346653876,-3.277703643196324,161.86618350077097,-1.6121855776715284,125.14277910570719,0.08080808080808081,1.0,1.3999183477327353
a0c78a12,WELL-018,Normal,Low,Continue monitoring,0.0,train,synthetic_physics_v1,6.82,153.8,304.1,1957.7,5672.4,83.0,144.4,1.254835740636874,-1.0179132452574697,2.272748985894344,0.10637237869709316,0.6549197941464655,16205.65,10841.19,5364.459999999999,13529.311899999999,1627.0068052295876,375047.5749499999,0.4858772362392726,0.6557958932710974,0.3734686787660434,-1.0179132452574697,1.254835740636874,-0.4430511358769112,0.33856849052553756,-1.0179132452574697,0.1322751055619722,-2.272748985894349,110.0777312793751,-1.150188350819442,2.673702051904059,0.0,1.0,1.2117432057718416
bd0f9aaf,WELL-010,Rod Floating,High,Reduce SPM / adjust VFD; evaluate CSS timing,1.0,train,synthetic_physics_v1,10.2,145.2,662.7,4167.3,4085.4,84.6,133.2,2.37968043144353,-1.7324518795247268,4.112132310968256,0.09646388975978411,1.0964958449611086,12867.57,4672.11,8195.46,8326.30495,2295.480092517031,494835.0275499996,0.4564188479219539,1.0355322417489703,0.44669314105349817,0.27514153483510495,1.7851342187760886,-0.842604462229402,0.6643589198274813,-1.7324518795247268,2.37968043144353,-1.4904457392831643,5.4741281221294384,-1.518732895580716,118.79919452522773,0.08080808080808081,1.0,1.5686850052868144
40f97c86,WELL-011,Gas Interference,Low,Continue monitoring,0.206,train,synthetic_physics_v1,4.48,131.5,428.1,2329.0,4348.1,87.4,141.4,1.0959540526534544,-0.7314989552024621,1.8274530078559166,0.17570421183715199,0.805466067154632,11062.13,7291.13,3770.999999999999,9184.47355,1633.2345369609036,464036.76710000046,0.8708118454928881,0.9671598902515204,0.19037574573969512,-0.7011665339356866,1.0959540526534544,-0.6157514665772166,0.09221748381114438,-0.7314989552024621,-0.4115339297235707,-1.7810941580967168,147.1002207566956,-0.28963260421211573,3.338933404157651,0.030303030303030304,0.9191919191919192,1.4230976231560257
c474b605,WELL-016,Gas Interference,Low,Continue monitoring,0.268,val,synthetic_physics_v1,5.08,150.2,366.7,3577.2,5305.9,79.2,142.3,0.9768324158914437,-0.8768249988345824,1.853657414726026,0.04996987753306925,0.8473587654563175,16262.49,8607.11,7655.379999999999,12437.88885,3426.163740188022,986449.4201499996,0.911863081498429,0.8945276636328046,0.06860257816049439,0.7309711400851315,0.9768324158914437,-0.794587908566666,0.0690777311271166,-0.8768249988345824,-0.6359454216361493,-0.2067815513709122,3.0568942804477186,-0.20671084265251646,2.785581724223211,0.20202020202020204,0.6666666666666667,1.747645117976061
a556b3bc,WELL-005,Gas Interference,Medium,Evaluate gas separation / SPM adjustment,0.391,train,synthetic_physics_v1,7.09,131.4,259.6,2010.9,3937.1,83.4,139.8,1.1494692675765135,-0.8269255200298928,1.9763947876064063,0.15263124071107984,0.7595164588232464,13036.05,8096.79,4939.259999999999,10561.921299999998,1889.790319306433,514646.89655,0.7481303834784729,0.890343389757028,0.18801245736332922,0.10381095657534496,1.1494692675765135,-0.5850809083348684,0.17304158061872868,-0.8269255200298928,-0.24788180801848392,-1.0456583110011706,45.48774352993727,-0.5728196875368328,2.734549305265663,0.0,0.98989898989899,1.4111802611361344
a3c58ec4,WELL-016,Normal,Low,Continue monitoring,0.0,val,synthetic_physics_v1,4.69,151.4,332.3,3656.0,5305.9,86.4,142.3,1.1746504826207833,-1.0377051290645796,2.212355611685363,0.07107195905869446,0.9945836865816227,17131.21,7929.04,9202.169999999998,12521.60465,4088.4135388004574,1158641.6111500007,0.8972453144416639,1.0635978063198475,0.06393588258361754,0.9533110477349074,1.1746504826207833,-0.9214538882024584,0.06395707297787812,-1.0377051290645796,-0.7998448385730086,-0.21182625269374045,3.366976440569045,-0.20968060882516237,2.64344587978484,0.030303030303030304,0.9595959595959597,1.955077017407381
53907eaf,WELL-018,Rod Floating,High,Reduce SPM / adjust VFD; evaluate CSS timing,1.0,train,synthetic_physics_v1,9.39,132.6,726.5,2173.3,5672.4,76.5,144.4,4.445219187878085,-1.529576832795899,5.974796020673985,0.22933610011290206,0.9806547604600375,23797.95,9613.72,14184.230000000001,13844.458799999999,2602.4784311061176,354371.8308000013,0.17445295224182203,0.7482301325751873,0.6721884117385449,-1.529576832795899,1.8612406155360581,-0.2895579323493833,0.9659338609347623,-1.529576832795899,4.445219187878085,-3.3908174483319615,119.34544954699778,-2.2127238235727056,173.05668480143478,0.08080808080808081,1.0,1.189912361312749
a4901658,WELL-018,Fluid Pound,Medium,Reduce SPM to match inflow; check pump-off control,0.416,train,synthetic_physics_v1,7.63,154.1,361.6,980.3,5672.4,75.6,144.4,1.1561151939305085,-2.7441174608795134,3.900232654810022,-0.594466879403187,1.3338909516846953,16080.09,6819.11,9260.98,11967.67355,3149.9781802902853,576416.4524499999,0.43452926089245575,0.24628162070454546,0.5158613887576852,-2.734183670392528,1.0131295239438476,-1.4352153795109195,1.3706571740208395,-2.7441174608795134,1.1561151939305085,-3.7473131943363844,227.42220958463795,-3.0114252862808337,113.67079970526721,0.4040404040404041,0.8585858585858587,1.380797899919117
75c6c7db,WELL-006,Fluid Pound,Medium,Reduce SPM to match inflow; check pump-off control,0.447,train,synthetic_physics_v1,4.81,121.7,475.5,1697.6,5115.5,60.8,136.5,0.6845489412553578,-2.4963806343075188,3.1809295755628764,-0.5528613035273269,1.2168476613014778,13648.15,5913.98,7734.17,10692.70595,2915.5679693781963,643239.2828000002,0.6126544587634519,0.4145037325002581,0.32084160502011444,-2.4812945341307855,0.6845489412553578,-1.5202263395549123,0.9934318800303154,-2.4963806343075188,0.0198009314218606,-3.165843475386156,265.5370914154413,-2.0843451856158013,100.76366088025347,0.0,0.9595959595959597,1.5514532158621337
68a6d211,WELL-003,Normal,Low,Continue monitoring,0.0,val,synthetic_physics_v1,4.28,130.5,503.8,3456.2,5912.1,104.8,107.3,1.170716844891958,-0.8438730054460951,2.0145898503380533,0.17169928517040817,0.8866328230634378,19630.83,12177.64,7453.190000000002,15890.184049999998,3248.806365970754,693570.3570499998,0.8776589639153773,1.0557860696448151,0.06715609535508046,0.937396520125526,1.170716844891958,-0.712387499303999,0.06713195780661568,-0.8438730054460951,-0.5941822349694107,-0.22020387028530428,2.0818261188645164,-0.2496907704766849,2.168290004914597,0.06060606060606061,1.0,1.505829837546102
67d7fa85,WELL-020,Fluid Pound,Medium,Reduce SPM to match inflow; check pump-off control,0.443,val,synthetic_physics_v1,4.77,125.7,497.5,1673.8,5915.5,65.6,147.1,0.9289265028773613,-2.318303670119724,3.247230172997085,-0.374137174921923,1.2597985356851429,15599.82,6261.41,9338.41,11936.223,3592.750094257879,896382.6923499999,0.6500872839535536,0.6739279506497452,0.32229182426646846,-2.2951257636767792,0.9289265028773613,-1.4222023004935915,0.9345756610145259,-2.318303670119724,-0.007600108605222444,-3.2240522665541542,280.00799794551517,-1.9726446579560515,97.91158514607878,0.0,0.787878787878788,1.6682574584083762
b2e6ed63,WELL-016,Rod Floating,High,Reduce SPM / adjust VFD; evaluate CSS timing,1.0,val,synthetic_physics_v1,7.87,129.8,827.1,3652.5,5305.9,89.2,142.3,1.364672427279771,-1.2376349425223652,2.602307369802136,0.09210612112368963,0.9933552567021326,17878.37,7093.87,10784.5,12624.1408,4119.904892232509,1128125.1861500002,0.7429205278943182,1.0590911640393037,0.1777951522232815,0.7571526811411585,1.364672427279771,-0.8748789217919243,0.26791429494596963,-1.2376349425223652,0.4435418627352902,-0.565801411680806,4.130115111322839,-0.6088166947824659,48.57744037592797,0.0,0.98989898989899,1.9053408476471698
d4a79917,WELL-003,Rod Floating,High,Reduce SPM / adjust VFD; evaluate CSS timing,1.0,val,synthetic_physics_v1,7.81,110.9,873.1,3669.7,5912.1,93.1,107.3,1.5173905815000266,-1.0940426611106964,2.611433242610723,0.2516200093010119,0.9449374598435327,20902.92,11212.87,9690.049999999997,16193.57375,3518.7000701809525,707589.8097500005,0.69084735724069,1.1539583859049731,0.21984794665010185,0.7669431634223841,1.5173905815000266,-0.6507183673029493,0.3302293060893989,-1.0940426611106964,0.9531938612641025,-0.7418996003899017,3.780607135483024,-0.7456774470514004,57.94309086603567,0.0,0.9797979797979799,1.5051880139186065
b4a53ca2,WELL-011,Normal,Low,Continue monitoring,0.0,train,synthetic_physics_v1,5.18,133.3,421.8,2283.7,4348.1,83.6,141.4,1.2632377343857095,-0.9200468825644728,2.183284616950182,0.16054382026689973,0.877576458979127,11427.72,6895.5,4532.219999999999,9155.7589,1812.0798897363188,502064.9574999997,0.7883299344371141,1.0168225510237918,0.23577005228657869,-0.9193687351785105,1.2632377343857095,-0.6957349104899925,0.13515485807103653,-0.9200468825644728,-0.46082801866753675,-2.1826064695642278,170.7343547966147,-0.4585407165109735,2.2691380669516814,0.0,0.9797979797979799,1.4774763345309636
b95a2a81,WELL-015,Gas Interference,Low,Continue monitoring,0.251,train,synthetic_physics_v1,5.7,130.3,521.3,2585.9,4316.7,70.9,122.9,1.084040412496595,-0.8413840877691426,1.9254245002657377,0.11693611732237465,0.7713365620455479,9240.09,6423.12,2816.9700000000003,7835.088449999999,1112.17211597985,269245.21849999984,0.7855725162052369,0.8725820560263096,0.15507615650147183,0.5543267612246449,1.084040412496595,-0.6387098213815602,0.15449919165393797,-0.8413840877691426,-0.3179831590564695,-0.5212129812785387,2.976347919789574,-0.5055499112137736,2.846505687195883,0.030303030303030304,0.9191919191919192,1.316046270880457
92857b8c,WELL-019,Fluid Pound,Medium,Reduce SPM to match inflow; check pump-off control,0.408,train,synthetic_physics_v1,5.09,151.7,517.1,758.7,5810.4,45.5,98.7,0.4764660674416626,-2.916837929875737,3.3933039973173997,-0.7605226594871084,1.3591160137939358,11539.63,5562.22,5977.409999999999,9423.47975,2349.9906587304636,339227.27540000004,0.57472575013963,0.20647452632695645,0.34003230891226416,-2.8757905554647647,0.4764660674416626,-1.7275198453011733,1.3071356440910744,-2.916837929875737,0.3033572307228977,-3.33712061566977,283.87874941098215,-2.6816449814332586,131.65291830900483,0.010101010101010102,0.6666666666666667,1.4240104493474304
95506a99,WELL-002,Normal,Low,Continue monitoring,0.0,train,synthetic_physics_v1,6.73,127.3,522.2,3135.8,4931.6,84.8,161.1,1.3591564288683553,-1.2085505653119315,2.567706994180287,0.06262429102602368,0.7610794977227434,14535.95,9106.41,5429.540000000001,11808.6733,1688.8980426230914,458878.9175999998,0.5250375274725008,0.7351116259028276,0.3648721945391679,-0.5278947591716714,1.3591564288683553,-0.6098630438507804,0.34766917352645,-1.2085505653119315,-0.022900479056628276,-1.88705118804003,67.31308126938426,-1.1856500862553034,3.2781070544916746,0.0,1.0,1.2731615829810026
12f995db,WELL-010,Rod Floating,High,Reduce SPM / adjust VFD; evaluate CSS timing,1.0,train,synthetic_physics_v1,9.99,129.2,751.6,3966.8,4085.4,84.6,133.2,2.2551827708594034,-1.7002120235571394,3.955394794416543,0.06303735775508017,1.0565385496675435,12663.53,4688.07,7975.460000000001,8259.25785,2214.4991617333876,478458.81180000026,0.4587591685754873,0.9710190044950123,0.42201130925852576,0.2435060627379368,1.7023125285285865,-0.8449442889848521,0.6368614661698254,-1.7002120235571394,2.2551827708594034,-1.4476106940309765,5.090051023623505,-1.4393958846158688,112.85181838145789,0.08080808080808081,1.0,1.5515388504307255
76e7b582,WELL-015,Normal,Low,Continue monitoring,0.0,train,synthetic_physics_v1,6.22,124.7,430.2,2549.7,4316.7,69.5,122.9,1.3180448741100386,-1.1177995844214565,2.435844458531495,0.1081628206834904,0.8747756159911615,9581.23,6045.2,3536.0299999999997,7822.3804,1289.011376257727,301847.8874500002,0.6962831628824862,0.9561992199361465,0.21423271863559884,0.5913371066638864,1.3180448741100386,-0.7398735785691659,0.21502937012559714,-1.1177995844214565,-0.3656215441123391,-0.7115531992661728,2.4003972269295986,-0.7521780403091178,2.5231500852924587,0.010101010101010102,1.0,1.3697853199290702
756637c5,WELL-003,Fluid Pound,Medium,Reduce SPM to match inflow; check pump-off control,0.457,val,synthetic_physics_v1,4.14,136.2,506.2,2315.3,5912.1,100.7,107.3,0.6659076658745726,-2.241331665095225,2.9072393309697975,-0.4566698193369967,1.1466805271648188,17840.29,7047.14,10793.150000000001,13610.67115,4192.686289355689,787952.9203499998,0.6908225072951353,0.5472617245928505,0.06579682955783632,0.4310764506716328,0.6659076658745726,-1.4606013632668435,0.7808112128955235,-2.241331665095225,-0.38068656819469965,-0.19165527668689847,3.699171489837712,-1.607417674919169,99.59756140764043,0.020202020202020204,0.9797979797979799,1.7247055751874818
f2c1e664,WELL-017,Gas Interference,Low,Continue monitoring,0.177,val,synthetic_physics_v1,4.58,119.7,401.2,3979.0,5858.7,92.6,103.8,1.031624819618221,-0.9634759452420009,1.9951007648602217,0.030566761641630934,0.9344344745232687,18851.32,9974.53,8876.789999999999,14413.2106,4094.002108769198,859504.1277000008,0.9354941157165904,0.9609931184099851,0.11133428469437766,-0.035404684916057576,1.031624819618221,-0.8998595951267236,0.05053553866616931,-0.9634759452420009,-0.756673558700762,-1.0242371617988972,86.83213180431251,-0.1555726918690176,4.302518566614408,0.33333333333333337,0.9292929292929294,1.7831730987386643
75f2a9bc,WELL-008,Normal,Low,Continue monitoring,0.0,train,synthetic_physics_v1,7.11,161.4,348.7,3498.3,3844.2,43.5,79.5,1.2171161167225264,-1.0228793606972935,2.2399954774198196,0.08727431998953464,0.9332507568339942,11214.0,5972.99,5241.01,8596.290249999998,2179.2779110460965,342024.4938000001,0.8214268479566034,1.002727290280995,0.23158479126888043,-1.0228793606972935,1.2171161167225264,-0.8281786503019258,0.11033654464627533,-1.0228793606972935,-0.6386901656930032,-2.2399954774198285,183.30362509103696,-0.37730740272952623,2.8722758231284327,0.0,1.0,1.662358340858765
6efeb7d5,WELL-007,Rod Floating,High,Reduce SPM / adjust VFD; evaluate CSS timing,1.0,train,synthetic_physics_v1,9.22,105.3,813.7,3771.4,4904.2,43.2,145.9,1.7315238511473614,-1.459878347028775,3.1914021981761365,0.147143431848676,1.050649422999806,18114.9,7493.87,10621.030000000002,12859.9858,3576.4439926603573,914781.2038499992,0.5939805223199613,1.0917243540847505,0.39625697421598,-0.9696195819796726,1.7070478640473206,-0.7974374903873986,0.5159870087319454,-1.459878347028775,1.7315238511473614,-2.676667446027,150.64352069403557,-1.159703513630704,92.51599253792398,0.08080808080808081,1.0,1.63556806869229
a9c4fbd6,WELL-001,Fluid Pound,Medium,Reduce SPM to match inflow; check pump-off control,0.476,train,synthetic_physics_v1,6.93,152.8,320.5,1278.8,4316.6,50.7,146.8,0.7554607020460664,-2.1924466110665826,2.947907313112649,-0.4655439603864144,1.0301240761784156,12440.0,5099.75,7340.25,9381.74265,2562.539715979145,559986.5752000005,0.5227114100989212,0.2996619205536409,0.351757570559968,-2.147026460155707,0.7554607020460664,-1.2307498413264697,0.9096690363797841,-2.1924466110665826,0.46056630747176525,-2.8999037574240347,200.94562168858917,-1.9166995000528075,97.40611181768479,0.020202020202020204,0.9696969696969697,1.5072022645328031
5acc0c80,WELL-005,Gas Interference,Medium,Evaluate gas separation / SPM adjustment,0.308,train,synthetic_physics_v1,6.76,123.4,233.5,2114.5,3937.1,88.2,139.8,1.2712177094423651,-0.8731903795100597,2.144408088952425,0.19457120914865159,0.8576260583700409,13355.97,7988.75,5367.219999999999,10667.6374,2122.785734810096,585057.8639499991,0.7838875635234485,1.033154883217712,0.18839016508967923,0.18178122398380542,1.2712177094423651,-0.644012464920409,0.1706133079739688,-0.8731903795100597,-0.30877785385627926,-1.0761385114873254,52.921464085930445,-0.54319621477623,2.944610499192299,0.05050505050505051,0.9696969696969697,1.4738321662110545
8de30af5,WELL-008,Rod Floating,High,Reduce SPM / adjust VFD; evaluate CSS timing,1.0,train,synthetic_physics_v1,11.21,148.5,842.2,3628.0,3844.2,40.8,79.5,1.5604119245246084,-1.308559569663347,2.8689714941879556,0.1553161356472839,0.9788334856176458,12027.31,5312.14,6715.169999999999,8762.5193,2336.2726962699603,335353.27064999996,0.6287644084326693,1.0530499313660358,0.3645612744928261,-1.308559569663347,1.5604119245246084,-0.742417660071468,0.4140931372550752,-1.308559569663347,1.2752726319830623,-2.868971494187964,190.7973732419793,-0.9490717486367665,73.19698765324371,0.0,1.0,1.6291066632693696
9e474da3,WELL-013,Normal,Low,Continue monitoring,0.0,train,synthetic_physics_v1,6.4,130.9,433.8,1965.6,3433.6,85.3,105.0,1.2543511333698134,-1.0354505645106318,2.289801697880445,0.09789278309110166,0.9641241614086743,9843.58,4700.99,5142.59,7272.55665,2167.1377288767962,450181.1911500001,0.8352331040228744,1.0510426774835295,0.17712040987240385,-0.3872638774842022,1.2543511333698134,-0.8552571113013263,0.1034877542030815,-1.0354505645106318,-0.678820352503462,-1.6416150108540215,126.29099917271506,-0.3566302120071702,3.2359987107389077,0.0,1.0,1.829875726244751
8d8c56b2,WELL-009,Fluid Pound,Medium,Reduce SPM to match inflow; check pump-off control,0.468,train,synthetic_physics_v1,4.53,156.2,361.1,1221.1,3270.1,39.6,76.1,0.3702853680654636,-1.797613971847424,2.1678993399128874,-0.48114428369982293,0.8646923064548047,9446.53,3707.36,5739.17,7176.8295,2271.6076555569075,312004.6327000002,0.7199982414403083,0.2990760125650347,0.041503020878392125,0.22198633016604002,0.3702853680654636,-1.2613645799646804,0.5255241645585702,-1.797613971847424,-0.5153014808003606,-0.13436686517398275,3.1867232156140766,-1.1163246806659346,61.50630742333673,0.030303030303030304,0.7676767676767677,1.7860626245206548
a2af9f58,WELL-009,Normal,Low,Continue monitoring,0.0,train,synthetic_physics_v1,4.46,155.3,364.3,2585.4,3270.1,48.1,76.1,1.1837250715170835,-0.8269132039819774,2.010638275499061,0.17869025597983806,0.9399818128873022,11577.31,6249.99,5327.32,8906.3783,2468.034791788623,375268.24375000014,0.9342862186636471,1.1179308618669486,0.0369882253939871,1.048033662929904,1.1837250715170835,-0.7605503499072721,0.0376517835650491,-0.8269132039819774,-0.6921351137158428,-0.135691408587179,2.22841289966242,-0.10471766568419248,2.422732151358241,0.0,0.98989898989899,1.75756174881293
54b85f64,WELL-019,Normal,Low,Continue monitoring,0.0,train,synthetic_physics_v1,4.94,148.3,588.0,2353.5,5810.4,50.2,98.7,1.0791946977757352,-0.6224550682709331,1.7016497660466683,0.21812084822634442,0.6428566299673322,12580.52,9551.28,3029.24,11071.524150000001,1136.9375709014448,216647.81855000008,0.7334858110723299,0.8390747557564648,0.19575319391631016,-0.6137139733799655,1.0791946977757352,-0.402833059303776,0.1305468111583886,-0.6224550682709331,-0.16665053125678975,-1.6867527278088128,123.31058234127755,-0.43610956009736335,3.11758009513541,0.010101010101010102,0.98989898989899,1.218525162123171
8dc8a32d,WELL-015,Rod Floating,High,Reduce SPM / adjust VFD; evaluate CSS timing,1.0,train,synthetic_physics_v1,10.72,119.0,759.0,2378.1,4316.7,78.1,122.9,4.092423918034181,-1.851642655294587,5.944066573328769,0.14579613356155335,1.085582037674116,13647.07,4978.79,8668.279999999999,7889.4067,1749.499959949445,257489.68900000013,0.24346184661661285,0.870310708083223,0.6322606573405767,-0.21781455709763967,1.9559520710154281,-0.5787184409601163,0.9525651919065707,-1.851642655294587,4.092423918034181,-2.173766628113068,7.565222653505464,-2.171971038070373,171.29491888514082,0.08080808080808081,1.0,1.3013641127649394
0ae44392,WELL-011,Fluid Pound,Medium,Reduce SPM to match inflow; check pump-off control,0.463,train,synthetic_physics_v1,4.5,137.4,441.7,1248.7,4348.1,91.1,141.4,0.6140133670558358,-2.228686422071252,2.8426997891270878,-0.5029633637455599,1.0877307675804422,10099.14,4203.88,5895.259999999999,7808.43595,2232.01584539427,534211.2960000008,0.6430076886191739,0.40457314598805105,0.28104527391350526,-2.216620053252351,0.6140133670558358,-1.4104998734791707,0.800053102296485,-2.228686422071252,-0.2418034880954024,-2.8022235727519016,245.57428273943069,-1.7074282065822843,95.7356740099151,0.020202020202020204,0.6262626262626263,1.6278093633462363
838d59ab,WELL-016,Fluid Pound,Medium,Reduce SPM to match inflow; check pump-off control,0.512,val,synthetic_physics_v1,4.51,149.0,354.7,2254.1,5305.9,86.7,142.3,0.49219755098738016,-1.838895780091333,2.331093331078713,-0.4724934187786676,0.8990683787029233,14250.19,4677.67,9572.52,10273.21575,3719.4125680325433,974785.6006500004,0.7167460104961667,0.363052481365179,0.06070301348611657,0.25643030153730706,0.49219755098738016,-1.308039318922514,0.4654988086196667,-1.838895780091333,-0.6737511982612334,-0.23576724945007374,3.317095493868731,-1.0268246938565833,54.236751134934025,0.0,1.0,1.9980869567711743
e1146cfd,WELL-010,Normal,Low,Continue monitoring,0.0,train,synthetic_physics_v1,7.29,149.1,279.3,3948.7,4085.4,89.4,133.2,1.3518456610936105,-1.3581257417529162,2.7099714028465267,-0.006861243492082991,0.9964446919584634,10829.21,5420.22,5408.989999999999,8114.54175,2002.795395583742,511678.2425000003,0.7162078923462778,0.9634883703950663,0.2268218867736422,0.5579879281095673,1.3518456610936105,-0.9772108573792321,0.22627225548652607,-1.3581257417529162,-0.5922802453529374,-0.7853394862671618,2.587102456598071,-0.7551941848910394,3.3114671883334847,0.010101010101010102,0.98989898989899,1.6156580891311438
8d14a476,WELL-010,Normal,Low,Continue monitoring,0.0,train,synthetic_physics_v1,8.4,153.6,292.2,4053.0,4085.4,75.3,133.2,1.5130671984456197,-1.4881360697968258,3.0012032682424454,0.01149981660161572,1.0322780174155475,11125.1,5168.15,5956.950000000001,8149.74245,2091.911395123966,520828.8716500001,0.6583334157113352,0.9993607530564413,0.2999391862230188,0.4778677703429345,1.5130671984456197,-0.97636111985321,0.2991552030298143,-1.4881360697968258,-0.44848710724991614,-1.0227204681559274,2.963844863984918,-1.0370914711329953,3.4523193024541254,0.0,0.98989898989899,1.6272551410480385
8e8d1579,WELL-016,Normal,Low,Continue monitoring,0.0,val,synthetic_physics_v1,4.38,141.6,295.6,3706.3,5305.9,91.2,142.3,1.1802024913775262,-1.0194231838161683,2.1996256751936945,0.08102525305355471,1.0061971823463884,17095.79,8027.47,9068.32,12565.552099999999,4129.966023209948,1172642.7823000008,0.9135249071792911,1.0857024497761811,0.054782153658478404,0.9909540680268143,1.1802024913775262,-0.9236519436690718,0.05578454925237839,-1.0194231838161683,-0.8128244998204182,-0.16231552042629238,2.71896520979815,-0.20659868399574985,2.507437717561756,0.010101010101010102,1.0,1.9659014199554985
4e76c54c,WELL-019,Rod Floating,High,Reduce SPM / adjust VFD; evaluate CSS timing,0.902,train,synthetic_physics_v1,6.78,131.7,726.6,2378.9,5810.4,48.1,98.7,1.3803695113688774,-0.8264464421203197,2.206815953489197,0.26261793890880875,0.6725496258554282,13130.58,9209.05,3921.5300000000007,11148.98385,1227.4833645238039,204871.03345,0.5349643702042337,0.8501635996182917,0.2960615019003894,-0.8264464421203197,1.2954549486605427,-0.3249277218006742,0.35577208818561484,-0.8264464421203197,1.3803695113688774,-2.1109263691481557,125.944037979099,-0.8451076149257912,62.326103390770626,0.08080808080808081,1.0,1.203843025580094
cd5be2bc,WELL-002,Normal,Low,Continue monitoring,0.0,train,synthetic_physics_v1,6.68,121.6,467.4,3297.7,4931.6,75.3,161.1,1.3840612179482492,-1.1987589185674166,2.5828201365156658,0.08903949401537446,0.7830164377467774,14592.95,9115.79,5477.16,11864.93005,1731.9740072205175,477381.87395000085,0.5428832527944705,0.7883965093108862,0.36080743441858576,-0.4870657976796832,1.3840612179482492,-0.6103175212801373,0.34328852172114765,-1.1987589185674166,-0.017431954621450165,-1.8711270156279354,69.23546401879487,-1.1813269639459667,3.6975761043948214,0.0,1.0,1.2840420858131854
ffd30690,WELL-001,Normal,Low,Continue monitoring,0.0,train,synthetic_physics_v1,6.68,160.1,259.8,2934.9,4316.6,46.5,146.8,1.3897270789115888,-1.081258198243585,2.4709852771551737,0.1478030395726632,0.8613800643579796,13944.86,7824.96,6119.900000000001,10887.270849999999,2158.1165414510815,595250.2895999999,0.6636456786364928,0.9636659785466958,0.3114917667602555,-1.081258198243585,1.3897270789115888,-0.6680598994013693,0.23592252839565164,-1.081258198243585,-0.263425681332878,-2.4709852771551812,163.57654606567047,-0.8178325169107067,3.2751738017560252,0.0,1.0,1.4550622682968837
de2c767f,WELL-013,Rod Floating,High,Reduce SPM / adjust VFD; evaluate CSS timing,1.0,train,synthetic_physics_v1,9.96,110.3,713.7,1973.8,3433.6,96.5,105.0,1.4958007621204958,-1.303135034606917,2.798935796727413,0.1445598847668542,0.9726565131700075,10400.82,4100.77,6300.049999999999,7380.77935,2228.098498172843,430331.6958000002,0.6531441940950005,1.055824870659937,0.30090390468769557,-0.6624721161902245,1.4958007621204958,-0.7667051011262287,0.3751939183120263,-1.303135034606917,1.0560289527204287,-2.1481746594271707,132.5129351398524,-0.8890218639077109,66.13780690438274,0.010101010101010102,1.0,1.7635073159945778
bfefacc4,WELL-008,Normal,Low,Continue monitoring,0.0,train,synthetic_physics_v1,6.78,151.6,374.9,3667.4,3844.2,24.4,79.5,1.2697164518238604,-1.0015786056681917,2.2712950574920523,0.12138913133373869,0.9660738822905909,11335.79,6001.65,5334.140000000001,8678.94255,2255.0867670324787,354654.28020000004,0.8401934158001461,1.070797929938158,0.23094077511297192,-1.0015786056681917,1.2697164518238604,-0.8280196672706807,0.10251690954801451,-1.0015786056681917,-0.654075930976158,-2.262245892901105,189.90148016483798,-0.3475026746920338,2.526450301009049,0.010101010101010102,1.0,1.6868629893291152
267924c6,WELL-004,Gas Interference,Low,Continue monitoring,0.2,train,synthetic_physics_v1,5.77,131.1,481.4,2867.6,4111.4,79.2,104.6,1.0971904261082106,-0.8275762976345169,1.9247667237427275,0.13693663387961877,0.7702722639290286,10397.96,7415.31,2982.6499999999987,8907.2628,1181.2262431122838,243157.83094999986,0.7852619911514702,0.8921596304535027,0.15222109064497388,0.5999502076062755,1.0971904261082106,-0.6182863626942651,0.15081084712806214,-0.8275762976345169,-0.3200343131956183,-0.4890989463339103,2.6336228666024115,-0.49379294393132006,2.6997464795899253,0.010101010101010102,0.9797979797979799,1.2925708875656468
105e9392,WELL-002,Rod Floating,High,Reduce SPM / adjust VFD; evaluate CSS timing,1.0,train,synthetic_physics_v1,9.19,114.8,1033.9,3336.5,4931.6,80.1,161.1,4.307725949971731,-1.7399720944759858,6.047698044447717,0.17328416414198114,1.0422006877405379,20844.2,7976.02,12868.18,12070.0047,2471.8689767473334,427894.6213999997,0.20772351234117675,0.8004131038837988,0.6642057168186557,-1.0125800873085866,1.9004659077822397,-0.4538447755998366,0.9719124953799716,-1.7399720944759858,4.307725949971731,-2.8919150816171535,72.58068353501243,-2.232440914790813,175.1566444526814,0.08080808080808081,1.0,1.2424820260798166
3929fc68,WELL-011,Rod Floating,High,Reduce SPM / adjust VFD; evaluate CSS timing,0.903,train,synthetic_physics_v1,7.32,110.1,618.6,2337.6,4348.1,87.8,141.4,1.5343186950065233,-1.1614752332830065,2.69579392828953,0.2183851976817921,0.9057647495081416,11968.24,6381.14,5587.099999999999,9277.238500000001,1912.0687107192957,485794.5670999996,0.6175658613761958,1.0469040675077113,0.34591434470098037,-1.1614752332830065,1.5343186950065233,-0.6101336721441268,0.38506596021713974,-1.1614752332830065,1.2295560064932736,-2.695793928289538,176.13366863536743,-0.9246452824567836,67.09531465172799,0.0,1.0,1.451236931745781
7dbbd0a6,WELL-018,Fluid Pound,Medium,Reduce SPM to match inflow; check pump-off control,0.444,train,synthetic_physics_v1,7.21,148.1,365.6,1180.2,5672.4,76.7,144.4,1.0113531514941214,-2.7320552066377544,3.743408358131876,-0.5365427078570525,1.340048076785023,15640.66,6829.6,8811.06,12074.563300000002,3159.8721376179305,592311.4164000005,0.46524154745097646,0.3275910791414411,0.4823710366382134,-2.6964272155836846,1.0113531514941214,-1.400676494855546,1.3657677238602242,-2.7320552066377544,1.0075195269985247,-3.7077803670778167,240.25027144107415,-2.888906828762694,130.1003148274696,0.0,0.9797979797979799,1.3970463509942048
30d17675,WELL-005,Rod Floating,High,Reduce SPM / adjust VFD; evaluate CSS timing,1.0,train,synthetic_physics_v1,9.74,107.9,546.8,2108.5,3937.1,80.4,139.8,2.4498216713746723,-1.5544505815500298,4.004272252924702,0.24576172544261723,1.0916550000125973,16359.15,6264.96,10094.189999999999,10814.542200000002,2854.8459876331613,655879.0446999994,0.4704100492014547,1.1864787790985671,0.44482665073946653,-0.20817334942064675,1.9261271393702586,-0.6949553282133327,0.6447118572033973,-1.5544505815500298,2.4498216713746723,-2.134300488790909,66.40519017085701,-1.5027151785068367,114.5152937275288,0.08080808080808081,1.0,1.546070019052827
4f883649,WELL-004,Rod Floating,High,Reduce SPM / adjust VFD; evaluate CSS timing,0.947,train,synthetic_physics_v1,7.59,110.1,618.2,2737.6,4111.4,83.1,104.6,1.4579284241821626,-1.173723874518306,2.6316522987004687,0.1517155498745714,0.8360117154369037,10970.86,6827.48,4143.380000000001,8933.4627,1343.2025446937294,242023.94100000034,0.5715537737694244,0.9042531283332639,0.29096347290745,0.41497289508344604,1.4147228681327237,-0.6008220285841209,0.42490683701747994,-1.173723874518306,1.4579284241821626,-0.9997499730492773,4.934041816216492,-0.9798427422414288,75.52961718431001,0.08080808080808081,0.98989898989899,1.2951194981022616
2f74e0df,WELL-011,Normal,Low,Continue monitoring,0.0,train,synthetic_physics_v1,4.65,138.6,395.2,2298.2,4348.1,86.5,141.4,1.231969277610661,-0.871093905151313,2.103063182761974,0.16593924855506578,0.8773496296069156,11341.97,6937.23,4404.74,9165.3767,1807.3889353025568,504368.9176000001,0.8222380967899471,1.026276907761577,0.21782642505440872,-0.8628858234619633,1.231969277610661,-0.6943984106514455,0.10804914619247329,-0.871093905151313,-0.5063834787484202,-2.094855101072632,170.4642665472626,-0.34508784546456067,2.229302413945214,0.0,0.98989898989899,1.4791995771356117
77a58580,WELL-002,Rod Floating,High,Reduce SPM / adjust VFD; evaluate CSS timing,1.0,train,synthetic_physics_v1,9.72,107.7,982.0,3170.2,4931.6,84.1,161.1,4.895464193375291,-1.8668651014152498,6.762329294790542,0.15412770518855876,1.1011988270406852,22101.82,7694.22,14407.599999999999,12030.0998,2644.0628332632264,402904.74379999936,0.17497325960099216,0.7449190103922113,0.7371739310821734,-1.1525468042266727,1.97173550865907,-0.4366636000150938,1.0880181873828882,-1.8668651014152498,4.895464193375291,-3.124282312885745,66.4809572964067,-2.5153030683483126,197.1202954542635,0.08080808080808081,1.0,1.2267260100190691
b5083fac,WELL-018,Normal,Low,Continue monitoring,0.0,train,synthetic_physics_v1,7.57,157.3,375.5,2125.3,5672.4,79.1,144.4,1.4509540912883714,-1.1565001872186769,2.6074542785070483,0.13988888579585512,0.7282401101191488,16704.63,10522.56,6182.0700000000015,13609.41115,1831.8163124956543,398718.2366500003,0.4500728140387567,0.7237301072382495,0.45288704127271034,-1.1565001872186769,1.4509540912883714,-0.4439523356465393,0.4169166584693592,-1.1565001872186769,0.2762338661331685,-2.6074542785070536,118.96105883105345,-1.4327340533518453,3.3946877615881297,0.0,1.0,1.2254405447879837
0567d0b6,WELL-010,Rod Floating,High,Reduce SPM / adjust VFD; evaluate CSS timing,1.0,train,synthetic_physics_v1,9.9,135.2,502.2,3946.9,4085.4,82.4,133.2,2.185511697079337,-1.7041899926525412,3.8897016897318784,0.05722764191693727,1.0465663567237844,12487.46,4753.24,7734.219999999999,8248.40855,2190.1424281999102,474949.4931999999,0.4631891269877013,0.9587664594468728,0.4160147008528975,0.2610436501699729,1.6755496035493778,-0.8443111756129983,0.6260907024544576,-1.7041899926525412,2.185511697079337,-1.4025435162048077,5.183434694670947,-1.4715795863048655,112.3552011082763,0.08080808080808081,1.0,1.546491579568381
2098cc3d,WELL-014,Rod Floating,High,Reduce SPM / adjust VFD; evaluate CSS timing,1.0,train,synthetic_physics_v1,10.61,118.1,752.6,2721.5,5348.2,49.8,119.3,4.499575353394039,-2.0625737564812883,6.562149109875326,0.12396532606248747,1.1914838541907478,16858.11,6474.83,10383.28,9935.39215,2095.1516922208466,293355.0229000002,0.2381316106823266,0.9062926638627324,0.7062895611474327,-0.2936353446502699,2.114704934626508,-0.6583620117377577,1.0565748806731154,-2.0625737564812883,4.499575353394039,-2.408340279276778,5.85946893053725,-2.420999123138067,194.7190214234256,0.08080808080808081,1.0,1.2782280377518265
227cfed7,WELL-007,Fluid Pound,High,Reduce SPM to match inflow; check pump-off control,0.6,train,synthetic_physics_v1,5.75,127.8,338.5,2745.3,4904.2,33.0,145.9,0.8637057058680094,-2.1431257253525358,3.006831431220545,-0.33890302691167984,1.0537602395502692,15175.89,5248.68,9927.21,11158.348100000001,3583.3735305621417,901812.9638500005,0.6203570206253166,0.5898267399012724,0.24763367437417066,-1.5031195472439802,0.8637057058680094,-1.2676327937246321,0.6591061285568105,-2.1431257253525358,-0.3924700624716497,-2.3668252531119975,188.43862806820638,-1.4439323278946488,83.11186905126554,0.0,0.7474747474747475,1.787217999579378
727010fc,WELL-009,Gas Interference,Low,Continue monitoring,0.237,train,synthetic_physics_v1,4.39,155.0,347.4,2777.0,3270.1,49.8,76.1,1.1847794441811252,-0.7095472866990851,1.8943267308802103,0.23741067625625584,0.888663877359435,11549.34,6573.98,4975.360000000001,9058.58425,2296.7390599215746,354963.11335000023,0.9378100717679396,1.1250395002691536,0.043488913403242443,0.9944386145827199,1.1847794441811252,-0.6502181477566421,0.04225907974595788,-0.7095472866990851,-0.5352224143868455,-0.11038666069521794,3.118453497972215,-0.11258492018538373,2.258454962885739,0.27272727272727276,0.7272727272727273,1.6710312690530442
e4f8352c,WELL-007,Fluid Pound,Medium,Reduce SPM to match inflow; check pump-off control,0.586,train,synthetic_physics_v1,6.31,130.9,369.1,2461.6,4904.2,48.2,145.9,0.762368486300238,-2.160440089936223,2.922808576236461,-0.40480431740540085,1.0020712348433682,14850.74,5171.72,9679.02,10949.543599999999,3406.76126420403,835098.2277500008,0.5911374380751133,0.4552604027155743,0.2562252436115971,-1.5411229741629096,0.762368486300238,-1.2648690375263758,0.6806023055673999,-2.160440089936223,-0.29541594891323597,-2.2953752923706405,171.71811916866577,-1.5213024585690273,64.24878722452658,0.030303030303030304,0.9292929292929294,1.725235610363406
acc9c654,WELL-004,Normal,Low,Continue monitoring,0.0,train,synthetic_physics_v1,5.88,133.5,509.4,2833.4,4111.4,85.0,104.6,1.2542167563808742,-0.9853922191740675,2.2396089755549418,0.13070018940988817,0.8361681369668656,10625.88,7169.96,3455.919999999999,8897.5478,1303.650839533408,263173.9807000007,0.7303264718670441,0.9485360748977358,0.1747232843206295,0.6456679238181596,1.2542167563808742,-0.6871356960779593,0.1735367663929093,-0.9853922191740675,-0.3905526613788733,-0.6085488325627151,2.807520336241287,-0.5941677762116504,2.114896241019394,0.0,1.0,1.326855613695464
b1593d3c,WELL-005,Rod Floating,High,Reduce SPM / adjust VFD; evaluate CSS timing,1.0,train,synthetic_physics_v1,10.31,98.5,520.8,1935.4,3937.1,78.4,139.8,2.813948246208605,-1.6422229403526905,4.456171186561296,0.17968306923859728,1.0624488591325545,17222.46,6059.1,11163.359999999999,10651.56745,2820.6986494430766,602849.8700000003,0.38856364366097595,1.044564540778281,0.49451416283716093,-0.4060090766713713,1.9022594289342298,-0.6851984023010863,0.7190347555384909,-1.6422229403526905,2.813948246208605,-2.3082685056056036,63.72886526701659,-1.6663179965023591,130.7135804774221,0.08080808080808081,1.0,1.4994281886201823
b1b4b60e,WELL-019,Fluid Pound,Medium,Reduce SPM to match inflow; check pump-off control,0.559,train,synthetic_physics_v1,5.28,158.8,531.9,2016.7,5810.4,42.1,98.7,1.011327842988365,-2.889594090928778,3.900921933917143,-0.33912006635567926,1.3936637789640307,12474.02,5573.88,6900.14,10058.764700000002,2499.1025866662435,360905.4724000003,0.5313355889196412,0.6895605048469775,0.3859546167118665,-2.8559525899655567,1.011327842988365,-1.367800637558336,1.2725050319318005,-2.889594090928778,0.18110333870351783,-3.840074749031891,324.78512564852673,-2.7621795792763817,129.869523592178,0.010101010101010102,0.9292929292929294,1.4560443680351653
69be2712,WELL-014,Gas Interference,Low,Continue monitoring,0.261,train,synthetic_physics_v1,7.71,152.6,399.1,2661.0,5348.2,44.9,119.3,1.227126613303876,-1.2020879280022079,2.429214541306084,0.014288156990819872,0.8156502413302508,11678.51,7819.33,3859.1800000000003,9747.29045,1313.5565256745892,282471.74615,0.6193523104392549,0.7660834235751495,0.31679674545148734,0.21209012675377897,1.227126613303876,-0.7375071095935098,0.3159401980095781,-1.2020879280022079,-0.17696938947223376,-1.0100925762355946,2.74951002657408,-1.021158739724842,3.5458278614136542,0.0,0.98989898989899,1.269651785883182
32788ccf,WELL-005,Gas Interference,Medium,Evaluate gas separation / SPM adjustment,0.418,train,synthetic_physics_v1,6.92,118.0,285.0,2019.3,3937.1,78.1,139.8,1.0980635320086605,-0.7831079713123058,1.8811715033209664,0.1578296053566266,0.7379060863607233,12954.27,8225.5,4728.77,10575.710449999999,1835.1773248308452,501583.2944999996,0.7658538758720645,0.8766044622170598,0.17417891732479532,0.11947875031514368,1.0980635320086605,-0.5609452515038067,0.1593671849110979,-0.7831079713123058,-0.2610984923394971,-0.969251337063451,46.19066918806032,-0.5079671416711388,3.1567148380139227,0.07070707070707072,0.9797979797979799,1.398207448704754
8369d992,WELL-008,Normal,Low,Continue monitoring,0.0,train,synthetic_physics_v1,7.09,148.9,348.8,3568.9,3844.2,32.3,79.5,1.237987161139784,-1.0185900941340251,2.2565772552738093,0.09952470984158034,0.9463355742770897,11268.95,5966.55,5302.400000000001,8626.11005,2210.8682247921283,346953.42284999986,0.8271647568739665,1.0281410080639133,0.2321996682634518,-1.0124030159805395,1.237987161139784,-0.8290915883807525,0.11193254082144374,-1.0185900941340251,-0.6294191360685557,-2.250390177120332,185.17086115673365,-0.38298387991198374,2.906051808853021,0.0,0.9696969696969697,1.672508260562533
e9daa5e9,WELL-002,Normal,Low,Continue monitoring,0.0,train,synthetic_physics_v1,5.74,122.7,557.8,3318.9,4931.6,85.9,161.1,1.2331147663663171,-1.0402957303964309,2.273410496762748,0.0911455968364983,0.7515743734877515,14289.54,9437.79,4851.75,11870.0832,1633.6726411563486,480784.1695000001,0.6211777700859772,0.795466763981889,0.27201907447929,-0.3259506415105737,1.2331147663663171,-0.6131755703088924,0.2521846305950304,-1.0402957303964309,-0.175122761577904,-1.5590654078768942,69.77582264185743,-0.8570287620554926,3.7276127036493274,0.0,0.98989898989899,1.2858969270124168
077bc3c1,WELL-020,Normal,Low,Continue monitoring,0.0,val,synthetic_physics_v1,5.34,124.9,490.6,2151.1,5915.5,60.1,147.1,1.294675868835541,-0.8553146125583051,2.1499904813938464,0.21443171586335175,0.8115608545067297,16662.17,10474.78,6187.389999999998,13572.29875,2350.616885978644,669175.1185000006,0.7340218360890451,0.999595553759433,0.2433129752551323,-0.8553146125583051,1.294675868835541,-0.5707321220327296,0.15841822031721728,-0.8553146125583051,-0.30318170670613975,-2.1459558404018337,159.2147770477447,-0.5521329058521657,2.450161556682661,0.010101010101010102,1.0,1.4001549898935197
1df2c508,WELL-002,Fluid Pound,High,Reduce SPM to match inflow; check pump-off control,0.619,train,synthetic_physics_v1,5.64,120.5,513.9,2661.4,4931.6,77.6,161.1,1.0470284209940697,-2.767648776173911,3.8146771971679803,-0.33278544255756365,1.2097890603694728,13877.85,5813.44,8064.410000000001,10880.484699999997,2705.7592111932117,617682.2237999998,0.47497983576408725,0.5708313634900517,0.30397750361423476,-1.2667573876269453,1.0470284209940697,-1.236402248605179,1.0962345342728328,-2.767648776173911,0.1788939740619044,-2.313785808621022,142.18604380839088,-2.553532939302117,106.57644240660746,0.0,0.7575757575757577,1.4513990577435583
bb722efb,WELL-008,Rod Floating,High,Reduce SPM / adjust VFD; evaluate CSS timing,1.0,train,synthetic_physics_v1,10.58,127.5,741.6,3486.4,3844.2,30.1,79.5,1.4476730484012466,-1.2503423759707373,2.6980154243719836,0.12325129503547572,0.9409562228324161,11765.05,5399.2,6365.849999999999,8686.5115,2237.9396050092037,326137.1536999999,0.650046286830436,0.9960340788535738,0.3332641344623302,-1.2503423759707373,1.4476730484012466,-0.7495314887826221,0.369097098060432,-1.2503423759707373,1.0381339603548059,-2.6980154243719925,182.59223752039625,-0.8442137651346212,67.24805385390584,0.0,1.0,1.6131457227630193
0cbaaed8,WELL-013,Rod Floating,High,Reduce SPM / adjust VFD; evaluate CSS timing,1.0,train,synthetic_physics_v1,9.8,124.1,877.0,2031.9,3433.6,98.3,105.0,1.5186156593335023,-1.2664877608057332,2.7851034201392357,0.16429744022573842,0.990511787576854,10465.2,4158.41,6306.790000000001,7422.013000000001,2264.9794456281497,441262.4655999998,0.6728993081360446,1.098536041288852,0.29372447292756027,-0.6047192864852888,1.5186156593335023,-0.7699411608373752,0.3610396227951846,-1.2664877608057332,0.9670893591159028,-2.122891574983277,129.23970384758263,-0.8195910832817656,62.71085115872574,0.010101010101010102,0.9797979797979799,1.7848025843240678
1254ec4e,WELL-005,Gas Interference,Low,Continue monitoring,0.28,train,synthetic_physics_v1,7.22,120.2,322.4,2066.8,3937.1,81.8,139.8,1.2826852487846259,-0.9399622852814804,2.2226475340661063,0.17525023960810096,0.8663201104288721,13401.23,7814.92,5586.3099999999995,10619.566599999998,2151.9404216640014,587120.8132499994,0.7587463131952114,1.0166226513161642,0.21517851875553784,0.11654522877618792,1.2826852487846259,-0.6661221720999623,0.19724148185986165,-0.9399622852814804,-0.29030701236590434,-1.1632270969879899,52.19676359996653,-0.6395505988850833,3.05209155638399,0.010101010101010102,1.0,1.4787062790103327
72ffe259,WELL-005,Normal,Low,Continue monitoring,0.0,train,synthetic_physics_v1,6.36,129.8,258.2,1969.4,3937.1,83.2,139.8,1.3905476228856224,-1.1239026664499325,2.5144502893355547,0.13687357073156237,0.9568193642860726,13675.1,7360.15,6314.950000000001,10524.00815,2411.4671096610623,653672.3089999999,0.746583612223393,1.0739479003635426,0.20322034222496826,0.1424857108294492,1.3905476228856224,-0.8002007589004176,0.18300679151639634,-1.1239026664499325,-0.4778146585048362,-1.248061912056176,62.75987376380965,-0.6460880079450967,2.6830107702477135,0.0,1.0,1.567528473766658
0ba0eb48,WELL-012,Normal,Low,Continue monitoring,0.0,train,synthetic_physics_v1,6.77,125.1,346.3,1975.0,5158.4,56.0,145.3,1.2706100873686694,-1.2454086910641244,2.5160187784327936,0.005436988919885977,0.9103325499824092,15192.47,8222.6,6969.869999999999,11707.171749999998,2533.8012232149226,701438.3714500001,0.6953905858867702,0.8758485366340406,0.30510706429596235,-1.2454086910641244,1.2706100873686694,-0.8649745587942688,0.22155779752324242,-1.2454086910641244,-0.4790287282350826,-2.507076106064794,174.25568899055645,-0.7663799628290423,3.659439941888927,0.010101010101010102,1.0,1.5158681659826112
fe439694,WELL-016,Rod Floating,High,Reduce SPM / adjust VFD; evaluate CSS timing,1.0,val,synthetic_physics_v1,7.49,137.9,856.7,3536.1,5305.9,86.7,142.3,1.2868291198173634,-1.1957453300531866,2.48257444987055,0.061610362780512275,0.9608678677618495,17520.44,7215.97,10304.469999999998,12491.5031,3984.28949640816,1095487.8722499993,0.7561998882335137,1.0005922634352586,0.16089507224318417,0.7275017248827247,1.2868291198173634,-0.8773715378742339,0.2393175188068494,-1.1957453300531866,0.28824336440960746,-0.5225593730339435,3.7442210040941895,-0.5342068057159874,43.58534420698678,0.020202020202020204,0.98989898989899,1.8825672697298987
bcd89330,WELL-020,Fluid Pound,Medium,Reduce SPM to match inflow; check pump-off control,0.517,val,synthetic_physics_v1,4.96,126.9,432.6,928.9,5915.5,61.8,147.1,0.46985734159616077,-2.3280861596089313,2.797943501205092,-0.5433738788035529,1.007677683025218,14301.4,6218.98,8082.42,11371.139449999999,2932.005356212229,632744.4831500003,0.5316500281892167,0.19498419429575825,0.2843998642121641,-2.3027137701161426,0.46985734159616077,-1.2817319519028643,0.9271461884451616,-2.3280861596089313,-0.025390280715197604,-2.7725711117123133,226.26756447571097,-1.9596366469171547,106.09496043601318,0.0,0.8484848484848485,1.470848133246161
bb2cf55d,WELL-009,Fluid Pound,Medium,Reduce SPM to match inflow; check pump-off control,0.419,train,synthetic_physics_v1,4.55,151.9,425.8,1433.6,3270.1,39.4,76.1,0.521679413555982,-1.7996659930578938,2.321345406613876,-0.4421935801048384,0.9430117203629756,9806.06,3678.19,6127.869999999999,7301.64755,2456.937002703874,346450.8824000001,0.7472559612064207,0.42482855424945165,0.040402793661201364,0.3546769307549171,0.521679413555982,-1.3092157144591285,0.5229293076771578,-1.7996659930578938,-0.46091937334972666,-0.15426041509507296,5.001515072137331,-1.0800756229610238,53.1967727468049,0.0,0.9494949494949496,1.8788638879035766
2f90efe8,WELL-003,Normal,Low,Continue monitoring,0.0,val,synthetic_physics_v1,4.77,129.9,479.1,3493.7,5912.1,94.6,107.3,1.2161763893622373,-0.8632108751420655,2.0793872645043026,0.18080614507220602,0.8967377346019485,19742.04,12088.02,7654.02,15921.7197,3289.2128432138456,700412.0225000002,0.8589016522191919,1.0738283641213362,0.08096516996732402,0.9280890102154823,1.2161763893622373,-0.7122160739769238,0.08212431515310617,-0.8632108751420655,-0.5761852439969799,-0.2655872708025128,2.8135486713060978,-0.28371327513205097,2.4227758607425542,0.020202020202020204,1.0,1.5111777508236657
179f7039,WELL-004,Normal,Low,Continue monitoring,0.0,train,synthetic_physics_v1,5.13,128.5,472.7,2995.3,4111.4,90.8,104.6,1.2431646741294287,-0.9214733061327459,2.1646379802621745,0.1646209410713841,0.8643521481506105,10630.89,7268.08,3362.8099999999995,8949.105,1340.5879931030263,274835.53990000015,0.7890813725986991,1.0186688863201474,0.1329485196299069,0.7920335303423561,1.2431646741294287,-0.689427004177379,0.13318474982555864,-0.9214733061327459,-0.4688314364807994,-0.45070828731355006,2.03342261608058,-0.44778916692402554,2.7855073524283642,0.010101010101010102,0.9797979797979799,1.3414002757275811
d6ddda1b,WELL-016,Normal,Low,Continue monitoring,0.0,val,synthetic_physics_v1,3.59,148.4,326.6,3682.1,5305.9,83.8,142.3,1.143004702021485,-0.9988171667728427,2.141821868794328,0.07653697478700067,0.997807056118331,16981.42,8125.41,8856.009999999998,12545.20245,4098.349616107378,1163967.0568499998,0.9310592571997985,1.073646923150281,0.037695017467815194,1.0088920934404937,1.143004702021485,-0.9205729735762795,0.03688400584419213,-0.9988171667728427,-0.8527669318172089,-0.12149952228992543,2.441411401590518,-0.12507884637978028,2.7129980369108138,0.020202020202020204,0.9595959595959597,1.9590103427722507
2898d52b,WELL-004,Normal,Low,Continue monitoring,0.0,train,synthetic_physics_v1,5.24,131.5,464.0,2849.4,4111.4,76.9,104.6,1.194408221656561,-0.9311836984438786,2.1255919201004394,0.13250266935511731,0.8342783703378535,10554.31,7257.78,3296.5299999999997,8900.6827,1294.8082657697664,264691.7732000004,0.7740858275226681,0.9551926214845501,0.13998404457311708,0.7124946058255888,1.194408221656561,-0.6901872827743156,0.13714135416665363,-0.9311836984438786,-0.4446723020320847,-0.47115513280364796,2.4374738841722734,-0.4865113964117938,2.044904359975074,0.010101010101010102,1.0,1.3287193691552035
60d6e02a,WELL-020,Normal,Low,Continue monitoring,0.0,val,synthetic_physics_v1,5.34,124.8,501.6,2120.3,5915.5,59.0,147.1,1.2679469191955224,-0.8526586360278525,2.120605555223375,0.2050162647232586,0.8015142660654676,16585.71,10487.11,6098.5999999999985,13542.056099999998,2320.359263042642,660680.0956500003,0.7347357949451714,0.9801707876054567,0.24115813872666608,-0.8526586360278525,1.2679469191955224,-0.5701382581589395,0.15799974952310591,-0.8526586360278525,-0.29307017400949664,-2.120605555223382,155.88505515006557,-0.5595884620183558,2.252021129746113,0.0,1.0,1.394771591104529
ed7dd5a2,WELL-007,Normal,Low,Continue monitoring,0.0,train,synthetic_physics_v1,5.38,132.9,357.2,3779.9,4904.2,39.5,145.9,1.3061150326224893,-1.0835328107703446,2.389647843392834,0.10975592658285266,0.9986027336326518,16662.87,8747.61,7915.259999999998,12714.784399999999,3308.4189412254973,954112.5449500005,0.8271153770181985,1.0942666596225705,0.2047908609924279,-0.5848972478959291,1.3061150326224893,-0.8747548064568652,0.1181218673674945,-1.0835328107703446,-0.6648112015884075,-1.87587726745978,148.28264923058683,-0.4187216091819365,2.605322153745145,0.020202020202020204,1.0,1.6861574331645708
b3959a7f,WELL-005,Normal,Low,Continue monitoring,0.0,train,synthetic_physics_v1,7.15,121.7,297.7,1825.8,3937.1,82.5,139.8,1.3598173371066473,-1.2034764492882974,2.5632937863949445,0.07641753752284373,0.9110568900165127,13587.87,7165.41,6422.460000000001,10375.4464,2310.587751234313,612968.4685999999,0.6868501006591603,0.9553076973807471,0.24865280037997384,-0.02429196045844856,1.3598173371066473,-0.8024726223350597,0.2309226545105858,-1.2034764492882974,-0.4143331717392974,-1.3797258131879349,57.76243989619445,-0.7805526981512538,2.7539768970274134,0.010101010101010102,1.0,1.5325543064376292
edc2a3a0,WELL-012,Rod Floating,High,Reduce SPM / adjust VFD; evaluate CSS timing,1.0,train,synthetic_physics_v1,10.06,96.5,782.9,1805.2,5158.4,61.8,145.3,2.8652826103892117,-1.7088182476707419,4.574100858059953,0.007627019389155478,0.9862816751526339,19640.94,6954.62,12686.32,11733.347749999999,2916.15759467873,600477.5497000006,0.32742602254058495,0.7531443441679094,0.542071839435275,-1.7088182476707419,1.6010908371441093,-0.7378903053895985,0.7348938993381894,-1.7088182476707419,2.8652826103892117,-3.309909084814858,163.3365949704291,-1.6435500028145147,131.24728613880495,0.08080808080808081,1.0,1.4215236791362333
004ef195,WELL-017,Rod Floating,High,Reduce SPM / adjust VFD; evaluate CSS timing,1.0,val,synthetic_physics_v1,8.33,97.1,700.7,4101.9,5858.7,91.0,103.8,1.410372042128381,-1.257097276173187,2.667469318301568,0.08214774714467431,1.0307361136125412,20497.99,8598.88,11899.110000000002,14646.835499999997,4609.890426670655,928552.2186000005,0.7559671096551136,1.088112670351432,0.20649574954190855,-0.22638133171653327,1.410372042128381,-0.9238171760620837,0.24137631156876185,-1.257097276173187,0.23205225542525412,-1.6367533738449191,104.56203574963725,-0.5499317174599604,42.109416705487,0.0,0.98989898989899,1.870879748860197
63125cb2,WELL-009,Fluid Pound,Medium,Reduce SPM to match inflow; check pump-off control,0.561,train,synthetic_physics_v1,5.01,157.1,360.4,1086.8,3270.1,42.5,76.1,0.31201422374293003,-1.7901593568042422,2.102173580547172,-0.47024139439934687,0.7799160427698008,9255.73,3725.47,5530.26,7162.4249,2095.581484815847,275093.26295000006,0.6549204819845865,0.21856503338885794,0.04703490103887501,0.12480995935653422,0.31201422374293003,-1.1590478221875518,0.5151865639736538,-1.7901593568042422,-0.4772314219584971,-0.1650205841650601,2.980942446729829,-1.1145493099165134,50.33613418210663,0.0,1.0,1.686877895539015
9473c1fb,WELL-011,Fluid Pound,High,Reduce SPM to match inflow; check pump-off control,0.605,train,synthetic_physics_v1,4.63,132.1,444.5,1087.0,4348.1,83.4,141.4,0.522302471007456,-2.2284628462497924,2.7507653172572484,-0.4428133415375914,0.9468009595199102,9938.69,4223.84,5714.85,7855.3685,2017.8718968568717,445016.62125000055,0.5529328013215107,0.3126651454456391,0.27073678193932393,-2.1703310480825597,0.522302471007456,-1.198291828520822,0.7603092924671129,-2.2284628462497924,-0.2529624549133194,-2.6777877780251558,230.0219713229219,-1.6420907692556093,93.25273169695679,0.030303030303030304,0.797979797979798,1.5220986698754253
ee5f7423,WELL-015,Gas Interference,Medium,Evaluate gas separation / SPM adjustment,0.341,train,synthetic_physics_v1,6.2,121.9,430.9,2638.9,4316.7,72.2,122.9,1.0725658311386652,-0.8067605153028807,1.879326346441546,0.12973675330938847,0.7281507679497793,9228.32,6484.91,2743.41,7854.36895,1054.379828864531,252340.76045000018,0.7543032366293039,0.8380211393351011,0.16826067093102687,0.5195762696553387,1.0725658311386652,-0.5785476327163244,0.169593294012191,-0.8067605153028807,-0.25060709576202633,-0.538943281930917,2.831828440792035,-0.5498557118442471,2.315849330331994,0.04040404040404041,0.9393939393939394,1.2927684461580415
f79564f1,WELL-016,Fluid Pound,Medium,Reduce SPM to match inflow; check pump-off control,0.409,val,synthetic_physics_v1,5.45,147.2,376.5,3115.4,5305.9,86.9,142.3,0.9492912810385505,-1.8338334392909108,2.7831247203294613,-0.2881035550930741,1.135533000670555,16209.84,4627.76,11582.08,11091.250549999999,4629.172261494078,1259614.9828000008,0.7753680689879511,0.7904351972687564,0.08388755140128998,0.6336382157648393,0.9492912810385505,-1.3666423074549048,0.49531968389234904,-1.8338334392909108,-0.5238786157251729,-0.2879332160048868,4.78921030605821,-1.0287557733383088,48.59629528070944,0.010101010101010102,0.6060606060606061,2.2920639255342925
92cbd92e,WELL-016,Rod Floating,High,Reduce SPM / adjust VFD; evaluate CSS timing,1.0,val,synthetic_physics_v1,7.67,134.8,720.9,3699.4,5305.9,73.7,142.3,1.3791530851610068,-1.2175807097743967,2.5967337949354032,0.10480852464493552,1.0021741256949122,17934.34,7183.03,10751.310000000001,12671.48485,4152.6382872306585,1141709.6625999997,0.7537612683477815,1.0837045716788898,0.17025034445766074,0.7761174376653577,1.3791530851610068,-0.874087522389019,0.25148724587813176,-1.2175807097743967,0.33738530517673754,-0.603035647495649,7.165369269802565,-0.5808501775408804,46.04961528054555,0.0,1.0,1.9169962327519847
8a23e20e,WELL-016,Normal,Low,Continue monitoring,0.0,val,synthetic_physics_v1,4.19,141.9,322.9,3690.0,5305.9,84.2,142.3,1.167795595861881,-1.0131301078788941,2.180925703740775,0.07910704946135069,1.0016960196690086,17025.59,8041.86,8983.73,12554.474649999998,4112.60976217023,1167806.3982000002,0.9174085445912781,1.0794445727986979,0.051888174611022665,0.9612036036469396,1.167795595861881,-0.9212304738759967,0.05241304974535631,-1.0131301078788941,-0.8299975110823279,-0.20419214933860605,3.1989565571946916,-0.17622563209702002,1.8544487031503132,0.020202020202020204,1.0,1.9614458313585739
75ca0460,WELL-017,Fluid Pound,Medium,Reduce SPM to match inflow; check pump-off control,0.453,val,synthetic_physics_v1,5.36,122.5,381.7,3287.0,5858.7,95.5,103.8,0.8753483828058094,-1.941514285866796,2.8168626686726053,-0.35498118973396886,1.139365918858,18158.38,5600.74,12557.640000000001,12737.07625,5045.580707639156,995837.0912500005,0.7674398520782131,0.7224749894212146,0.15353014320466524,-0.6511169461196843,0.8753483828058094,-1.4324373688891523,0.5009134189043563,-1.941514285866796,-0.6350252527649188,-1.4882630546054674,125.52889990451126,-1.0435196527928978,52.65091892281666,0.030303030303030304,0.888888888888889,2.186670870148762
74b48774,WELL-005,Fluid Pound,Medium,Reduce SPM to match inflow; check pump-off control,0.386,train,synthetic_physics_v1,6.94,129.0,275.6,699.3,3937.1,86.4,139.8,0.4352778005965312,-2.228056606246633,2.6633344068431644,-0.7257779344457025,0.9772774021912991,11266.37,4629.41,6636.960000000001,8442.3488,2424.1084766547806,536843.3326000002,0.5787293849071078,0.04245028100483937,0.2365018132972452,-0.9622117322374212,0.4352778005965312,-1.4940061498962447,0.8208897319043614,-2.228056606246633,0.09122436036696986,-1.3717538209257902,63.845714616233025,-1.7877842903105146,73.3659652527784,0.020202020202020204,0.8484848484848485,1.5581873387482126
5edd2389,WELL-020,Fluid Pound,Medium,Reduce SPM to match inflow; check pump-off control,0.324,val,synthetic_physics_v1,4.43,126.0,511.7,1209.2,5915.5,59.1,147.1,0.582999755620422,-2.31672663581922,2.899726391439642,-0.6363362060761546,1.2014221439768404,14705.15,6273.52,8431.63,11282.66915,3366.825593730803,863474.7355499999,0.7013603331273547,0.3727004391623182,0.28729878039510337,-2.2721700400159417,0.582999755620422,-1.6453728513146273,0.8763445920361912,-2.31672663581922,-0.10378788466432716,-2.8379666913243167,245.34722977523583,-1.9064160358364692,87.54665058695105,0.020202020202020204,0.8181818181818182,1.6507982394566367
10f1b510,WELL-019,Normal,Low,Continue monitoring,0.0,train,synthetic_physics_v1,4.7,151.2,502.9,2470.6,5810.4,49.9,98.7,1.1045440947982632,-0.6182563646737074,1.7228004594719706,0.2407395003150294,0.6634241419213176,12622.97,9596.22,3026.75,11112.1592,1169.3301935968984,224528.97475000023,0.7511037134411388,0.8845554656129737,0.1918460603929725,-0.6182563646737074,1.1045440947982632,-0.4030764649829149,0.1202508999331027,-0.6182563646737074,-0.1986643679377034,-1.7228004594719768,130.28647835041977,-0.4087752205385471,2.2605010393702334,0.0,1.0,1.2262967175017387
ea4f056d,WELL-014,Rod Floating,High,Reduce SPM / adjust VFD; evaluate CSS timing,1.0,train,synthetic_physics_v1,10.88,122.7,772.9,2430.2,5348.2,53.8,119.3,4.750570278922976,-2.0990540999975464,6.849624378920522,0.06125003276432899,1.184827855609635,17256.98,6354.41,10902.57,9839.67785,2105.5853687670506,268477.76259999984,0.2087993847184484,0.7772346019294034,0.74416993804992,-0.4771268077965238,2.0515865031802716,-0.6547345364007452,1.1084121036847423,-2.0990540999975464,4.750570278922976,-2.5287133109767956,6.904713581407081,-2.506977036165289,201.43648976067348,0.08080808080808081,0.98989898989899,1.2538800632505136
19827742,WELL-001,Gas Interference,Low,Continue monitoring,0.165,train,synthetic_physics_v1,7.34,158.8,278.7,2877.3,4316.6,44.4,146.8,1.288842428303909,-1.0067512705000954,2.295593698804004,0.136076224851899,0.8057143640543426,13702.1,7994.54,5707.56,10856.63575,2005.9908457150143,548205.7085000004,0.6580701285579799,0.8873917720537751,0.31761852712816574,-0.9941445412999403,1.288842428303909,-0.6152393223499772,0.26176256641737916,-1.0067512705000954,-0.12943029369272632,-2.279928311567377,141.5856517402777,-0.864714247607214,3.7127592630008777,0.020202020202020204,0.9797979797979799,1.4064142122266625
5729bf74,WELL-002,Normal,Low,Continue monitoring,0.0,train,synthetic_physics_v1,6.89,124.7,556.8,3335.6,4931.6,81.2,161.1,1.4330313088356827,-1.2353880722646118,2.6684193811002945,0.09449690538909365,0.8006100433317477,14715.0,9022.84,5692.16,11877.533250000002,1775.891669105111,483163.9822500008,0.5319640731502917,0.8024424067743855,0.3833324501939758,-0.5324882248398706,1.4330313088356827,-0.6134485959961984,0.3641915014552978,-1.2353880722646118,0.01937268511573971,-1.965519533675556,73.45076480364668,-1.2547607573803519,3.174605577654978,0.0,1.0,1.2876375801812547
2b7d2a11,WELL-004,Fluid Pound,Medium,Reduce SPM to match inflow; check pump-off control,0.368,train,synthetic_physics_v1,5.71,128.3,466.0,1841.4,4111.4,77.4,104.6,0.797416674401435,-2.8426595421942,3.6400762165956353,-0.6932273440627439,1.4537356061520805,9949.58,4307.05,5642.53,7694.88285,2203.3652590517936,387156.1203,0.6609132143724703,0.508094018669608,0.16210113902634554,0.19176868993499727,0.797416674401435,-1.8945487067950961,1.146329626591255,-2.8426595421942,0.12728998297597785,-0.5606141451864055,7.3319268545908685,-2.374993748364424,148.58714676093788,0.0,0.9494949494949496,1.595417362555336
df5fe7b7,WELL-017,Rod Floating,High,Reduce SPM / adjust VFD; evaluate CSS timing,0.936,val,synthetic_physics_v1,6.97,90.4,728.7,3974.0,5858.7,86.6,103.8,1.2565594932736972,-1.1725461815040334,2.4291056747777304,0.04924156550591391,0.9977302485417752,19819.48,9037.97,10781.51,14492.34895,4451.359004865525,908769.5669000004,0.8122725680566796,1.0335511485931195,0.16357173152854346,-0.1602200638420371,1.2565594932736972,-0.9350680175812919,0.16261880469552878,-1.1725461815040334,-0.1586648071560108,-1.4167795571157387,100.617729337978,-0.3854385575285644,27.98301200796853,0.0,0.9393939393939394,1.8589487098671187
d3583035,WELL-004,Normal,Low,Continue monitoring,0.0,train,synthetic_physics_v1,6.03,128.4,521.9,2797.4,4111.4,78.3,104.6,1.247045732350484,-1.0176650780016834,2.2647108103521676,0.12131761439424053,0.8310327056589016,10626.77,7131.42,3495.3500000000004,8882.5494,1297.5311174467608,260793.72435000027,0.7158093091019818,0.9318868408323181,0.18313816310052872,0.6042216153922833,1.247045732350484,-0.6892516120438371,0.18342897063666425,-1.0176650780016834,-0.3807442156396702,-0.6428241169582012,2.8338820790756376,-0.6369208623620137,2.7003594101312194,0.0,1.0,1.3241464838729164
da3dc981,WELL-016,Rod Floating,High,Reduce SPM / adjust VFD; evaluate CSS timing,0.828,val,synthetic_physics_v1,5.75,122.8,843.9,3649.5,5305.9,81.0,142.3,1.2273020299297988,-1.1056840809953206,2.3329861109251193,0.08454814696635289,0.9781272976650869,17321.82,7693.28,9628.54,12577.678199999998,4032.4946962873687,1133217.4716999999,0.8323735964676033,1.0556382892883276,0.09792614993281377,0.8789094295881563,1.2273020299297988,-0.8865419953556217,0.1335827870824738,-1.1056840809953206,-0.27315260255650203,-0.31315672261902844,3.3770087685412995,-0.2728771354498058,21.959709754527896,0.020202020202020204,0.98989898989899,1.9193043008510127
fd3dddb7,WELL-001,Fluid Pound,Medium,Reduce SPM to match inflow; check pump-off control,0.507,train,synthetic_physics_v1,6.4,160.1,226.8,1654.9,4316.6,50.9,146.8,0.8401316770217255,-2.188757277962662,3.028888954984388,-0.38336151989774675,1.0615420557710868,12602.32,5068.18,7534.139999999999,9567.26325,2650.2127669424844,607412.8321499999,0.5519730927091869,0.4469630974179065,0.3385454054965611,-2.1840086346865974,0.8401316770217255,-1.2136861372134,0.8719243892206521,-2.188757277962662,0.2823780398723951,-3.0053663249955402,226.38131428462557,-1.904829781909205,99.62487042428151,0.05050505050505051,0.888888888888889,1.5549302781720207
ce815f4c,WELL-020,Rod Floating,High,Reduce SPM / adjust VFD; evaluate CSS timing,1.0,val,synthetic_physics_v1,7.16,102.8,817.3,2160.3,5915.5,56.2,147.1,1.5904288538411193,-1.0481215333132734,2.6385503871543925,0.253806540952694,0.84794720640468,17562.57,9833.63,7728.9400000000005,13696.2798,2511.61886488913,642535.1803000005,0.5742089948588451,1.0078106474404913,0.34716679457358735,-1.0390091993140724,1.5092399471136566,-0.5001975655351031,0.4248055569829329,-1.0481215333132734,1.5904288538411193,-2.5482491464277364,156.63301229926938,-0.9323209583923361,78.43521115440565,0.08080808080808081,0.9797979797979799,1.3745446138748907
4a20c0c5,WELL-012,Normal,Low,Continue monitoring,0.0,train,synthetic_physics_v1,7.23,128.6,311.1,2122.4,5158.4,64.3,145.3,1.429964482511771,-1.3100489806086237,2.7400134631203947,0.05899923379817139,0.9694508044369518,15615.97,8069.84,7546.129999999999,11854.805,2705.7769801314003,743056.0330500002,0.6762872198323078,0.9809216861006275,0.33955704991063373,-1.3100489806086237,1.429964482511771,-0.8629232185042843,0.2539462899594018,-1.3100489806086237,-0.4305499039484521,-2.740013463120403,183.9915994699427,-0.872177822941448,4.212246532287035,0.0,1.0,1.5469159939975445
d7de2543,WELL-011,Rod Floating,High,Reduce SPM / adjust VFD; evaluate CSS timing,1.0,train,synthetic_physics_v1,8.42,111.6,617.6,2238.7,4348.1,84.7,141.4,1.994515026179588,-1.3237546275645993,3.3182696537441876,0.20015766742107896,0.9256328242484718,12936.76,6087.19,6849.570000000001,9244.5862,1987.333856741378,464125.34435000014,0.4795408195258906,0.9920893892072776,0.42026497741066565,-1.3237546275645993,1.6272425091515605,-0.5917740543651199,0.5316558054530309,-1.3237546275645993,1.994515026179588,-2.9509971367161674,171.71574383184324,-1.2449667567840983,95.62736913069816,0.08080808080808081,1.0,1.427641892473891
64d5321a,WELL-014,Normal,Low,Continue monitoring,0.0,train,synthetic_physics_v1,7.69,143.8,375.6,2490.3,5348.2,50.2,119.3,1.4321693857219826,-1.4820728237873613,2.914242209509344,-0.021287809884534853,0.9022420788470841,12009.92,7371.14,4638.78,9691.210249999998,1484.9775899377867,308998.0566000008,0.564594527103445,0.8014066762405742,0.3712526090170154,0.169835349589036,1.4321693857219826,-0.8439822960096437,0.36959518798458485,-1.4820728237873613,-0.2114068666655689,-1.2623340361329463,3.4780317931556084,-1.270665957121792,3.1862529663297803,0.0,1.0,1.3071318629851583
4285d950,WELL-019,Gas Interference,Medium,Evaluate gas separation / SPM adjustment,0.432,train,synthetic_physics_v1,4.85,148.6,573.4,2522.0,5810.4,37.1,98.7,0.8733648598743186,-0.3580113544843123,1.2313762143586309,0.25293924073531665,0.4954210044846275,12208.7,10047.29,2161.41,11129.220949999999,862.3903517239729,167674.93700000003,0.7849152167829324,0.7336620401056243,0.1420687007682291,-0.3540434612709498,0.8733648598743186,-0.2277835586349909,0.09225837610912146,-0.3580113544843123,-0.05350988449984739,-1.2170408995372426,91.55013099213957,-0.3000549418752617,1.910543645414713,0.04040404040404041,0.9797979797979799,1.1615826641677232
d5d24938,WELL-013,Normal,Low,Continue monitoring,0.0,train,synthetic_physics_v1,5.74,133.5,386.2,2112.5,3433.6,96.6,105.0,1.3107972974716302,-1.008217380643902,2.3190146781155323,0.14829366514686945,1.0156071008524985,9992.66,4752.07,5240.59,7386.53135,2279.17073768853,475575.6500999999,0.8712267381384822,1.1551322740973486,0.16851009397763358,-0.3165309061373236,1.3107972974716302,-0.8585449438036099,0.0840948624174553,-1.008217380643902,-0.7093256244776246,-1.62732820360896,132.6826416254112,-0.28578238535043976,2.626574823517931,0.0,0.9797979797979799,1.8768400653385773
02408bd1,WELL-005,Normal,Low,Continue monitoring,0.0,train,synthetic_physics_v1,6.75,127.6,286.7,1861.3,3937.1,87.6,139.8,1.3508606159978072,-1.1526157822064933,2.5034763982043007,0.0904684516307023,0.9198848336081175,13557.63,7288.61,6269.0199999999995,10410.503349999999,2324.0859090268755,623724.0821500006,0.7157487725754749,0.9849376158273402,0.2238515583570969,0.03500459214539482,1.3508606159978072,-0.8040007125659356,0.20522310451872372,-1.1526157822064933,-0.4600630902811454,-1.3158560238524153,60.245579535668476,-0.691742612807918,2.5766327674935794,0.0,1.0,1.5417389150826233
b1f8d7c2,WELL-020,Normal,Low,Continue monitoring,0.0,val,synthetic_physics_v1,4.98,125.6,414.2,2304.6,5915.5,52.0,147.1,1.3508085071987261,-0.8043351995210416,2.155143706719768,0.2638085399269767,0.8580383654500219,16830.29,10562.81,6267.480000000001,13715.122349999998,2476.0102184631583,712627.1053000012,0.7800130856758198,1.1001402309906436,0.23443363892118152,-0.8043351995210416,1.3508085071987261,-0.5725231511366902,0.13637869025488558,-0.8043351995210416,-0.3358899531126542,-2.1551437067197754,167.6944098567925,-0.46844524640838736,1.957691488136553,0.0,1.0,1.4257301630034855
2abab996,WELL-011,Fluid Pound,Medium,Reduce SPM to match inflow; check pump-off control,0.533,train,synthetic_physics_v1,5.02,143.8,389.0,1109.4,4348.1,96.8,141.4,0.5774795653093867,-2.2209310045064137,2.7984105698158004,-0.47375918546969403,1.004761424074186,10014.5,4229.5,5785.0,7825.159750000001,2102.004746029475,470212.47640000016,0.5748863671164314,0.3251969012165845,0.27973077406214264,-2.16780814144557,0.5774795653093867,-1.2727152721559725,0.8149724386454197,-2.2209310045064137,-0.08921495120592807,-2.745287706754966,228.6460227432551,-1.6989340962060078,98.61601594989533,0.0,0.9191919191919192,1.5495546262042275
6b902e49,WELL-013,Fluid Pound,Medium,Reduce SPM to match inflow; check pump-off control,0.476,train,synthetic_physics_v1,6.43,142.3,424.0,1155.7,3433.6,103.3,105.0,0.6632971055895287,-1.7736381532928394,2.436935258882368,-0.37580973939506074,0.9307235426512781,8562.0,3062.36,5499.639999999999,6212.25145,2093.2962809039714,399941.77244999976,0.6968406097196637,0.46979982441234996,0.18428571851301082,-1.0597372418505064,0.6632971055895287,-1.2214193032024716,0.5180929750901044,-1.7736381532928394,-0.27110487952018986,-1.6890994775316952,134.5682114202409,-1.0696266179715612,56.7676076304391,0.05050505050505051,0.888888888888889,1.8786820789744245
eaf9f57c,WELL-017,Fluid Pound,High,Reduce SPM to match inflow; check pump-off control,0.637,val,synthetic_physics_v1,4.68,120.7,367.3,3422.7,5858.7,94.5,103.8,0.9216537111044548,-1.9337460996711038,2.8553998107755585,-0.24129349055958713,1.0845761028362284,18477.79,5673.29,12804.5,13100.83195,4947.251726484686,950768.2077500003,0.722623238109675,0.787841502858535,0.14956232414283127,-0.6101727207502965,0.9216537111044548,-1.2704284839777091,0.46043901607965376,-1.9337460996711038,-0.7477985876918221,-1.4879286500276474,131.09342165821323,-1.01764057960332,57.480545757129214,0.010101010101010102,0.9797979797979799,2.106266176456654
20e7163a,WELL-008,Normal,Low,Continue monitoring,0.0,train,synthetic_physics_v1,7.57,158.9,380.9,3710.7,3844.2,36.9,79.5,1.3260725077555315,-1.046417215214722,2.3724897229702533,0.12922107990101778,0.9781045940572699,11485.67,5929.87,5555.8,8697.359050000001,2286.1964704321886,358033.6347999999,0.8117227814174093,1.0873253393893187,0.2479449395240875,-1.0394447047838755,1.3260725077555315,-0.8288831795872831,0.12638416315749118,-1.046417215214722,-0.6081785405251121,-2.3637865104798164,190.7953086477628,-0.43126616425876324,2.923090587086461,0.010101010101010102,0.98989898989899,1.6936439997916446
c406ec2c,WELL-020,Normal,Low,Continue monitoring,0.0,val,synthetic_physics_v1,4.52,134.4,500.4,2309.1,5915.5,59.6,147.1,1.319912738214568,-0.774776743587971,2.094689481802539,0.26560104149080194,0.8562442406105395,16738.98,10699.13,6039.85,13719.527549999999,2466.1769639442946,714458.6592999997,0.8044842645818863,1.103992538480482,0.21823962085617649,-0.7633592676417811,1.319912738214568,-0.5727904554988781,0.11348683887040709,-0.774776743587971,-0.378030053182428,-2.0832720058563563,166.94451149274423,-0.38532921445935264,3.1081999314041746,0.0,0.9797979797979799,1.4267147001197513
18d5a428,WELL-020,Gas Interference,Medium,Evaluate gas separation / SPM adjustment,0.356,val,synthetic_physics_v1,5.71,126.2,525.7,2161.0,5915.5,53.0,147.1,1.0629975491291275,-0.614349224789597,1.6773467739187244,0.21990373532139393,0.6573849718832442,15988.47,11170.82,4817.65,13582.293250000002,1875.1338715894226,539678.6749500006,0.7592616084085181,0.8533169312372199,0.20306794558594402,-0.614349224789597,1.0629975491291275,-0.41350946059443205,0.14369710668893262,-0.614349224789597,-0.14036895117601464,-1.67734677391873,119.85172177193597,-0.473980273613582,2.301464045094969,0.0,1.0,1.3040111627631348
ae752d02,WELL-006,Fluid Pound,Medium,Reduce SPM to match inflow; check pump-off control,0.328,train,synthetic_physics_v1,4.71,128.3,519.1,1641.6,5115.5,67.0,136.5,0.6579793377849928,-2.5050057578245313,3.1629850956095242,-0.6832642649844832,1.2905036070710931,13558.61,5912.2,7646.410000000001,10476.57375,3029.779785899371,715245.7718999996,0.685379160527074,0.392391119345886,0.31647376601960037,-2.485935532449278,0.6579793377849928,-1.7589196493148522,0.957378954996686,-2.5050057578245313,0.0371690230337115,-3.1107050854981995,263.6272160761312,-2.0816771318739593,94.74526268947652,0.04040404040404041,0.4646464646464647,1.6174508667045662
49a6edde,WELL-003,Fluid Pound,High,Reduce SPM to match inflow; check pump-off control,0.627,val,synthetic_physics_v1,4.2,121.2,410.1,2578.8,5912.1,87.6,107.3,0.7918340233037207,-2.2449277365340086,3.036761759837729,-0.2707245031058277,1.0740995099359651,18178.15,7026.56,11151.59,14128.806800000002,4094.6829491885887,734452.7140000006,0.6162317672324195,0.6658553289925431,0.06355261176826887,0.5521306732995467,0.7918340233037207,-1.2073043352041983,0.7409298321973334,-2.2449277365340086,-0.4214244979302231,-0.20264139702909595,5.265576293944764,-1.624115702451237,98.52014462396365,0.030303030303030304,0.7373737373737375,1.666389141460083
01328f4a,WELL-005,Gas Interference,Low,Continue monitoring,0.184,train,synthetic_physics_v1,6.65,132.9,255.6,2015.2,3937.1,83.4,139.8,1.2870972698844965,-0.9811267787944341,2.2682240486789307,0.15413171770837025,0.9032663740393574,13386.43,7726.9,5659.530000000001,10568.227149999999,2243.89575588849,615940.3313500001,0.7800778834913995,1.0369546039597122,0.20061660210025165,0.13475102812511075,1.2870972698844965,-0.7286911685429718,0.1810545965278601,-0.9811267787944341,-0.3666039448273083,-1.1387024278893192,56.09369356595165,-0.5808037463867538,3.9125069364807405,0.10101010101010102,1.0,1.5134213293285812
20372c74,WELL-004,Fluid Pound,Medium,Reduce SPM to match inflow; check pump-off control,0.481,train,synthetic_physics_v1,5.65,127.1,441.1,2309.8,4111.4,93.1,104.6,0.9781290805199695,-2.8439964633122035,3.822125543832173,-0.4728752680046612,1.4413001643092453,10294.78,4286.56,6008.22,7970.041,2234.860695311455,383238.87739999976,0.6234489520995342,0.7183893264397248,0.16025540524234647,0.43069973744928086,0.9781290805199695,-1.6641398624490469,1.1361284541867755,-2.8439964633122035,-0.03060745142909583,-0.5474293430706884,4.83621912570821,-2.3611848136041864,126.31060898278018,0.0,0.6565656565656566,1.5893849000873208
d163a838,WELL-013,Normal,Low,Continue monitoring,0.0,train,synthetic_physics_v1,6.58,135.3,442.8,2091.8,3433.6,95.4,105.0,1.3450704202602632,-1.0335973756680177,2.3786677959282807,0.14154903788792467,1.0105516489314212,10046.34,4695.15,5351.1900000000005,7370.955599999999,2270.019785993206,471882.09695000004,0.8427314358445325,1.1404860966770145,0.1863783012524355,-0.3655845648406825,1.3450704202602632,-0.857388020901165,0.10927902037395097,-1.0335973756680177,-0.6566831102478975,-1.7106549851009523,133.44284619601342,-0.3755022818823405,3.237783619569135,0.0,0.9797979797979799,1.8696433459556632
34b6409c,WELL-016,Fluid Pound,Medium,Reduce SPM to match inflow; check pump-off control,0.54,val,synthetic_physics_v1,4.19,146.8,376.1,2171.1,5305.9,82.5,142.3,0.4230779638763447,-1.8224641979686123,2.245542161844957,-0.4799334946418368,0.8661919218284609,13969.47,4706.24,9263.23,10224.4229,3606.472762770792,937183.8614999996,0.7151467944048535,0.3231293031510576,0.05220440661057716,0.2320039946460932,0.4230779638763447,-1.2829962924347311,0.4561051155318259,-1.8224641979686123,-0.7195525456465618,-0.14791532419012854,3.467258251434344,-1.0077821045229503,56.06428318185103,0.030303030303030304,0.9292929292929294,1.9568132048048423
3b49dad2,WELL-001,Rod Floating,High,Reduce SPM / adjust VFD; evaluate CSS timing,1.0,train,synthetic_physics_v1,11.22,143.1,598.1,2944.3,4316.6,46.5,146.8,4.38592569386992,-1.8080489208236334,6.193974614693554,0.23684751076554883,1.1358373442952663,21409.47,5986.08,15423.390000000001,11133.6768,3096.881520806174,533901.1309999997,0.23722216894871334,0.9682944861872227,0.7134379082054113,-1.8080489208236334,2.129488373029108,-0.4945994646561251,1.0006147814318473,-1.8080489208236334,4.38592569386992,-3.937537293852749,166.54719086788737,-2.2896694423368205,178.933423283001,0.08080808080808081,1.0,1.3843976550184292
8cfdc765,WELL-019,Normal,Low,Continue monitoring,0.0,train,synthetic_physics_v1,4.57,152.1,508.4,2532.3,5810.4,45.4,98.7,1.111411961886411,-0.6026196999079712,1.714031661794382,0.25190467920003073,0.6732736888068114,12640.71,9620.99,3019.7199999999993,11131.224699999999,1186.2472058778094,228515.6014500003,0.7682402476974117,0.9070039841123974,0.18800290469636913,-0.596584301557781,1.111411961886411,-0.4031946257123359,0.11375249145165302,-0.6026196999079712,-0.2042645362720329,-1.7079962634441976,131.49250895055698,-0.3923197652857487,2.3048131515776586,0.0,0.98989898989899,1.2303695283937295
66220dea,WELL-020,Normal,Low,Continue monitoring,0.0,val,synthetic_physics_v1,4.78,130.4,518.1,2133.7,5915.5,60.9,147.1,1.2202764640186559,-0.7857085084728304,2.005984972491486,0.20855351672967715,0.8005284742058719,16476.73,10673.84,5802.889999999999,13555.54005,2310.149724316261,665300.8800000005,0.7821658541068048,0.9891342260854509,0.21705359358022275,-0.7857085084728304,1.2202764640186559,-0.5720271926260968,0.1263603019383378,-0.7857085084728304,-0.3506825573058812,-2.0027457253011867,156.43485540050614,-0.43502595116694914,2.3062873564065973,0.010101010101010102,1.0,1.3974356762143845
47adc52d,WELL-009,Normal,Low,Continue monitoring,0.0,train,synthetic_physics_v1,5.08,152.0,417.5,2569.8,3270.1,48.0,76.1,1.1898440564761306,-0.8495752884872594,2.03941934496339,0.17453355794625708,0.9349199033140301,11611.78,6194.04,5417.740000000001,8895.911699999999,2458.2725656686466,373189.86875,0.9156413324605529,1.1081739428036297,0.04867433372801798,1.0024656162606869,1.1898440564761306,-0.7591068269111156,0.04911745095501351,-0.8495752884872594,-0.6714977535069625,-0.1636668322202202,3.397205761772652,-0.1557208416772139,2.6445226590107853,0.010101010101010102,0.98989898989899,1.7537743093643952
c69e5273,WELL-008,Fluid Pound,Medium,Reduce SPM to match inflow; check pump-off control,0.417,train,synthetic_physics_v1,7.27,155.5,361.9,3072.0,3844.2,34.7,79.5,1.0484796828853604,-1.9995352028891602,3.0480148857745206,-0.29097778379789463,1.2077636920953518,10858.76,3685.63,7173.13,7755.12985,2791.419609917591,412355.0920500004,0.7273314189623943,0.8104748221443064,0.304758995284941,-1.975964606448682,1.0484796828853604,-1.3924303897400958,0.6309615997877946,-1.9995352028891602,-0.2746838746283213,-3.021235152388731,260.35564079272757,-1.3897571695071487,56.88975800638483,0.010101010101010102,0.9797979797979799,1.979596593682442
3b8d6d51,WELL-003,Fluid Pound,High,Reduce SPM to match inflow; check pump-off control,0.643,val,synthetic_physics_v1,4.41,124.4,479.5,2196.9,5912.1,92.7,107.3,0.6277168737776263,-2.238998129808459,2.8667150035860853,-0.344228486337746,0.9867245233263194,17612.09,7068.95,10543.14,13848.767899999999,3793.8885588792127,656512.8631499996,0.5839021811333907,0.4938363384895705,0.07211741949249859,0.3405377543564599,0.6277168737776263,-1.1822933111650624,0.7330377524024031,-2.238998129808459,-0.3881234471787099,-0.18111505714543719,6.2336078716620404,-1.641221332555775,82.44860317355186,0.06060606060606061,1.0,1.5975547719949386
51f571f2,WELL-006,Normal,Low,Continue monitoring,0.0,train,synthetic_physics_v1,4.19,125.7,474.2,3073.4,5115.5,67.5,136.5,1.1692689575618476,-0.7812513417217959,1.9505202992836435,0.1821792335581741,0.8070558997093537,14774.97,10071.74,4703.23,12421.9323,1945.1193177475539,523804.41850000015,0.8149751541443927,0.9730566846430871,0.20280718396427225,-0.7775694832560005,1.1692689575618476,-0.6086982175267389,0.10282709455533788,-0.7812513417217959,-0.4268811381802728,-1.9468384408178556,157.0378735925133,-0.34172315780262097,1.4479914753696528,0.0,0.9797979797979799,1.362063290522004
e20de105,WELL-019,Fluid Pound,Medium,Reduce SPM to match inflow; check pump-off control,0.329,train,synthetic_physics_v1,5.32,154.1,617.5,1022.2,5810.4,41.7,98.7,0.6126909333553711,-2.9180102029731563,3.5307011363285272,-0.8213187089402354,1.4592155172222023,11780.82,5558.63,6222.19,9388.17975,2497.7994617593777,396399.5591500002,0.6460063420435975,0.3095160202020047,0.3566274215809663,-2.892074599725347,0.6126909333553711,-1.952153438082475,1.2545367130188831,-2.9180102029731563,0.33174311398590306,-3.5023608121666285,295.41697181226067,-2.77782368916602,126.2709059909793,0.010101010101010102,0.6565656565656566,1.4967648635880015
5d6f5125,WELL-006,Rod Floating,High,Reduce SPM / adjust VFD; evaluate CSS timing,1.0,train,synthetic_physics_v1,8.82,98.6,775.3,3280.8,5115.5,64.2,136.5,2.8302563593001855,-1.4041916651894393,4.234448024489625,0.28409918672424433,0.9765546158807052,18842.96,8590.62,10252.339999999998,12682.5198,2504.134718173118,509098.31169999973,0.3645792501302085,1.0524089478238507,0.5111982529351723,-1.4041916651894393,1.8238120513521907,-0.48421057437536186,0.6821982144435612,-1.4041916651894393,2.8302563593001855,-3.228003716541639,169.91213555499183,-1.5748926024855614,121.28407249163169,0.08080808080808081,1.0,1.3402412384569644
c4f6bebf,WELL-020,Normal,Low,Continue monitoring,0.0,val,synthetic_physics_v1,4.26,124.4,501.9,2346.1,5915.5,59.1,147.1,1.3120898083817725,-0.7524634899066186,2.064553298288391,0.27715681129387604,0.8645814520930654,16740.7,10767.19,5973.51,13754.028049999999,2488.861611158543,723160.2201499997,0.8259950224944739,1.1255181497738382,0.2129151463772395,-0.7524634899066186,1.3120898083817725,-0.5712045271860862,0.10117012303461867,-0.7524634899066186,-0.3869913598225756,-2.058479406038631,171.69333539576957,-0.3654721300840425,2.8353549315617883,0.030303030303030304,1.0,1.4317253399689749
c397a43e,WELL-008,Fluid Pound,Medium,Reduce SPM to match inflow; check pump-off control,0.572,train,synthetic_physics_v1,7.59,151.2,366.1,2858.5,3844.2,27.3,79.5,0.990596551631343,-1.9902363050368765,2.9808328566682194,-0.236419168003589,1.0789965698224084,10699.77,3719.77,6980.0,7807.134499999999,2562.2524985968403,361887.7947499999,0.6525023356615396,0.7302636040355861,0.3010212960192505,-1.9817957794514036,0.990596551631343,-1.203101940042764,0.6073732058670762,-1.9902363050368765,-0.3190996671601885,-2.9224962479992422,249.0656175469166,-1.3594668684782754,68.67469871790186,0.010101010101010102,0.9595959595959597,1.837688647770653
a5a8e910,WELL-019,Fluid Pound,Medium,Reduce SPM to match inflow; check pump-off control,0.544,train,synthetic_physics_v1,4.95,157.4,574.8,1513.3,5810.4,40.1,98.7,0.7606792158769481,-2.9199817888388684,3.6806610047158164,-0.46522862145273963,1.3411585683506617,12060.19,5557.91,6502.280000000001,9847.7241,2391.706905897165,337410.0885000004,0.5271268323556964,0.49749405129422686,0.360233964148194,-2.855626909080345,0.7606792158769481,-1.4279512941997061,1.2704228480127182,-2.9199817888388684,0.1102565095825844,-3.603596144169789,314.4117266448567,-2.669211970797801,153.91291467435641,0.030303030303030304,0.7575757575757577,1.4281773777221736
25b18e6d,WELL-017,Normal,Low,Continue monitoring,0.0,val,synthetic_physics_v1,4.48,120.7,384.7,3890.1,5858.7,94.5,103.8,1.0899848381810808,-1.0627968727133765,2.152781710894457,0.008893698077638418,0.9897121499789701,19088.79,9493.45,9595.34,14316.482650000002,4393.786621076458,909990.8265000005,0.9181207445768451,0.9947075444257414,0.11553792144563532,-0.05803009194306274,1.0899848381810808,-0.9769201482704644,0.04531433588535907,-1.0627968727133765,-0.9019899838028792,-1.1399083831138237,96.91244856061394,-0.14047138784295343,2.116642882036436,0.030303030303030304,0.9797979797979799,1.8745270916291614
71c389c7,WELL-011,Rod Floating,High,Reduce SPM / adjust VFD; evaluate CSS timing,1.0,train,synthetic_physics_v1,8.38,113.0,595.3,2450.7,4348.1,83.4,141.4,1.9731021508617583,-1.3122797857948156,3.2853819366565737,0.2587140663391531,0.9786741810220089,12931.15,6113.57,6817.58,9367.8247,2089.1968864159044,500848.66545000003,0.5224922680569815,1.1128939161047022,0.4243158934505825,-1.3122797857948156,1.731522814136237,-0.5954657834263961,0.525657584623718,-1.3122797857948156,1.9731021508617583,-3.0102172560195672,182.1752445855069,-1.222435934191984,94.248049216925,0.08080808080808081,1.0,1.4616814648114471
228c7f35,WELL-016,Normal,Low,Continue monitoring,0.0,val,synthetic_physics_v1,4.78,137.0,308.6,3676.4,5305.9,86.0,142.3,1.1879282907685522,-1.0323924015314965,2.2203206923000485,0.07467876097564463,0.9979032045124865,17159.23,7910.35,9248.88,12541.288199999999,4102.427334736078,1162362.248149999,0.8969965091057199,1.070398444812123,0.06483462312187328,0.9610352010019891,1.1879282907685522,-0.9210409228608338,0.06710219995194666,-1.0323924015314965,-0.7942988156005781,-0.20326805953611563,2.2298349549513152,-0.22386136421113179,2.6530678120034317,0.030303030303030304,0.9595959595959597,1.957359831380859
f959510f,WELL-007,Normal,Low,Continue monitoring,0.0,train,synthetic_physics_v1,5.51,127.5,412.4,3748.4,4904.2,40.2,145.9,1.3108760786953462,-1.093054518508422,2.403930597203768,0.1038722715104079,0.9924026696958169,16678.7,8694.73,7983.970000000001,12695.947,3293.704215940314,947520.3634999997,0.8164435240468124,1.0816143816606836,0.2067163809198325,-0.5920548303969211,1.3108760786953462,-0.8738698386398677,0.12261805566860566,-1.093054518508422,-0.6599779117445731,-1.8967677031660637,147.4572084495218,-0.41128955158927594,2.4638116798854255,0.010101010101010102,1.0,1.6825123681691991
0475efc8,WELL-008,Fluid Pound,Medium,Reduce SPM to match inflow; check pump-off control,0.483,train,synthetic_physics_v1,6.62,152.5,379.5,2716.2,3844.2,29.4,79.5,0.8696392246672036,-2.007048269798713,2.8766874944659167,-0.33367033711695543,1.1079565777505187,10420.82,3690.47,6730.35,7625.1039,2585.031495929361,373934.00740000047,0.6988769502414238,0.6653510070460495,0.2794547620105186,-1.9501389986768642,0.8696392246672036,-1.3326916812799603,0.6172141444947709,-2.007048269798713,-0.3573732541702974,-2.819778223344079,247.28755965504237,-1.2804559782785387,66.59008846350075,0.0,0.9393939393939394,1.884931660725652
196b0b7b,WELL-020,Fluid Pound,Medium,Reduce SPM to match inflow; check pump-off control,0.53,val,synthetic_physics_v1,4.98,129.5,515.7,1359.0,5915.5,58.7,147.1,0.7535713667203054,-2.328108773881758,3.0816801406020637,-0.40211590612741693,1.1089749100867334,15117.94,6246.0,8871.94,11778.152400000003,3228.6246083323526,749281.4230999992,0.5719787357349666,0.4730423401486912,0.30972320890547195,-2.2949305738005257,0.7535713667203054,-1.2772741524035252,0.9120955674812307,-2.328108773881758,-0.0674251673292983,-2.9995804233288834,254.98973688414193,-1.9420730435878242,99.80266607073551,0.020202020202020204,0.9797979797979799,1.5558706072110149
a940f298,WELL-006,Fluid Pound,Medium,Reduce SPM to match inflow; check pump-off control,0.306,train,synthetic_physics_v1,4.47,130.4,489.4,2181.3,5115.5,68.1,136.5,0.8703288767183477,-2.504180585910375,3.3745094626287226,-0.5945226532442157,1.3968832675137797,14063.91,5937.49,8126.42,10703.135849999999,3272.991256898692,796505.0044000002,0.7154427911710591,0.6035941821868064,0.3303662103004838,-2.458747190730539,0.8703288767183477,-1.7926394886752377,0.9604457249241879,-2.504180585910375,0.026013060782842653,-3.301010990538378,286.7742258395,-2.079433635825827,135.08991607108476,0.010101010101010102,0.9797979797979799,1.6947377872412734
47707503,WELL-015,Normal,Low,Continue monitoring,0.0,train,synthetic_physics_v1,5.71,132.8,440.1,2560.8,4316.7,85.5,122.9,1.275050514593504,-1.0493969294371617,2.3244474440306657,0.11068968382451772,0.8705601896286854,9512.03,6132.4,3379.630000000001,7825.362450000001,1277.6901037303599,303163.5544000001,0.7327820386892254,0.9623081838352063,0.18063550701065545,0.6370896499618954,1.275050514593504,-0.740928816186171,0.1805900385368967,-1.0493969294371617,-0.4280270215163078,-0.6379608646316083,2.5590404285645176,-0.6149090182757645,2.324540279884564,0.0,0.9797979797979799,1.3713987988852943
3d0894f4,WELL-013,Gas Interference,Low,Continue monitoring,0.286,train,synthetic_physics_v1,6.52,138.9,375.2,2111.8,3433.6,98.6,105.0,1.1303233308988458,-0.8187691635332762,1.9490924944321222,0.1498078589156188,0.8723976867069116,9594.05,5202.26,4391.789999999999,7385.8321,1925.689520198308,407685.0131,0.8888307753077364,1.012698626475262,0.15567731168327228,-0.2570388388830836,1.1303233308988458,-0.7130829086440243,0.09358989630761813,-0.8187691635332762,-0.5026621397214633,-1.3539680912525989,107.46171619082732,-0.29324052235453424,2.2083543669134937,0.16161616161616163,0.8686868686868687,1.6902876871569434
c957473b,WELL-008,Gas Interference,Low,Continue monitoring,0.167,train,synthetic_physics_v1,6.85,156.0,315.5,3682.2,3844.2,36.7,79.5,1.1537915125182845,-0.8823603490850924,2.036151861603377,0.12607481191793746,0.9026041652148898,11075.4,6314.83,4760.57,8686.7751,2079.349281349574,331570.35210000025,0.8762081975589557,1.0134672052704738,0.21220510360980874,-0.874981562312864,1.1537915125182845,-0.7613175814345992,0.0970929068912927,-0.8823603490850924,-0.551969105438508,-2.023021698181493,168.1783523284097,-0.31646897430466847,3.1286950442035804,0.07070707070707072,0.8585858585858587,1.6158585081803072
f70cd5cb,WELL-012,Rod Floating,High,Reduce SPM / adjust VFD; evaluate CSS timing,1.0,train,synthetic_physics_v1,9.29,105.1,799.8,2103.0,5158.4,64.3,145.3,2.298817534877861,-1.5769829091250838,3.8758004440029445,0.10765641037035749,1.026055289874158,18017.27,7278.98,10738.29,12007.305099999998,2962.087314803868,692584.8982499999,0.4455808126415155,0.9670960814804829,0.48581587246713215,-1.5721531199564485,1.6985300947104913,-0.7517832607397681,0.62632959155761,-1.5769829091250838,2.298817534877861,-3.259342404953184,184.68216685500283,-1.425971632988439,112.30045051189393,0.08080808080808081,0.98989898989899,1.4893557869563994
7f0ed653,WELL-012,Fluid Pound,Medium,Reduce SPM to match inflow; check pump-off control,0.549,train,synthetic_physics_v1,6.57,127.8,376.3,1026.9,5158.4,55.9,145.3,0.5736153740053127,-2.324816320126966,2.8984316941322787,-0.5694305957441331,0.981532128281165,13246.81,5257.28,7989.53,10079.158050000002,2766.8020969870067,613538.1489499992,0.5267798691282191,0.18899142616498338,0.327432241058239,-2.324816320126966,0.5736153740053127,-1.3278526176532497,0.8180408538566162,-2.324816320126966,-0.0026724908417076108,-2.898431694132289,215.66139568571654,-1.843045695878645,79.06578860409734,0.0,1.0,1.541991243446031
53dc8c81,WELL-017,Normal,Low,Continue monitoring,0.0,val,synthetic_physics_v1,4.49,130.5,326.8,3974.7,5858.7,95.1,103.8,1.1286387165097282,-1.0625159184918878,2.191154635001616,0.027659005722442842,1.008715583993289,19289.41,9503.9,9785.51,14398.52395,4481.503968387722,927622.3830500003,0.9194068191472655,1.0324006048539405,0.11821451646115841,-0.04695745928356959,1.1286387165097282,-0.977082593409055,0.045035817179889776,-1.0625159184918878,-0.8746166976035094,-1.1700443361994273,99.9637589746631,-0.1878992208883784,4.265831996956014,0.04040404040404041,1.0,1.8924612326611845
b050dcc4,WELL-003,Normal,Low,Continue monitoring,0.0,val,synthetic_physics_v1,3.97,125.6,518.2,3543.4,5912.1,100.0,107.3,1.1958714838756423,-0.8208475634838682,2.0167190473595107,0.19086080673447492,0.9052653816232202,19641.62,12262.03,7379.589999999998,15960.89875,3317.5364401615757,708755.0371500003,0.8959714008899049,1.0943935149370472,0.056172987283355846,1.0022411149699093,1.1958714838756423,-0.7126719014680972,0.055791650332142,-0.8208475634838682,-0.61098885948302,-0.19228172627812254,2.1606670271667587,-0.19874592009501024,2.1472959176375084,0.0,1.0,1.5174684220393324
2f186b80,WELL-007,Normal,Low,Continue monitoring,0.0,train,synthetic_physics_v1,5.98,128.5,370.6,3580.8,4904.2,40.1,145.9,1.2516698821101522,-1.125067046892518,2.37673692900267,0.06282446465474002,0.9554638985432251,16511.29,8568.58,7942.710000000001,12556.490699999998,3175.47874171258,908796.5516999996,0.7919010966617381,1.0003115581851965,0.2173480111971282,-0.6440299493440035,1.2516698821101522,-0.8746626288757166,0.14428535544234508,-1.125067046892518,-0.6155603616589158,-1.8871997441003843,139.48905594529393,-0.5007418938265079,3.0011037823939004,0.04040404040404041,0.98989898989899,1.6545737762407722
d4783d77,WELL-007,Fluid Pound,Medium,Reduce SPM to match inflow; check pump-off control,0.488,train,synthetic_physics_v1,5.46,141.2,329.6,3142.2,4904.2,40.8,145.9,1.0127512602021316,-2.15594716790718,3.1686984281093116,-0.3130217757010123,1.2097453777878353,15733.49,5192.55,10540.939999999999,11320.33205,4019.2429670409697,1061929.2424499996,0.6932622817501157,0.7803061018010444,0.2520760497280377,-1.4324293214248673,1.0127512602021316,-1.4063496532030693,0.687527256088999,-2.15594716790718,-0.3969579483686102,-2.435729116179806,201.71864757598712,-1.4290636633984133,81.55071695674148,0.030303030303030304,0.8080808080808082,1.942525269158524
c5c48d8b,WELL-018,Normal,Low,Continue monitoring,0.0,train,synthetic_physics_v1,6.7,159.0,313.3,2194.1,5672.4,83.9,144.4,1.3303144892459113,-0.9961154405727227,2.326429929818634,0.15421413409230722,0.6920457260807573,16382.41,10907.3,5475.110000000001,13642.804249999997,1703.4373292124478,408775.1229999999,0.5172520604459475,0.7529210009393527,0.36639722974448236,-0.994290907776976,1.3303144892459113,-0.444492732754738,0.3266616279718866,-0.9961154405727227,0.11100133742606842,-2.3246053970228933,119.90564153935742,-1.1052922452030445,2.970891767143919,0.0,0.98989898989899,1.2306375784331722
ccff0f29,WELL-012,Normal,Low,Continue monitoring,0.0,train,synthetic_physics_v1,7.23,127.6,378.3,2026.4,5158.4,57.2,145.3,1.3637395071124288,-1.3014409564714453,2.665180463583874,0.025644048089146027,0.9363371972467448,15433.84,8087.23,7346.610000000001,11763.9337,2616.404139972514,715880.066899999,0.6698167954613272,0.913726728209712,0.3343293240535817,-1.3014409564714453,1.3637395071124288,-0.86243863203142,0.25356834091305486,-1.3014409564714453,-0.40966931885903335,-2.6586814719494964,178.2826299260166,-0.8917716376124117,2.623863046185049,0.010101010101010102,1.0,1.5266422549474215
eeb824e5,WELL-009,Fluid Pound,Medium,Reduce SPM to match inflow; check pump-off control,0.454,train,synthetic_physics_v1,4.35,157.0,391.3,1875.5,3270.1,41.2,76.1,0.7646179747768829,-1.805486193954863,2.5701041687317456,-0.2868183057270352,1.0452315779520174,10455.43,3692.46,6762.97,7689.8891,2746.478846447973,389740.09869999986,0.7588355731893447,0.6882232147847795,0.0370533632418712,0.623859746795722,0.7646179747768829,-1.26185982623885,0.5312562638921168,-1.805486193954863,-0.46458986009439046,-0.1300046344699372,3.2277816532728925,-1.0714413270201635,66.74057575427872,0.04040404040404041,0.8080808080808082,1.9850831273788645
201b04ee,WELL-003,Normal,Low,Continue monitoring,0.0,val,synthetic_physics_v1,4.41,130.3,477.5,3526.9,5912.1,96.7,107.3,1.2210114898399176,-0.8296250669454489,2.0506365567853666,0.18791333668367635,0.903549414210982,19743.07,12198.04,7545.029999999999,15950.1168,3310.700804050671,706575.6757499999,0.8785175744135045,1.088658553070713,0.0711073601724462,0.9606930063310739,1.2210114898399176,-0.7128318797033599,0.07115434971289496,-0.8296250669454489,-0.5891828464906728,-0.2512938248891663,2.1981454792387387,-0.22819725764584028,2.1347658773584324,0.020202020202020204,0.9797979797979799,1.5154099155703848
673134b3,WELL-009,Rod Floating,High,Reduce SPM / adjust VFD; evaluate CSS timing,1.0,train,synthetic_physics_v1,7.93,126.9,672.1,2733.6,3270.1,50.0,76.1,1.4184892795644386,-0.9605418129358909,2.3790310925003295,0.24888030485808144,0.9702839741385223,12183.16,5873.9,6309.26,9090.29,2567.1455217922494,382919.87495,0.8056883115649611,1.2076139555944352,0.1168888652215625,1.0086641136985603,1.4184892795644386,-0.7098533458782724,0.17577982824769833,-0.9605418129358909,0.13884941762496322,-0.3952409606377148,4.928938490146801,-0.38735465709415334,28.43558296859546,0.0,1.0,1.760155491151768
02c8efa0,WELL-001,Gas Interference,Medium,Evaluate gas separation / SPM adjustment,0.45,train,synthetic_physics_v1,7.59,159.9,283.6,2910.8,4316.6,46.2,146.8,1.06015090437206,-0.7682298905716803,1.8283807949437403,0.14412124733304982,0.6324567765761582,13159.64,8594.9,4564.74,10873.483100000001,1578.644520770395,427423.62155000004,0.6439785798897515,0.7297043916425235,0.25944043328311334,-0.7577535392704916,1.06015090437206,-0.4414618969764241,0.21651460055464852,-0.7682298905716803,-0.04207290537036263,-1.8162009282278722,110.38740597063007,-0.715680633900129,2.477743085846088,0.010101010101010102,0.98989898989899,1.30267196128877
019a446d,WELL-003,Gas Interference,Low,Continue monitoring,0.29,val,synthetic_physics_v1,4.31,131.9,495.2,3458.8,5912.1,91.1,107.3,0.9955416004546735,-0.6508278693247108,1.6463694697793843,0.17351011387136947,0.7579251940030182,18914.05,12881.12,6032.9299999999985,15894.689950000002,2731.4566249300938,593138.3268499995,0.9184176926535963,0.9289960781811445,0.061454588313231744,0.7692921393034954,0.9955416004546735,-0.5819758504384055,0.06005371300873203,-0.6508278693247108,-0.4401697646148444,-0.20726180471285655,3.418934747055003,-0.1750393167868653,2.3233901954367293,0.030303030303030304,0.8181818181818182,1.4084540085535338
1ab53ff1,WELL-010,Normal,Low,Continue monitoring,0.0,train,synthetic_physics_v1,8.12,149.0,335.2,4115.2,4085.4,90.8,133.2,1.5199606976854803,-1.4651737981712025,2.985134495856683,0.021240356660237724,1.0363432698393562,11135.26,5222.76,5912.5,8169.1681499999995,2095.333376040929,525913.5210000002,0.668242973762927,1.0186874102873142,0.2811209477306753,0.5261860755149866,1.5199606976854803,-0.9762066969668388,0.28139742189826883,-1.4651737981712025,-0.49721253212894606,-0.9937746221704943,4.099165751801452,-0.967113132238153,3.5643873144157023,0.0,1.0,1.6337018996162824
45d2e084,WELL-001,Normal,Low,Continue monitoring,0.0,train,synthetic_physics_v1,6.8,162.1,265.2,2944.1,4316.6,48.9,146.8,1.4057321061141055,-1.0916736524941562,2.4974057586082616,0.14940115882410965,0.8638568109153796,13964.95,7801.09,6163.860000000001,10893.250699999999,2167.565093288206,595357.1316499999,0.6565886694480481,0.9652075605014645,0.3182772046330793,-1.0916736524941562,1.4057321061141055,-0.6664052428532452,0.24518692971939895,-1.0916736524941562,-0.2427003897625137,-2.497405758608269,163.99510449304117,-0.8489732627316426,3.0656201207897658,0.0,1.0,1.4551062152031293
6bf2b7ee,WELL-019,Normal,Low,Continue monitoring,0.0,train,synthetic_physics_v1,5.07,153.0,586.7,2326.7,5810.4,36.4,98.7,1.0931224090168932,-0.6472191086585813,1.7403415176754744,0.21419210686036103,0.6401917760327592,12591.44,9539.98,3051.460000000001,11064.3643,1133.138593954645,214881.12994999997,0.7116195221898943,0.8303410967470589,0.20239019965177996,-0.6472191086585813,1.0931224090168932,-0.4019568830263367,0.13946351425399364,-0.6472191086585813,-0.15119569308175587,-1.7403415176754802,125.13365823119625,-0.49602341557682567,2.692988692018253,0.0,1.0,1.2168313540083302
37017b6c,WELL-007,Normal,Low,Continue monitoring,0.0,train,synthetic_physics_v1,6.38,134.7,387.0,3655.3,4904.2,38.3,145.9,1.3372556101571171,-1.1644271409642828,2.5016827511214,0.07921629491763263,0.9780552273678358,16787.91,8449.74,8338.17,12615.414700000001,3254.562282456876,926953.6200500004,0.767599916120798,1.0357910386093714,0.23653263197489555,-0.6800536677978808,1.3372556101571171,-0.8773584487741058,0.16482077853321686,-1.1644271409642828,-0.590557348888504,-2.017309277955005,143.7803177944043,-0.573869792075779,2.498037081929818,0.0,1.0,1.6683022288169043
15064f92,WELL-017,Gas Interference,Medium,Evaluate gas separation / SPM adjustment,0.333,val,synthetic_physics_v1,4.19,121.3,355.8,3986.5,5858.7,92.1,103.8,0.9248132903771388,-0.8526448780965845,1.7774581684737232,0.03192022772588729,0.831807018602015,18350.47,10465.55,7884.920000000002,14416.8979,3626.980413962638,764933.7542499998,0.9349212227834406,0.8602818148468938,0.09835898313788702,-0.02768626574151815,0.9248132903771388,-0.7964413593951193,0.04201791037118189,-0.8526448780965845,-0.6795803295983586,-0.8819457544462559,79.62658387773281,-0.09520249786581682,3.118510688038914,0.23232323232323235,0.7575757575757577,1.6639264312143234
f134b8c8,WELL-016,Rod Floating,High,Reduce SPM / adjust VFD; evaluate CSS timing,0.873,val,synthetic_physics_v1,7.52,130.6,542.8,3680.6,5305.9,78.4,142.3,1.3520785984803056,-1.2124482321114902,2.564526830591796,0.09973517997808905,0.9968934117316556,17942.1,7238.89,10703.21,12647.9468,4127.441899304308,1139178.5020999997,0.7613622288099775,1.076267797871604,0.16272432754063093,0.8049080772110107,1.3520785984803056,-0.8767974379154256,0.23212460945467944,-1.2124482321114902,0.22920759332703133,-0.5332729629868225,4.806369746763969,-0.5566434135326471,42.03311969544549,0.020202020202020204,1.0,1.916660076659557
fd05323f,WELL-001,Normal,Low,Continue monitoring,0.0,train,synthetic_physics_v1,7.07,163.7,259.2,3010.3,4316.6,38.2,146.8,1.4756951983752566,-1.131003772640035,2.606698971015292,0.1610481636021413,0.8839015823700639,14137.18,7718.57,6418.610000000001,10921.808400000002,2221.316670706237,605660.4479000008,0.6401006553655343,0.991173094356308,0.33772289652184645,-1.131003772640035,1.4756951983752566,-0.6690767671520252,0.2651272495958885,-1.131003772640035,-0.20143260515582273,-2.6066989710152995,167.3192479525583,-0.929571167484212,2.804682770616787,0.0,1.0,1.4633159019704611
c07fdffe,WELL-003,Normal,Low,Continue monitoring,0.0,val,synthetic_physics_v1,4.15,129.8,512.8,3650.5,5912.1,101.9,107.3,1.2602130023351636,-0.8250220703668858,2.0852350727020497,0.2144572846150512,0.9299606799538108,19889.82,12232.02,7657.799999999999,16047.8608,3409.958734760783,727989.6145500005,0.8900093494767334,1.1424057361658166,0.06122484935774667,1.03874205998728,1.2602130023351636,-0.7134911669357143,0.06106220492664547,-0.8250220703668858,-0.608723894021374,-0.19512947310985362,2.6078054545649634,-0.20726180471285666,1.7179688934328188,0.010101010101010102,1.0,1.531825077040804
eda483a7,WELL-001,Gas Interference,Low,Continue monitoring,0.287,train,synthetic_physics_v1,7.81,157.7,258.4,2922.8,4316.6,54.1,146.8,1.2459401013493716,-0.9519465152644737,2.1978866166138453,0.14495043793244072,0.7566934461383233,13604.41,8160.99,5443.42,10878.38615,1884.906901440142,508173.3421999995,0.6371606693470534,0.8413902958068765,0.3201655837288427,-0.9519465152644737,1.2459401013493716,-0.5514894199419949,0.2694568436329347,-0.9519465152644737,-0.04948233928340558,-2.1978395832149786,131.6144267948962,-0.9024641759810681,2.728341810774618,0.010101010101010102,1.0,1.3684942045305528
449072bf,WELL-014,Normal,Low,Continue monitoring,0.0,train,synthetic_physics_v1,7.86,152.8,404.8,2620.7,5348.2,43.5,119.3,1.537210044939738,-1.5123506131954154,3.049560658135153,0.005849620229707142,0.9376823161467723,12144.28,7339.36,4804.920000000001,9733.8118,1543.0728368368616,320468.8665499998,0.5597926876515642,0.859491209557391,0.38751084491701554,0.20146044395856047,1.537210044939738,-0.8477919690979767,0.38848895871139444,-1.5123506131954154,-0.1916678766133825,-1.3317469437303902,3.274937199211718,-1.3205106401836662,3.5505395375518995,0.0,0.98989898989899,1.3186991772980565
58b5bb74,WELL-005,Fluid Pound,Medium,Reduce SPM to match inflow; check pump-off control,0.559,train,synthetic_physics_v1,6.64,124.6,277.2,994.5,3937.1,85.3,139.8,0.6416183596104229,-2.226161318072943,2.867779677683366,-0.49150486014595274,0.9576371192531858,11784.3,4615.49,7168.8099999999995,8917.48445,2469.6961037540023,537477.5979000003,0.5381094944953518,0.2787077148773865,0.22356492530372105,-0.7536246753616377,0.6416183596104229,-1.261717435169292,0.7731116394602118,-2.226161318072943,-0.07000501321937119,-1.3611151127858867,70.60635822983961,-1.7706939799561368,69.60068160990562,0.010101010101010102,1.0,1.561154406099939
8ee3d7e2,WELL-015,Gas Interference,Low,Continue monitoring,0.288,train,synthetic_physics_v1,6.95,124.6,469.6,2506.2,4316.7,71.8,122.9,1.129184195001528,-0.9400486087938005,2.0692328037953285,0.09686836066757688,0.7506292263063936,9305.13,6298.49,3006.6399999999994,7806.035400000001,1094.5624006135238,255270.4338499998,0.6933072372889499,0.8136487655409174,0.22323547565501842,0.4110003603806806,1.129184195001528,-0.6199120442057636,0.22249965294123014,-0.9400486087938005,-0.2082449829854676,-0.7037101540412127,3.0556283008373972,-0.7155157748988624,2.842099226899797,0.020202020202020204,0.9696969696969697,1.2985986689924731
7018617c,WELL-006,Normal,Low,Continue monitoring,0.0,train,synthetic_physics_v1,3.93,129.0,521.0,2855.5,5115.5,71.5,136.5,1.0633542999722845,-0.7576099827401734,1.820964282712458,0.14050262302330124,0.7598411262686918,14518.9,10102.83,4416.07,12319.5552,1832.5192238331251,493814.0100500004,0.8229172249775898,0.8860422736940451,0.18673054183299995,-0.7495902987744697,1.0633542999722845,-0.6050370276474427,0.09049882673710494,-0.7576099827401734,-0.4489368543427592,-1.812944598746761,148.15150361548837,-0.3006534444317105,2.150998515802132,0.0,0.98989898989899,1.3414946119842817
6bd94dc5,WELL-006,Rod Floating,High,Reduce SPM / adjust VFD; evaluate CSS timing,1.0,train,synthetic_physics_v1,8.76,110.1,694.8,3162.0,5115.5,62.6,136.5,2.771620587920122,-1.3650460816101317,4.136666669530253,0.26070042370686447,0.9529136840401004,18661.93,8586.16,10075.77,12624.756099999999,2446.710734541742,493720.2857499996,0.36226639966849306,1.0066655811295824,0.5022227355583421,-1.3541729416079815,1.7853859563014356,-0.4852647337158534,0.6715156514725833,-1.3650460816101317,2.771620587920122,-3.1366905137514207,159.18601349072657,-1.4685450625416279,119.70294492843443,0.08080808080808081,0.9797979797979799,1.3303003019171056
113e5af1,WELL-001,Gas Interference,Low,Continue monitoring,0.208,train,synthetic_physics_v1,7.29,155.8,241.5,2926.8,4316.6,52.0,146.8,1.2646160862113143,-0.9599084069692785,2.224524493180593,0.14504442086749988,0.7909197853500128,13642.18,8137.22,5504.96,10879.358999999999,1962.4247696836685,539433.1604500003,0.6682104499995766,0.8843120388400885,0.3074560459358082,-0.9599084069692785,1.2646160862113143,-0.5942231971050886,0.25208286647054906,-0.9599084069692785,-0.137091583363778,-2.2126625132307103,138.67392078805693,-0.8228168236055005,3.0867183467594095,0.020202020202020204,1.0,1.3964957584725202
7e54c200,WELL-006,Normal,Low,Continue monitoring,0.0,train,synthetic_physics_v1,5.3,124.7,438.8,3056.8,5115.5,70.8,136.5,1.2618433464422003,-0.8865434536384705,2.148386800080671,0.17811412397048443,0.8143137887896308,15023.09,9833.01,5190.08,12412.1577,1974.1418781125408,521017.68249999953,0.7360994815542128,0.9648534948845972,0.24657099706550373,-0.8865434536384705,1.2618433464422003,-0.6086252469436285,0.1658281072053274,-0.8865434536384705,-0.31147589517843843,-2.148386800080678,157.55278516647036,-0.5750675584600315,2.462911720813175,0.0,1.0,1.3606292414593524
9c9112b6,WELL-007,Normal,Low,Continue monitoring,0.0,train,synthetic_physics_v1,5.74,125.3,337.9,3668.2,4904.2,38.4,145.9,1.2866339112062497,-1.1089070002504344,2.395540911456684,0.08191247981281365,0.9751480878296183,16604.61,8667.46,7937.1500000000015,12622.00615,3236.921952499269,929286.5060500001,0.8035868782483382,1.0408397311283941,0.212322590750591,-0.6230629335707075,1.2866339112062497,-0.877014771502767,0.13290506845553274,-1.1089070002504344,-0.6484670439198297,-1.9096968447769638,143.68649467751024,-0.4553973955331513,3.1293945283298497,0.0,0.98989898989899,1.6698491136700624
d3e3b731,WELL-007,Normal,Low,Continue monitoring,0.0,train,synthetic_physics_v1,5.95,131.3,444.7,3587.8,4904.2,46.2,145.9,1.2675328711252143,-1.121001693657155,2.3885345647823693,0.06431082952733419,0.9570056602103463,16562.34,8608.29,7954.049999999999,12563.471950000001,3181.857399585767,910042.1821999992,0.7892296584519656,1.0033855050440392,0.21814691917537365,-0.6479309834507406,1.2675328711252143,-0.8747638459893711,0.14286040952609752,-1.121001693657155,-0.6390075100975453,-1.9154638545759612,141.81025357810364,-0.4819941835596098,2.762112327853682,0.0,1.0,1.6561963673790072
f9be6691,WELL-012,Rod Floating,High,Reduce SPM / adjust VFD; evaluate CSS timing,1.0,train,synthetic_physics_v1,10.3,99.7,652.3,2169.1,5158.4,57.0,145.3,3.070058866134079,-1.7782140700084537,4.848272936142533,0.13929842699840825,1.1095702338737203,20229.0,6784.13,13444.869999999999,12101.11505,3250.4985973824078,704838.6013000004,0.36233843189232595,1.013684009330455,0.5787049309448847,-1.7782140700084537,1.9363850294349503,-0.7350871553336389,0.7734937087765714,-1.7782140700084537,3.070058866134079,-3.7145990994434137,193.34967766027162,-1.7900575540663668,139.63603429472846,0.08080808080808081,1.0,1.4945640394599107
ef6e038f,WELL-017,Normal,Low,Continue monitoring,0.0,val,synthetic_physics_v1,4.62,133.8,409.7,4061.9,5858.7,91.0,103.8,1.1768944288004444,-1.068549229988596,2.24544365878904,0.04697675606956814,1.0286735749668372,19520.03,9493.43,10026.599999999999,14487.235300000002,4570.5437428714,945958.5226500006,0.9147569535167962,1.0714381765923655,0.12109109485210064,-0.02490935205138066,1.1768944288004444,-0.9774846644532296,0.051314619149414535,-1.068549229988596,-0.8837028455174214,-1.1942502567547082,101.80887526034415,-0.16034586531931527,2.1454303306325277,0.010101010101010102,0.9797979797979799,1.9099392353143771
70438e32,WELL-013,Normal,Low,Continue monitoring,0.0,train,synthetic_physics_v1,6.55,132.7,426.3,1982.7,3433.6,101.1,105.0,1.259355276203748,-1.0379901279617705,2.297345404165519,0.10440237208462691,0.9711904678067997,9866.45,4685.17,5181.280000000001,7286.776649999999,2182.735385052269,453259.1403000002,0.8381788257937594,1.064051897968505,0.1812180258537068,-0.39286792162908174,1.259355276203748,-0.855247153799251,0.10829335882205582,-1.0379901279617705,-0.6630889082718142,-1.643133487548056,126.5459371602146,-0.33846069863778383,2.312868682968986,0.010101010101010102,0.98989898989899,1.8351202037313212
4f6792e5,WELL-007,Rod Floating,High,Reduce SPM / adjust VFD; evaluate CSS timing,1.0,train,synthetic_physics_v1,8.32,118.7,888.6,3462.0,4904.2,33.6,145.9,1.4457579940124046,-1.3499173182039284,2.795675312216333,0.06606582104675666,0.9498407852271753,17097.16,7823.59,9273.57,12584.9081,3220.7978213066076,844927.2751000006,0.6260625277341959,0.93820215224763,0.3305485805321317,-0.8820385229640992,1.4457579940124046,-0.8060705101541166,0.4170001319773271,-1.3499173182039284,1.2432935196744554,-2.3033047412896392,134.33417440095104,-0.9345505344284363,78.6115574063621,0.010101010101010102,0.9797979797979799,1.591414231697676
7ec3925d,WELL-015,Fluid Pound,Medium,Reduce SPM to match inflow; check pump-off control,0.331,train,synthetic_physics_v1,6.21,124.1,491.5,1666.1,4316.7,69.9,122.9,0.8830991805541176,-2.718378880356078,3.6014780609101957,-0.6695504645600241,1.4163900327411771,8986.78,3720.52,5266.26,6768.601499999999,2018.783624343072,421136.8389499999,0.6569431353347864,0.511451383720575,0.2157863217883288,0.12076466379958783,0.8830991805541176,-1.8505523128406234,1.0845399862346194,-2.718378880356078,0.2933765725349866,-0.7052502178086063,5.896508964815438,-2.316115481805666,143.65545188395902,0.020202020202020204,0.4545454545454546,1.6324023899277393
5416dabe,WELL-012,Normal,Low,Continue monitoring,0.0,train,synthetic_physics_v1,6.66,129.2,374.2,2108.2,5158.4,63.0,145.3,1.364140771713218,-1.241177504918862,2.60531827663208,0.05466739708211577,0.9542680739996653,15426.15,8258.98,7167.17,11842.74535,2651.68845523845,738693.9124499992,0.7072647782435755,0.9714041668655915,0.30636636902757297,-1.241177504918862,1.364140771713218,-0.8620693727013599,0.2158289876101895,-1.241177504918862,-0.4858962128047602,-2.605318276632089,185.14945367959922,-0.7552812921141021,2.585302716763863,0.0,1.0,1.5432180678514027
90667ab5,WELL-013,Rod Floating,High,Reduce SPM / adjust VFD; evaluate CSS timing,1.0,train,synthetic_physics_v1,8.96,109.1,888.4,2028.5,3433.6,96.7,105.0,1.4542067731403048,-1.221289439123946,2.6754962122642505,0.1575058900794091,0.9753668573068576,10328.1,4299.91,6028.1900000000005,7407.244199999999,2220.284826995933,441296.50160000013,0.7005993703213566,1.0918720945648908,0.2590823942653462,-0.5666141729039483,1.4542067731403048,-0.7768603144060726,0.2991269253641962,-1.221289439123946,0.6507356305951736,-2.0122978446043045,132.79773348983207,-0.7164569815342902,51.591397217599635,0.010101010101010102,1.0,1.788101036771239
25306b28,WELL-008,Gas Interference,Low,Continue monitoring,0.291,train,synthetic_physics_v1,6.74,151.3,387.8,3723.9,3844.2,34.2,79.5,1.066206046949071,-0.7920701721474495,1.8582762190965205,0.1336105154132224,0.8342773220825594,10855.52,6529.82,4325.700000000001,8702.1098,1913.337211827795,306535.74790000013,0.8879357754039516,0.9542884824387187,0.1929776589541551,-0.7674507788050495,1.066206046949071,-0.6870674516122741,0.08816049174581243,-0.7920701721474495,-0.4963899125826075,-1.833656825754128,153.57359034373533,-0.26839724815769217,2.511485549498202,0.0,0.7676767676767677,1.552024764695713
829f8b51,WELL-008,Normal,Low,Continue monitoring,0.0,train,synthetic_physics_v1,6.87,152.4,382.6,3594.5,3844.2,31.8,79.5,1.2440632691912563,-1.0186982764440522,2.2627615456353087,0.10592043340261142,0.9514735894869544,11292.56,5994.81,5297.749999999999,8642.10615,2220.6959296291957,349062.4386999999,0.8299914711279411,1.0403128085966262,0.23129213365011586,-1.0186982764440522,1.2440632691912563,-0.8284719417914035,0.10454525456724863,-1.0186982764440522,-0.654475561845173,-2.262761545635317,187.53720345371397,-0.36422271459887917,2.2315584164924216,0.0,1.0,1.6759831635247735
baa5c52b,WELL-013,Fluid Pound,Medium,Reduce SPM to match inflow; check pump-off control,0.484,train,synthetic_physics_v1,6.84,135.3,404.4,1103.1,3433.6,100.3,105.0,0.6690755534353352,-1.7704010050727985,2.439476558508134,-0.38698184328899515,0.9098687809009677,8554.0,3075.93,5478.07,6183.488,2049.6923964463545,389235.3325999999,0.6778844495592309,0.43654589372575964,0.19278925420809404,-1.083234848295629,0.6690755534353352,-1.21050958030375,0.5120144852570349,-1.7704010050727985,-0.2588514423112708,-1.7414869234758932,131.61548724824263,-1.0875171970169917,51.415110567986986,0.030303030303030304,0.6565656565656566,1.850845047358308
c21c6256,WELL-002,Rod Floating,High,Reduce SPM / adjust VFD; evaluate CSS timing,1.0,train,synthetic_physics_v1,9.24,97.3,847.4,3239.3,4931.6,80.7,161.1,4.358021478019699,-1.7468895644574776,6.104911042477177,0.15732131947944672,1.0422850475114203,20939.04,7916.91,13022.130000000001,12033.8473,2476.7600417756885,417473.83909999905,0.2007395079568951,0.7689995607797897,0.6731052561973113,-1.0700825940320051,1.8813127694078424,-0.45435692182089626,0.9855683704597858,-1.7468895644574776,4.358021478019699,-2.951395363439851,73.5552763656849,-2.2820868640754437,178.86941847973688,0.08080808080808081,1.0,1.2361619814959681
98700851,WELL-009,Normal,Low,Continue monitoring,0.0,train,synthetic_physics_v1,4.34,158.5,398.3,2866.0,3270.1,44.1,76.1,1.3543997607098652,-0.8264251251851065,2.180824885894972,0.26442948707113134,1.0228843327355526,12024.36,6241.51,5782.85,9130.481600000001,2687.3901584940063,408552.7947500001,0.9375166449069183,1.2866909077314004,0.03529285311341871,1.2179237303973847,1.3543997607098652,-0.7578319335891375,0.03608748384309532,-0.8264251251851065,-0.689885399244125,-0.12364606412490495,2.7697259140091552,-0.1365397259409812,2.057909134023283,0.05050505050505051,1.0,1.8246195956565896
066f1eac,WELL-002,Fluid Pound,Medium,Reduce SPM to match inflow; check pump-off control,0.461,train,synthetic_physics_v1,6.48,127.6,553.6,2736.1,4931.6,78.5,161.1,1.1777392447975699,-2.7617803361222344,3.9395195809198045,-0.45140976495378504,1.397282590024976,14169.78,5840.74,8329.04,10748.941850000001,2980.7817811923233,714553.3054999994,0.531960900543157,0.5924913823306225,0.37518216270417476,-1.3362474880277118,1.1777392447975699,-1.4953109122381922,1.2587995896722493,-2.7617803361222344,0.6402753817154522,-2.4810168904269427,136.2665173210435,-2.6635247434445426,145.98272730814332,0.010101010101010102,0.8080808080808082,1.5107745717689938
046be920,WELL-020,Gas Interference,Low,Continue monitoring,0.292,val,synthetic_physics_v1,5.02,128.0,477.9,2332.1,5915.5,65.5,147.1,1.1575209981265555,-0.5937178356009464,1.751238833727502,0.2746454413511333,0.7376858236234956,16262.12,11222.28,5039.84,13742.303250000003,2092.6563408968846,613474.1667999998,0.8264583639861973,0.9943883395921027,0.19585961816843875,-0.5831258156560126,1.1575209981265555,-0.44509745688983626,0.11806811417331103,-0.5937178356009464,-0.19684505054992282,-1.7128957301314387,133.32670920797,-0.38628076510608966,2.6507726289299463,0.010101010101010102,0.888888888888889,1.3475216505880183
ad6e6c8a,WELL-007,Fluid Pound,High,Reduce SPM to match inflow; check pump-off control,0.632,train,synthetic_physics_v1,6.07,131.2,378.6,2408.2,4904.2,32.5,145.9,0.7417932720576915,-2.1335865898822757,2.875379861939967,-0.3942543587913855,0.9595786904555564,14773.92,5257.91,9516.01,10951.561599999999,3303.8426616701104,800581.3120499996,0.5758528145153072,0.43027989398477373,0.24530761799450382,-1.5391561554121074,0.7417932720576915,-1.2187886115675446,0.6493791118479137,-2.1335865898822757,-0.3865327016368465,-2.2809494274698063,171.40334579697173,-1.484121698706621,81.5983214420819,0.0,0.7676767676767677,1.6960544889218614
6f4b41c2,WELL-017,Normal,Low,Continue monitoring,0.0,val,synthetic_physics_v1,4.47,126.1,365.9,3906.1,5858.7,90.4,103.8,1.0944813716990889,-1.066640674056682,2.161122045755771,0.013972562448593066,0.9938063172025743,19160.93,9512.69,9648.24,14339.589900000003,4414.378905277048,914095.3411499992,0.9183668548623405,1.0038493579765915,0.11631348684287465,-0.06261685743612988,1.0944813716990889,-0.9759042330794051,0.04539850605893262,-1.066640674056682,-0.8970367743922263,-1.1511244934131262,98.90053677107176,-0.15809089390942382,2.7752951305283386,0.010101010101010102,0.9696969696969697,1.8783486216319167
5ea10ea8,WELL-009,Fluid Pound,Medium,Reduce SPM to match inflow; check pump-off control,0.558,train,synthetic_physics_v1,4.61,156.7,352.6,1785.2,3270.1,47.6,76.1,0.7176391916804686,-1.8048797532701795,2.522518944950648,-0.26309797562570436,0.9734337163279249,10370.05,3698.75,6671.299999999999,7706.4047,2600.08196710602,360258.3283999999,0.714768373380553,0.6388243345750262,0.0427590453741388,0.5470273392773279,0.7176391916804686,-1.1650202858264351,0.5161301744047098,-1.8048797532701795,-0.49775236593922745,-0.16943996199623768,3.6518065613412607,-1.0540559010118886,49.72343309948529,0.05050505050505051,0.7272727272727273,1.896828340839976
fa5d99eb,WELL-005,Rod Floating,High,Reduce SPM / adjust VFD; evaluate CSS timing,1.0,train,synthetic_physics_v1,8.76,113.5,672.0,2097.3,3937.1,80.8,139.8,1.8010111253554217,-1.4114641989760532,3.212475324331475,0.23522019900940733,1.0456889562966294,14687.43,6647.42,8040.01,10784.6807,2700.757433949504,658182.5603999995,0.5885591269198465,1.1794344806535226,0.36758378383476625,-0.06978031455781204,1.79848677486454,-0.7089940826347081,0.518393411591773,-1.4114641989760532,1.8010111253554217,-1.8682670894223545,63.97578974999403,-1.2307932843492173,93.12117506586335,0.08080808080808081,1.0,1.551873203086984
ac8644d3,WELL-007,Normal,Low,Continue monitoring,0.0,train,synthetic_physics_v1,5.08,125.9,340.2,3589.3,4904.2,41.4,145.9,1.2027718934375544,-1.062908509752393,2.2656804031899473,0.06357758993438374,0.9526599055213121,16305.08,8795.86,7509.219999999999,12559.869649999999,3156.9490161930676,911300.4362499991,0.8331533009284195,1.003882153944005,0.18983034715260103,-0.5810614205789256,1.2027718934375544,-0.8767269740752377,0.1036382375430313,-1.062908509752393,-0.6953492093013233,-1.7691875861783175,140.77676646905186,-0.36755930045107,2.537021785998696,0.030303030303030304,1.0,1.6565088164312478
8ddbe98b,WELL-014,Normal,Low,Continue monitoring,0.0,train,synthetic_physics_v1,6.84,147.5,388.3,2550.1,5348.2,46.8,119.3,1.3320529045161908,-1.349545014620395,2.6815979191365855,-0.010127283449593136,0.8870280369816681,11844.24,7584.26,4259.98,9708.391249999999,1438.9982234568386,314412.7557000003,0.6243595685338861,0.8270232402684843,0.29224310056556574,0.3246063238632246,1.3320529045161908,-0.8472778071676708,0.29426085066149194,-1.349545014620395,-0.346303929081015,-1.0074465806529658,3.5952818608434196,-1.00324108553938,3.1901587534700275,0.0,1.0,1.312186928666253
012f56b5,WELL-016,Normal,Low,Continue monitoring,0.0,val,synthetic_physics_v1,3.6,143.7,305.6,3828.0,5305.9,83.3,142.3,1.227762060779694,-1.007777704256951,2.235539765036645,0.11341579245383102,1.0343144455728013,17274.88,8025.74,9249.140000000001,12696.475,4248.7126376840315,1206394.2353999997,0.9246111770753336,1.146984814642293,0.03943457796495455,1.0765982723366576,1.227762060779694,-0.9201532297346311,0.0390872286897122,-1.007777704256951,-0.8464257704486912,-0.12707575811656047,2.1211539862782525,-0.14260241738372778,2.246659678290486,0.020202020202020204,0.9797979797979799,1.9940015307858112
f15d4227,WELL-015,Normal,Low,Continue monitoring,0.0,train,synthetic_physics_v1,6.04,122.7,472.4,2532.2,4316.7,67.8,122.9,1.2973503617006943,-1.079679361284225,2.3770297229849193,0.10334964343862182,0.868706622194692,9552.25,6082.95,3469.3,7815.4907,1278.3360518335974,300851.10315000016,0.7111368128454676,0.9485340464314329,0.20022809615629758,0.594712957608065,1.2973503617006943,-0.7418347595541891,0.20133988744115813,-1.079679361284225,-0.40413695052819715,-0.7026374040926291,2.9358157892528047,-0.6755424107560275,3.541243171861483,0.0,1.0,1.3686521176157782
805d2604,WELL-010,Gas Interference,Low,Continue monitoring,0.282,train,synthetic_physics_v1,7.97,158.5,282.2,3893.3,4085.4,81.4,133.2,1.1229530620553947,-1.147831858847576,2.2707849209029707,-0.016247207899582464,0.8553943843902592,10406.4,5828.3,4578.099999999999,8096.3570500000005,1698.6148202184618,435063.8419,0.7268060061938049,0.8083132416739269,0.2271603819886001,0.388363893086212,1.1229530620553947,-0.8408076574730917,0.2280293764974989,-1.147831858847576,-0.40641351401542825,-0.7042757312356401,2.974352874367172,-0.733803335547272,2.659433734441301,0.010101010101010102,0.9696969696969697,1.4910156283943663
166f334e,WELL-002,Normal,Low,Continue monitoring,0.0,train,synthetic_physics_v1,6.48,122.3,500.5,3217.5,4931.6,83.7,161.1,1.3263263107935057,-1.1728581276389594,2.499184438432465,0.07546816410702185,0.7628353588297742,14478.6,9195.97,5282.630000000001,11836.16255,1682.6644087595118,468506.8122499996,0.5506456920592426,0.7618861561927222,0.3422827312569587,-0.4803024708413929,1.3263263107935057,-0.6109498279786786,0.3230151413281553,-1.1728581276389594,-0.06541258112419675,-1.8066287816349016,69.3636369020604,-1.1052419084480247,2.4937810712723136,0.0,1.0,1.2787429356057514
cd5442a5,WELL-002,Normal,Low,Continue monitoring,0.0,train,synthetic_physics_v1,6.73,120.6,518.3,3218.2,4931.6,78.4,161.1,1.3768236045153954,-1.209541824294539,2.5863654288099345,0.07512318004042776,0.7743198122540634,14573.2,9096.64,5476.560000000001,11834.690150000002,1715.9394643268968,468749.18194999977,0.5323561695595723,0.7618416212657014,0.3670914142065843,-0.517005138960755,1.3768236045153954,-0.611595261184846,0.3481692144294306,-1.209541824294539,0.0017671667259908542,-1.8938287434761532,69.10097070867532,-1.21130899102053,3.42775375343371,0.0,1.0,1.2791094723324843
91ce6d58,WELL-013,Rod Floating,High,Reduce SPM / adjust VFD; evaluate CSS timing,1.0,train,synthetic_physics_v1,9.23,121.6,819.3,1990.0,3433.6,111.8,105.0,1.4675263327649408,-1.2171800056346922,2.684706338399633,0.14917783818815522,0.9647825914317317,10321.59,4264.59,6057.0,7387.30025,2202.58053313731,433947.01739999984,0.6864790988544583,1.0679175803268857,0.26702601035441986,-0.5726627220142805,1.4675263327649408,-0.7695619039505753,0.3195975276552911,-1.2171800056346922,0.7787400666461815,-2.035847658008453,128.73117586504054,-0.7419533686965046,55.549923960300944,0.020202020202020204,1.0,1.7734351191237538
2b9d5f42,WELL-009,Normal,Low,Continue monitoring,0.0,train,synthetic_physics_v1,4.77,158.5,363.1,2820.6,3270.1,41.2,76.1,1.3444110557102678,-0.8436046098796984,2.1880156655899663,0.25052559768802957,1.009442815515055,11965.7,6199.39,5766.31,9093.85695,2652.773774353403,402984.22940000007,0.92186368484015,1.259026447095183,0.04389756180590432,1.1813414013477987,1.3444110557102678,-0.7579752517191237,0.04329749585738337,-0.8436046098796984,-0.6725507706821824,-0.15490173285505332,3.78810482448851,-0.16132126013568995,2.488193725385559,0.030303030303030304,0.98989898989899,1.8136574773904064
b5cd024b,WELL-015,Fluid Pound,High,Reduce SPM to match inflow; check pump-off control,0.6,train,synthetic_physics_v1,6.6,132.4,491.3,1568.5,4316.7,73.8,122.9,0.8673259411939002,-2.723710343848188,3.5910362850420885,-0.42824013763097524,1.1680901657283433,8945.59,3721.79,5223.8,6987.6546,1778.6073310292072,316191.8605499998,0.4945477470012114,0.4605201230859569,0.23703952048105026,0.04553481243377533,0.8673259411939002,-1.317000398347908,1.045414718766381,-2.723710343848188,0.18447074900124397,-0.8033393116410654,5.0215912963922005,-2.330201655486777,128.66462434070584,0.010101010101010102,0.7272727272727273,1.471700883996424
dea077f0,WELL-007,Gas Interference,Low,Continue monitoring,0.185,train,synthetic_physics_v1,5.88,126.6,330.1,3544.5,4904.2,44.5,145.9,1.0976080844508,-0.9767167367650197,2.0743248212158196,0.05371549065271267,0.8724299184654637,15953.8,9097.65,6856.15,12524.7516,2857.1026175558413,830833.0188000002,0.8297042848048841,0.9106508612420899,0.19357861002265583,-0.5661434718811496,1.0976080844508,-0.8032198799366647,0.1269597899915591,-0.9767167367650197,-0.5395565406949993,-1.6270102469120662,122.6069270486475,-0.4272257877127763,3.52637420877578,0.030303030303030304,0.9494949494949496,1.5729020391178807
8e92024a,WELL-019,Normal,Low,Continue monitoring,0.0,train,synthetic_physics_v1,4.31,151.1,534.4,2269.9,5810.4,35.8,98.7,0.985021644740817,-0.5792146543464931,1.5642362990873102,0.20210481029568642,0.6211125235235421,12413.78,9653.57,2760.210000000001,11042.20415,1094.0038365921198,211083.84474999964,0.7775441395490397,0.8071583149092904,0.17076668068406325,-0.5792146543464931,0.985021644740817,-0.4029486943179175,0.10109791112235371,-0.5792146543464931,-0.22409678807150082,-1.5564918011236335,121.48615230452039,-0.35511786627499237,1.57723485060447,0.010101010101010102,1.0,1.2128258638933396
6453bb11,WELL-001,Fluid Pound,Medium,Reduce SPM to match inflow; check pump-off control,0.324,train,synthetic_physics_v1,6.86,158.1,261.3,1990.0,4316.6,55.1,146.8,1.0248571427803177,-2.198149270980338,3.2230064137606558,-0.45237501692592935,1.2321745871561394,13112.47,5092.1,8020.369999999999,9526.154400000001,2980.5800161930965,752035.5926,0.6425798935216915,0.575983040069368,0.37075074178521444,-2.184906378598211,1.0248571427803177,-1.4807330739212263,0.885444367059971,-2.198149270980338,0.47534468874992797,-3.2097635213785396,234.8897028203918,-1.9322861217218528,78.28063200763081,0.0,0.5454545454545455,1.6883867139908575
7f735d8b,WELL-015,Normal,Low,Continue monitoring,0.0,train,synthetic_physics_v1,6.82,117.5,446.9,2649.1,4316.7,66.1,122.9,1.4421915736471145,-1.181883732637619,2.6240753062847335,0.13303916424179632,0.9096223935208476,9773.75,5945.52,3828.2299999999996,7858.080749999999,1348.1064965743387,310682.7712000001,0.6652530110835919,1.0059155332220977,0.25602446068860707,0.5719046086160927,1.4421915736471145,-0.7398372047385051,0.2558338563791539,-1.181883732637619,-0.309288359580485,-0.8663890772172458,3.4025026480044893,-0.8725953730571341,3.1042450963128445,0.010101010101010102,1.0,1.381047878134438
289ddc94,WELL-018,Normal,Low,Continue monitoring,0.0,train,synthetic_physics_v1,7.13,155.2,389.7,2122.2,5672.4,74.8,144.4,1.3782850856406796,-1.0816149861349085,2.4599000717755883,0.13892367878306047,0.7005791346227398,16502.59,10734.03,5768.5599999999995,13606.429950000002,1744.9337949061269,397867.9251500005,0.47611858831037146,0.721624083595537,0.40626406794179004,-1.0816149861349085,1.3782850856406796,-0.4437767260294159,0.3707994488933807,-1.0816149861349085,0.19654477320819425,-2.4599000717755932,118.50181753917808,-1.278159759343103,3.1626443072882635,0.0,1.0,1.2246977394357759
d890bd2b,WELL-012,Gas Interference,Low,Continue monitoring,0.287,train,synthetic_physics_v1,5.92,122.3,342.1,1936.6,5158.4,64.4,145.3,0.9246618135116508,-0.9219060528084139,1.8465678663200646,-0.004821869736994841,0.7557666780547858,14221.08,9116.61,5104.469999999999,11673.1349,2056.0611360399744,590734.8976,0.7984615419304657,0.7285147198065178,0.21597740292727785,-0.9174262214752524,0.9246618135116508,-0.7381584592805075,0.1419690023001507,-0.9219060528084139,-0.4718650397705086,-1.842088034986909,136.06163836491376,-0.4413105301732256,2.5416662512324897,0.0,0.9595959595959597,1.409546533843958
e4e22854,WELL-019,Normal,Low,Continue monitoring,0.0,train,synthetic_physics_v1,4.09,147.5,539.2,2413.3,5810.4,42.5,98.7,1.0328192139571293,-0.5725296256500431,1.6053488396071725,0.22969304474061603,0.6472334363730586,12488.84,9676.25,2812.59,11091.728250000002,1137.30250962505,220695.94134999986,0.7922581707688279,0.8624838136283963,0.16982659495247576,-0.5725296256500431,1.0328192139571293,-0.40309772414716455,0.09018234631138775,-0.5725296256500431,-0.2470595250982339,-1.6030755951083804,128.3902785312214,-0.3132135923777596,2.3061977714814232,0.030303030303030304,1.0,1.2223429345471157
5b11c30b,WELL-011,Gas Interference,Medium,Evaluate gas separation / SPM adjustment,0.306,train,synthetic_physics_v1,5.01,133.9,403.5,2300.6,4348.1,89.4,141.4,1.0258777780684767,-0.6836858616771874,1.7095636397456642,0.1680909970035038,0.7409209951229279,10931.76,7394.76,3537.0,9166.386900000001,1502.4766524007584,425212.9429499996,0.8529412899868669,0.8932246794256633,0.18799877875631568,-0.6745493818678304,1.0258777780684767,-0.5570426854186558,0.10462593582754989,-0.6836858616771874,-0.3237192450422441,-1.6891346982260493,136.16101825828272,-0.3508301368255864,2.321627731712237,0.11111111111111112,0.9090909090909092,1.3811152038268546
03a5c6d9,WELL-014,Fluid Pound,Medium,Reduce SPM to match inflow; check pump-off control,0.594,train,synthetic_physics_v1,7.59,156.5,388.8,2082.6,5348.2,38.4,119.3,1.2323696422079586,-3.1464512755945884,4.378820917802547,-0.4194514306483843,1.3880925216784794,11704.47,4753.29,6951.179999999999,8990.44455,2309.677885117056,388556.4271499998,0.47251449873635387,0.6160633426761833,0.35914480532763066,-0.006527880526857229,1.2323696422079586,-1.4549662039729514,1.2569944370357244,-3.1464512755945884,0.4671066678618544,-1.2330381773569794,5.255628250774401,-2.8913876697557623,149.73678227291128,0.010101010101010102,0.9696969696969697,1.4633739286109295
44aca344,WELL-018,Fluid Pound,Medium,Reduce SPM to match inflow; check pump-off control,0.368,train,synthetic_physics_v1,7.77,151.0,298.2,1381.4,5672.4,84.7,144.4,1.1752491307378454,-2.732680268430929,3.9079293991687742,-0.563636207589533,1.4253672017791315,16326.37,6820.27,9506.1,12088.690899999998,3337.7208962260747,665413.4815499997,0.5006783442044438,0.4070224241592716,0.533689216287307,-2.699343711697057,1.1752491307378454,-1.5342948393383378,1.3762858647305287,-2.732680268430929,1.1521811962706876,-3.8745928424349128,237.58092233482373,-3.0210330699632424,156.22199071419482,0.0,0.9191919191919192,1.4385869903749724
6efdcc4f,WELL-018,Normal,Low,Continue monitoring,0.0,train,synthetic_physics_v1,6.26,145.1,354.3,2235.7,5672.4,80.6,144.4,1.2673600204326596,-0.9383906872496562,2.205750707682316,0.1633539654483293,0.6808630618469417,16246.7,11069.44,5177.26,13663.23135,1657.2416082121754,414375.40239999874,0.5530210264002775,0.7702279692912675,0.3296593087659349,-0.9383906872496562,1.2673600204326596,-0.44352003839460885,0.2861496899149708,-0.9383906872496562,0.04340951168877246,-2.2057507076823217,122.70159849147926,-0.9818001989384288,2.792576860864687,0.0,1.0,1.2334323119190476
4adb7b54,WELL-010,Normal,Low,Continue monitoring,0.0,train,synthetic_physics_v1,7.8,154.4,309.5,3855.0,4085.4,77.2,133.2,1.3818936113704077,-1.4118976685453566,2.793791279915764,-0.022270504149213367,0.9902280293889827,10874.06,5265.2,5608.86,8083.9875,1998.5520997889323,503729.1909999997,0.6841899069935813,0.9334801018864702,0.25903758343684674,0.4965922091546104,1.3818936113704077,-0.978021110184897,0.25900615604116656,-1.4118976685453566,-0.5376932326771772,-0.8853014022157973,3.5650022643745136,-0.8725785273153905,3.068737394218105,0.0,0.98989898989899,1.606720329555663
eb66992e,WELL-011,Normal,Low,Continue monitoring,0.0,train,synthetic_physics_v1,4.63,133.9,397.2,2302.1,4348.1,78.7,141.4,1.2479639212320408,-0.8799554177901691,2.1279193390222098,0.16689025031179305,0.8784332114365457,11375.7,6984.93,4390.77,9168.347,1810.6025670853337,505037.08295000007,0.8135974104488243,1.0282691482340336,0.21879719320790125,-0.8734450157187086,1.2479639212320408,-0.6944886476104476,0.10709990934787397,-0.8799554177901691,-0.5011064967744221,-2.121408936950757,172.23609933264294,-0.36124321479833604,2.3337755031127068,0.0,0.98989898989899,1.4801009868793613
a398c534,WELL-015,Rod Floating,High,Reduce SPM / adjust VFD; evaluate CSS timing,1.0,train,synthetic_physics_v1,8.55,108.7,943.3,2504.4,4316.7,63.0,122.9,2.315680180965133,-1.4415567466585366,3.7572369276236697,0.15355669097284547,0.9342625457922485,11080.73,5563.8,5516.929999999999,7895.8225,1439.618392405345,277402.7253999999,0.41479471470660667,0.9332722523958484,0.4040527670152536,0.22803658927348372,1.6154184194178793,-0.6261588704501575,0.6054103211519986,-1.4415567466585366,2.315680180965133,-1.3873818301443954,4.8053396864490665,-1.4197837896071874,107.08466015683577,0.08080808080808081,1.0,1.3292227856451242
b5f481b4,WELL-003,Fluid Pound,Medium,Reduce SPM to match inflow; check pump-off control,0.494,val,synthetic_physics_v1,4.62,127.0,462.8,2328.6,5912.1,100.6,107.3,0.7111034526005698,-2.2368989524352694,2.9480024050358393,-0.4228367165355737,1.1223618499928614,17862.11,7063.52,10798.59,13700.385950000002,4138.819412744062,766786.3856000004,0.6628405325363259,0.5542860502547717,0.07816000887414633,0.41919588428150073,0.7111034526005698,-1.399959483325919,0.7770105886611522,-2.2368989524352694,-0.40664712701779443,-0.27759102978198924,4.436997475128023,-1.6080742159754784,94.94548310821386,0.0,0.9595959595959597,1.700559840039941
02bcec9d,WELL-017,Normal,Low,Continue monitoring,0.0,val,synthetic_physics_v1,5.0,119.1,315.7,4081.6,5858.7,92.3,103.8,1.1918444704227469,-1.083534160793126,2.275378631215873,0.051762991610800245,1.0325773184307931,19605.88,9437.37,10168.51,14507.8512,4585.710995572504,949004.8225500002,0.9056568821014715,1.0795467200330546,0.12736068604584863,-0.046182454079568634,1.1918444704227469,-0.9760207368114542,0.05943322224383985,-1.083534160793126,-0.8697001834522158,-1.2223537982339006,102.64124091444374,-0.19717442894209164,2.7127927017375444,0.010101010101010102,0.98989898989899,1.9115456150822494
861509ec,WELL-010,Rod Floating,High,Reduce SPM / adjust VFD; evaluate CSS timing,1.0,train,synthetic_physics_v1,11.49,133.7,638.9,3765.5,4085.4,77.9,133.2,3.319408175848769,-1.9815606824972676,5.300968858346037,0.040541759740350326,1.116622005274046,14776.15,4206.36,10569.79,8221.9421,2403.4360375224446,449821.0222499998,0.3220748277699749,0.8952210465719225,0.5671077682521355,-0.053814621770387885,1.8723529421853171,-0.8141375270912217,0.8432821697597412,-1.9815606824972676,3.319408175848769,-1.9261675639557037,6.083542267004389,-1.957054101809232,150.89304840583551,0.08080808080808081,1.0,1.5116958016541036
1f4d178c,WELL-008,Fluid Pound,Medium,Reduce SPM to match inflow; check pump-off control,0.53,train,synthetic_physics_v1,7.1,148.5,374.6,3084.3,3844.2,28.0,79.5,1.060061185199704,-2.0036290694571828,3.063690254656887,-0.22235583907605105,1.1500622838687125,10878.27,3695.1,7183.17,7860.5976,2707.5036350232735,390465.0596499998,0.68464068278989,0.8201551080218197,0.3008346071300822,-1.96685903858371,1.060061185199704,-1.2648667861739213,0.6173547627334943,-2.0036290694571828,-0.3091806590224222,-3.026920223783426,260.1589034083874,-1.3328849700296141,64.06573607953871,0.0,0.7272727272727273,1.9146269302281778
6d07162a,WELL-010,Rod Floating,High,Reduce SPM / adjust VFD; evaluate CSS timing,1.0,train,synthetic_physics_v1,11.0,144.5,735.1,4039.8,4085.4,76.7,133.2,2.9397149400674283,-1.8607352058808342,4.800450145948263,0.08277074371630576,1.1213212047443863,14014.41,4434.88,9579.529999999999,8302.9429,2383.747559325775,478986.6478499997,0.3784336454630017,0.9918467613807225,0.5181332311183622,0.10268882953281379,1.8857805022327099,-0.8263052739481112,0.7703389068744089,-1.8607352058808342,2.9397149400674283,-1.7724351185420202,6.069393202590093,-1.775541573233674,137.19413307827776,0.08080808080808081,1.0,1.5477855885439509
9bf1df79,WELL-014,Rod Floating,High,Reduce SPM / adjust VFD; evaluate CSS timing,1.0,train,synthetic_physics_v1,11.02,128.7,612.9,2520.7,5348.2,41.5,119.3,4.946192413562599,-2.1714330363250913,7.11762544988769,0.08316195112961544,1.2159168107571237,17585.52,6299.42,11286.1,9874.80975,2159.3554528718605,274823.36840000027,0.20567494024915908,0.8161036321751949,0.7610673266650616,-0.4657231880936994,2.10161627897406,-0.6497797299159642,1.1416115320101694,-2.1714330363250913,4.946192413562599,-2.5549304112853615,7.897721203569138,-2.6452811355822656,205.42062630570675,0.08080808080808081,1.0,1.259556810758278
c1b339fa,WELL-018,Normal,Low,Continue monitoring,0.0,train,synthetic_physics_v1,7.66,153.8,332.7,2184.1,5672.4,78.7,144.4,1.4863278157439759,-1.1712876338374305,2.6576154495814066,0.15213397347621718,0.7437851421659875,16779.64,10493.51,6286.129999999999,13637.74855,1870.9272158492422,406810.67260000063,0.45062198519506574,0.7479493591620107,0.4627952234570539,-1.1712876338374305,1.4863278157439759,-0.4436814122095765,0.42692072908125445,-1.1712876338374305,0.2810035969657265,-2.6576154495814115,118.83813220517916,-1.452291230803157,3.492027624126364,0.0,1.0,1.2298820282208482
303aabbd,WELL-004,Normal,Low,Continue monitoring,0.0,train,synthetic_physics_v1,6.36,127.3,469.1,2886.7,4111.4,85.8,104.6,1.3306600025724749,-1.0375340434170326,2.3681940459895072,0.14052695718537472,0.8544873495375201,10748.6,7083.24,3665.3600000000006,8912.6506,1337.1347218727215,266945.7953499997,0.700668080244923,0.9702059714803188,0.20330856699690114,0.6224689341967132,1.3306600025724749,-0.6891520571095695,0.2054953870580037,-1.0375340434170326,-0.33852424278984433,-0.7071097793448773,2.373269318586778,-0.6953877881147823,3.1193818117056367,0.0,0.9797979797979799,1.3318801070312591
458a4d1e,WELL-001,Fluid Pound,Medium,Reduce SPM to match inflow; check pump-off control,0.489,train,synthetic_physics_v1,7.41,157.9,213.7,1838.1,4316.6,49.3,146.8,1.0357106744961186,-2.181556943665914,3.2172676181620323,-0.3309002727268063,1.1051556776031175,13081.42,5103.04,7978.38,9704.872650000001,2759.201568479635,619233.80285,0.529330097246347,0.5150610769682101,0.3915070580738374,-2.1558820335824804,1.0357106744961186,-1.1768616224218227,0.92636880161173,-2.181556943665914,0.5442435266300095,-3.1761570264429007,218.47821067479737,-1.9849402239043439,99.9930884204829,0.020202020202020204,0.8080808080808082,1.5554822168772757
18ddcee5,WELL-007,Rod Floating,High,Reduce SPM / adjust VFD; evaluate CSS timing,1.0,train,synthetic_physics_v1,8.6,116.6,564.2,3744.2,4904.2,38.1,145.9,1.6165222105031083,-1.379734653135259,2.9962568636383673,0.13857843456172142,1.0226459483114645,17684.28,7733.24,9951.039999999999,12825.88955,3463.212536825786,911000.62605,0.6295955659268422,1.078490420133039,0.35429264988027753,-0.8881914659721021,1.6165222105031083,-0.8013335510095959,0.4463374375909857,-1.379734653135259,1.3836009568510368,-2.474355040475143,144.95097953328872,-1.0057942597418001,81.79412927771436,0.010101010101010102,1.0,1.635053550870409
b7b08116,WELL-008,Normal,Low,Continue monitoring,0.0,train,synthetic_physics_v1,6.75,158.7,336.1,3503.0,3844.2,48.2,79.5,1.2065677529078902,-1.006748024328674,2.213315777236564,0.08738882356163118,0.9323281366777959,11191.62,6016.59,5175.030000000001,8598.17245,2175.894196807027,342057.33534999983,0.8316420146149337,1.0031166937266276,0.22594053517712587,-1.006748024328674,1.2065677529078902,-0.8283390466033654,0.10152496762971376,-1.006748024328674,-0.6424049907584781,-2.1995854914820288,185.18687217413094,-0.3643430335701964,3.625760635342921,0.010101010101010102,1.0,1.6624465004513604
797e3f6f,WELL-010,Gas Interference,Medium,Evaluate gas separation / SPM adjustment,0.422,train,synthetic_physics_v1,7.9,155.3,357.1,4010.3,4085.4,90.0,133.2,1.0256553603298573,-1.010321895411006,2.035977255740863,0.003679630047430038,0.75828059601474,10157.19,6114.17,4043.0200000000004,8135.451599999999,1506.567444030781,386408.92724999983,0.720239731743289,0.7364690672073655,0.19567785761036197,0.3663154059085047,1.0256553603298573,-0.7291098071125052,0.19423795252114748,-1.010321895411006,-0.3679231252978475,-0.659339954421353,3.051605273286097,-0.6423987701131588,2.396159521831113,0.0,1.0,1.4230604939750904
4dc057a5,WELL-011,Rod Floating,High,Reduce SPM / adjust VFD; evaluate CSS timing,1.0,train,synthetic_physics_v1,8.17,115.2,756.1,2331.6,4348.1,84.0,141.4,1.8511340140325967,-1.2806907412708808,3.1318247553034775,0.22457260892059508,0.9381939735041269,12661.52,6162.03,6499.490000000001,9293.5048,2003.2466219831647,481130.91175000014,0.5267335858096664,1.0454679496441397,0.40347249425314996,-1.2647975139723941,1.6391597990511162,-0.5963227318029494,0.4998874767153288,-1.2806907412708808,1.8511340140325967,-2.8751638233224766,175.46115058507718,-1.1452096646242016,89.27111257194852,0.08080808080808081,0.98989898989899,1.4443634317493006
dc9a1b50,WELL-002,Rod Floating,High,Reduce SPM / adjust VFD; evaluate CSS timing,1.0,train,synthetic_physics_v1,8.6,108.9,728.8,3189.6,4931.6,77.2,161.1,3.710253050212529,-1.5919519911824247,5.302205041394954,0.139563978926493,0.9529041571161269,19558.16,8299.95,11258.21,11993.41095,2239.279598071129,417910.36394999956,0.23137363610564468,0.7518968683000286,0.5815822137292549,-0.9140470472905649,1.7198168228197406,-0.47276891044704267,0.8531773902038698,-1.5919519911824247,3.710253050212529,-2.618778174680974,69.18894571061172,-1.9459433544860771,153.56442192000162,0.08080808080808081,1.0,1.2379504238616967
0e37e7ef,WELL-017,Normal,Low,Continue monitoring,0.0,val,synthetic_physics_v1,4.97,124.7,312.5,4003.0,5858.7,94.1,103.8,1.1618564454883271,-1.0845070654848616,2.2463635109731888,0.03460141600824976,1.014622511136164,19416.28,9450.35,9965.929999999998,14432.1104,4509.955054976805,932599.3788000005,0.9014491051544562,1.044567688992161,0.12462677376125696,-0.05895535325804365,1.1618564454883271,-0.9753648569756613,0.05763768160107143,-1.0845070654848616,-0.8785485418187418,-1.2120595600139945,101.68047294042297,-0.1760640102220335,2.7485688480257333,0.020202020202020204,0.9393939393939394,1.8965695495405197
f15336b2,WELL-016,Rod Floating,High,Reduce SPM / adjust VFD; evaluate CSS timing,0.867,val,synthetic_physics_v1,6.04,127.3,832.8,3580.4,5305.9,84.9,142.3,1.215077161469812,-1.0931157156445557,2.308192877114368,0.06864029705778293,0.9630839009105799,17214.96,7641.57,9573.39,12514.5782,3972.081377668484,1114420.2280000004,0.8270160502193056,1.0232202349708164,0.1043713892074737,0.8417351283371577,1.215077161469812,-0.8859396408552506,0.14738418425692712,-1.0931157156445557,-0.19337426264924612,-0.37334203313265485,4.1810550267527455,-0.3649398868018345,25.735120638412077,0.0,0.9797979797979799,1.9028693017577163
d134f73a,WELL-014,Normal,Low,Continue monitoring,0.0,train,synthetic_physics_v1,7.76,141.8,412.8,2545.0,5348.2,49.9,119.3,1.471353135141042,-1.510018151733669,2.981371286874711,-0.011524526304298774,0.9163526935017352,12054.96,7342.05,4712.909999999999,9706.3547,1508.4420738725469,313592.7489499997,0.5601796499564973,0.8235769950636086,0.3772658655113869,0.1822767530449225,1.471353135141042,-0.8466260476722066,0.37720800960972006,-1.510018151733669,-0.19646278062152442,-1.2890763820961195,3.1945396495708582,-1.313555371112145,3.4736626441714207,0.0,1.0,1.3118380229525486
a64c7461,WELL-001,Normal,Low,Continue monitoring,0.0,train,synthetic_physics_v1,7.21,154.4,228.3,2916.0,4316.6,47.7,146.8,1.4501805852130731,-1.1386406891732155,2.5888212743862886,0.14225776603393625,0.8690717963012703,14074.37,7678.96,6395.410000000001,10874.73595,2189.2735954103814,591853.1283000003,0.6298400437836777,0.9535234765028846,0.34410488726118504,-1.1386406891732155,1.4501805852130731,-0.6690079444350121,0.27542566120502443,-1.1386406891732155,-0.20714174861196083,-2.5888212743862966,162.75884984818668,-0.9301114387070388,2.8124567213044536,0.0,1.0,1.4528039009181732
193ecd4a,WELL-020,Gas Interference,Low,Continue monitoring,0.296,val,synthetic_physics_v1,5.42,125.5,419.2,2101.4,5915.5,57.6,147.1,1.0501563990418996,-0.6271723368708394,1.677328735912739,0.20081295181767964,0.675590981318412,15952.22,11106.36,4845.859999999999,13526.94245,1923.7915660927247,557240.5484500001,0.7836920644042771,0.8545836252479233,0.1993974502526147,-0.6219720865640048,1.0501563990418996,-0.4529577216125639,0.135110392033468,-0.6271723368708394,-0.18862290275435828,-1.661992998831273,121.77170873247229,-0.42654913368393016,2.940399549955454,0.030303030303030304,0.9797979797979799,1.3167747718946277
c7a16e72,WELL-018,Fluid Pound,Medium,Reduce SPM to match inflow; check pump-off control,0.524,train,synthetic_physics_v1,7.55,151.5,291.8,1442.6,5672.4,73.4,144.4,1.1545296111125556,-2.7434642005463026,3.897993811658858,-0.3819452708935856,1.2879303689189783,16097.72,6801.07,9296.65,12364.597999999998,3125.681403459892,558237.6904500006,0.4201274915474678,0.4309034499730955,0.5138424191002706,-2.706842053095421,1.1545296111125556,-1.1947939917602666,1.3160733842273136,-2.7434642005463026,0.9481602750034719,-3.8486390161141553,243.24134957657878,-2.9647143770799884,126.65131964388458,0.020202020202020204,0.8585858585858587,1.3765190239242617
49b807f2,WELL-003,Rod Floating,High,Reduce SPM / adjust VFD; evaluate CSS timing,0.968,val,synthetic_physics_v1,7.39,97.2,682.5,3435.2,5912.1,94.9,107.3,1.3816726028104704,-1.0697586914561887,2.4514312942666594,0.19674101004754202,0.8856127917897982,20400.66,11352.13,9048.53,15988.90805,3295.5737322028917,666218.9539000005,0.6930516090246771,1.046535850259896,0.19644053246000923,0.7023425565220272,1.3816726028104704,-0.6530538301648121,0.2927944846939368,-1.0697586914561887,0.7535664945114706,-0.6783984023063591,3.9436451202258365,-0.7022718764663158,51.84273081539745,0.0,1.0,1.4768654997962392
88d562fa,WELL-016,Normal,Low,Continue monitoring,0.0,val,synthetic_physics_v1,3.89,147.9,372.8,3638.6,5305.9,76.6,142.3,1.1408815287848226,-1.0197474686281238,2.1606289974129465,0.06537318227186446,0.9876698046376311,16942.32,8049.2,8893.119999999999,12499.11115,4054.110604031318,1151291.9878999996,0.9132290490776724,1.0520204461475358,0.0446060091005102,0.965017512886629,1.1408815287848226,-0.9212740816038069,0.045254207664041785,-1.0197474686281238,-0.8383871553326244,-0.14376301565809504,2.393551240509917,-0.1703641231651314,2.8119741885298644,0.010101010101010102,1.0,1.9481721009822583
f15872ab,WELL-004,Fluid Pound,High,Reduce SPM to match inflow; check pump-off control,0.637,train,synthetic_physics_v1,5.57,131.7,459.6,2019.7,4111.4,97.7,104.6,0.8769090686168378,-2.8403799215172745,3.7172889901341124,-0.37765807557963826,1.2241875724039804,10047.2,4293.92,5753.280000000001,8031.4193,1995.8919096903796,310403.0291499997,0.518600356000694,0.5875894155159136,0.1571538257603227,0.2926558995188286,0.8769090686168378,-1.3429055666751901,1.0531702909658447,-2.8403799215172745,-0.15353034040618574,-0.5842531690980107,5.3615361493716325,-2.375916944567787,131.2883699524537,0.0,0.8989898989898991,1.4791866598364172
a376753b,WELL-013,Fluid Pound,Medium,Reduce SPM to match inflow; check pump-off control,0.525,train,synthetic_physics_v1,5.97,133.1,354.4,599.1,3433.6,102.6,105.0,0.25511441244293415,-1.7709956758890597,2.026110088331994,-0.5557517440681071,0.7277333782547124,7611.58,3079.66,4531.92,5786.910750000001,1658.6448579080868,298655.50829999987,0.625613187111814,0.0754715596143817,0.15631429226699298,-1.1882931493901967,0.25511441244293415,-1.186975047750596,0.48772109187673085,-1.7709956758890597,-0.35074048066794167,-1.443407561833136,113.2370647051827,-1.050154913881261,49.82704811952459,0.0,0.9797979797979799,1.6583725795226922
f7aa2e9d,WELL-014,Normal,Low,Continue monitoring,0.0,train,synthetic_physics_v1,7.46,149.8,395.1,2730.2,5348.2,51.5,119.3,1.508872194703155,-1.44861453439368,2.9574867290968347,0.030493057479094147,0.9455106695613446,12099.99,7423.39,4676.599999999999,9772.03785,1542.6606176219957,329834.67344999994,0.5939494268089431,0.908738639849592,0.34987408929461206,0.2981562516917311,1.508872194703155,-0.8477525248914037,0.35062568109361375,-1.44861453439368,-0.2362755540704989,-1.2107159430114238,2.779084091003289,-1.2123389803231808,4.01274311579235,0.0,1.0,1.3274062769063546
bf506c56,WELL-011,Normal,Low,Continue monitoring,0.0,train,synthetic_physics_v1,4.62,134.0,424.8,2376.3,4348.1,87.8,141.4,1.2734259887749777,-0.8777089322656347,2.1511349210406125,0.1879765699857093,0.8991205538023478,11441.37,6995.07,4446.300000000001,9213.3385,1853.1242001136216,517305.55295000057,0.8242656254376756,1.070069984919845,0.22164991729166617,-0.8748671947495986,1.2734259887749777,-0.6941168449484265,0.10737443533704188,-0.8777089322656347,-0.5052224086215188,-2.131909683493906,176.07350721537674,-0.36964478612808016,2.4339459462304323,0.010101010101010102,0.98989898989899,1.4916639835421586
e41a0f38,WELL-002,Normal,Low,Continue monitoring,0.0,train,synthetic_physics_v1,5.68,123.5,470.8,3270.6,4931.6,81.3,161.1,1.208110377101566,-1.038722764400894,2.24683314150246,0.08375171033457765,0.7424932149669744,14240.42,9465.8,4774.620000000001,11854.747449999999,1613.0972073098997,474900.40040000016,0.6207552392664597,0.7793906418073867,0.26961272160953476,-0.3388441225834476,1.208110377101566,-0.6118872211382316,0.24914711101881848,-1.038722764400894,-0.1903615898608414,-1.5469544996850162,70.61420384997517,-0.8483611745400527,2.220276649357032,0.0,1.0,1.2822122214656089
60e83f7c,WELL-001,Rod Floating,High,Reduce SPM / adjust VFD; evaluate CSS timing,1.0,train,synthetic_physics_v1,10.85,143.7,524.6,2920.4,4316.6,53.8,146.8,4.068163477417918,-1.745243406717516,5.813406884135434,0.22647534194193208,1.0949833072979651,20603.68,6208.11,14395.57,11106.281949999999,2967.565149456318,532815.3482999997,0.252452481462247,0.9570762396421579,0.6711433378184866,-1.745243406717516,2.0406036014001088,-0.5041255557582939,0.9380768428990711,-1.745243406717516,4.068163477417918,-3.785847008117633,164.50356764735992,-2.1320686706677807,168.13164669602813,0.08080808080808081,1.0,1.3845644560776842
ba5d0a81,WELL-001,Fluid Pound,High,Reduce SPM to match inflow; check pump-off control,0.607,train,synthetic_physics_v1,5.98,166.1,234.5,2361.7,4316.6,49.4,146.8,1.0705733441881,-2.1852042884055174,3.2557776325936176,-0.18797277127053028,1.096466210036051,13165.43,5077.72,8087.71,9994.784950000001,2799.745813676841,668984.92195,0.5648671491867499,0.7259039857386885,0.34227129868829304,-2.131707943003248,1.0705733441881,-1.101849528279749,0.7854840568671648,-2.1852042884055174,0.0091935091335782,-3.183984865889412,252.91367889852313,-1.7714843446123096,91.84321487923471,0.030303030303030304,0.8585858585858587,1.6112787523027097
447e3e4b,WELL-005,Fluid Pound,Medium,Reduce SPM to match inflow; check pump-off control,0.573,train,synthetic_physics_v1,6.3,127.6,267.1,1184.0,3937.1,83.6,139.8,0.7476036313977987,-2.2417284278609704,2.989332059258769,-0.4132400697231736,1.0135430701806862,12098.67,4594.82,7503.85,9105.198900000001,2613.5837678377156,590843.2864,0.5674754594929805,0.43344713271382124,0.20762314708425578,-0.6388700857690154,0.7476036313977987,-1.2599272721601686,0.7600482231255086,-2.2417284278609704,-0.20101139296924586,-1.386473717166818,76.52045510022865,-1.7172591075020731,83.15455208138617,0.0,0.9393939393939394,1.6183066487210993
75ccb136,WELL-009,Normal,Low,Continue monitoring,0.0,train,synthetic_physics_v1,4.29,150.4,374.5,2675.1,3270.1,40.5,76.1,1.2453525334111457,-0.8312790681144799,2.0766316015256256,0.2052891352823626,0.9663427584685479,11709.35,6227.24,5482.110000000001,8976.0391,2541.0661516271452,385851.58164999995,0.9299546489574215,1.1709661558423332,0.03580875729229446,1.1099946466179265,1.2453525334111457,-0.7603878852776083,0.035918943681881886,-0.8312790681144799,-0.6925308271150612,-0.1280070248927985,1.983822743106222,-0.10471004606724152,3.2114509047087094,0.0,0.98989898989899,1.7806436749052674
0b6c683c,WELL-005,Gas Interference,Medium,Evaluate gas separation / SPM adjustment,0.449,train,synthetic_physics_v1,7.14,125.4,309.0,1865.6,3937.1,85.1,139.8,0.9858704717768793,-0.7934806144755047,1.779351086252384,0.09295565703368557,0.6685662882133958,12629.31,8201.11,4428.199999999999,10415.23605,1670.3522555763193,451235.2396,0.7285015995440025,0.7397484526722051,0.17494115108099342,0.027028577687641376,0.9858704717768793,-0.553837138604834,0.1633264098348719,-0.7934806144755047,-0.24654492096278202,-0.9588418940892397,41.37470178299322,-0.542244295081279,2.9589916677209587,0.0,1.0,1.3582298040227723
dba82176,WELL-009,Normal,Low,Continue monitoring,0.0,train,synthetic_physics_v1,4.76,156.5,378.2,2689.7,3270.1,41.3,76.1,1.2713125683608335,-0.8346778951038295,2.105990463464663,0.2111369442067813,0.9711051933920937,11804.02,6235.1,5568.92,8991.877799999998,2552.7665245754774,387769.5794499999,0.921303806072958,1.1812621428991301,0.0438267834610361,1.1009909724280957,1.2713125683608335,-0.7589882544855677,0.04340511538875761,-0.8346778951038295,-0.6771802051898549,-0.16445927238305302,2.419730952201399,-0.1448870163100374,2.745947781508616,0.0,0.98989898989899,1.7831861188708222
d1a772d7,WELL-015,Gas Interference,Medium,Evaluate gas separation / SPM adjustment,0.4,train,synthetic_physics_v1,6.72,124.7,469.0,2531.2,4316.7,66.6,122.9,1.017555996355158,-0.8096580991382649,1.8272140954934228,0.10387576732047599,0.67257508251072,9160.28,6481.15,2679.130000000001,7815.779199999999,980.5279775520737,230043.2781999996,0.7073869359473264,0.7497519743609763,0.1869619488158754,0.4090398834519338,1.017555996355158,-0.5420004397200242,0.1882752327884022,-0.8096580991382649,-0.19653640906001713,-0.6032384503444045,3.208211231375389,-0.6000723800383477,2.5273124847168766,0.0,0.9797979797979799,1.2653167536744183
a4b67b7e,WELL-015,Normal,Low,Continue monitoring,0.0,train,synthetic_physics_v1,6.12,127.5,485.3,2607.1,4316.7,74.3,122.9,1.3515012137191165,-1.0832571029738365,2.434758316692953,0.1223309785889716,0.8864165037877783,9623.51,6074.21,3549.3,7843.3773,1304.8981937062026,306821.1955999998,0.7079850356709497,0.9842243097734847,0.20655197902346323,0.6371456662324604,1.3515012137191165,-0.7395623525955418,0.20756803139094818,-1.0832571029738365,-0.3796133342142808,-0.7143555474866559,3.4400354066996313,-0.7025130940127479,2.9914985678904005,0.0,0.98989898989899,1.375889951813853
87c931b7,WELL-013,Normal,Low,Continue monitoring,0.0,train,synthetic_physics_v1,6.48,137.7,375.2,2140.2,3433.6,106.5,105.0,1.3742076761900295,-1.0406305344653732,2.414838210655403,0.15945717753742294,1.0270732832756546,10120.48,4702.27,5418.209999999999,7412.001950000001,2307.4692711983616,479859.471,0.8441515449812946,1.1753393345412697,0.18623498010948386,-0.34728677151482,1.3742076761900295,-0.856424979466424,0.10508318982267605,-1.0406305344653732,-0.6592779386326086,-1.7139484984019537,134.14967989949915,-0.35621553958974234,2.8955648686281035,0.020202020202020204,0.9797979797979799,1.88417042755069
1a382141,WELL-003,Fluid Pound,Medium,Reduce SPM to match inflow; check pump-off control,0.361,val,synthetic_physics_v1,4.24,124.1,474.2,2968.7,5912.1,91.6,107.3,0.9631168285955993,-2.243879129465118,3.206995958060717,-0.3797861997974685,1.333058114249326,18841.57,7027.83,11813.74,13985.615999999998,4801.239821137661,955340.0746499996,0.7592782697875435,0.8367440379122212,0.06814945125482078,0.7159868078681336,0.9631168285955993,-1.596316437507158,0.7678228218160863,-2.243879129465118,-0.378970616986463,-0.226791165550249,4.135797765783227,-1.5994707925501253,98.78388680827973,0.04040404040404041,0.6666666666666667,1.8901982943459747
a9961999,WELL-015,Normal,Low,Continue monitoring,0.0,train,synthetic_physics_v1,6.77,123.6,450.9,2639.4,4316.7,67.5,122.9,1.4406108226457464,-1.1753728003674109,2.6159836230131575,0.13014864433196416,0.9073200184326857,9751.76,5948.79,3802.9700000000003,7853.626499999999,1343.7605576187113,310224.81170000037,0.6662943316348526,1.0016664751678608,0.25282449366545173,0.5725329734608929,1.4406108226457464,-0.7413691865039325,0.251897495363439,-1.1753728003674109,-0.3007731191087704,-0.8672170437369362,2.6915846580355116,-0.8745996812586406,3.2907005911346854,0.0,1.0,1.3804880898457785
eac922c2,WELL-012,Normal,Low,Continue monitoring,0.0,train,synthetic_physics_v1,6.77,127.4,419.2,2039.7,5158.4,66.3,145.3,1.3167857150702367,-1.2495452035090633,2.5663309185793,0.030405844894682944,0.9331513863422823,15309.45,8232.27,7077.18,11775.62615,2596.790836762884,720106.6020000001,0.6998224734752689,0.9239226977693933,0.30926665286008836,-1.2495452035090633,1.3167857150702367,-0.8631110079800273,0.22170346039588826,-1.2495452035090633,-0.4866972979613507,-2.566330918579308,179.20631348743754,-0.7628479055477123,2.6521847460227317,0.0,1.0,1.5296708622685418
061d2cce,WELL-016,Gas Interference,Low,Continue monitoring,0.198,val,synthetic_physics_v1,4.09,147.8,324.3,3759.1,5305.9,90.8,142.3,1.0982456284323219,-0.8946321725141057,1.9928778009464274,0.09543531174538757,0.9323884771738004,16739.34,8553.38,8185.960000000001,12623.75085,3772.3790937816384,1087458.2157000005,0.9349712288638142,1.0264574533685369,0.05088711161024989,0.8837678040762761,1.0982456284323219,-0.8355868298777619,0.05002589549235036,-0.8946321725141057,-0.697028001403908,-0.16936200994923764,4.516233373732043,-0.1477885361433487,2.63927802217864,0.19191919191919193,0.696969696969697,1.8412822274159943
ebeadf71,WELL-014,Gas Interference,Medium,Evaluate gas separation / SPM adjustment,0.449,train,synthetic_physics_v1,7.3,147.9,419.6,2393.8,5348.2,43.4,119.3,0.8945819208481316,-0.9856041360774964,1.880186056925628,-0.04502819444870166,0.6252504665793703,11140.9,8171.36,2969.54,9654.5059,1008.5996079124709,217610.02180000005,0.6162723050368065,0.5340020919147842,0.23518814490041168,0.11154649545890409,0.8945819208481316,-0.6240584808121876,0.23666576296833153,-0.9856041360774964,-0.19719346510071858,-0.7823181037734481,2.3971914011493225,-0.7884106709767779,2.1005551954088544,0.010101010101010102,1.0,1.2043006454754712
b197e583,WELL-010,Gas Interference,Low,Continue monitoring,0.2,train,synthetic_physics_v1,7.07,156.2,322.6,4034.7,4085.4,75.1,133.2,1.1645710398931306,-1.1526903166155953,2.317261356508726,0.00765368355153683,0.9191551870860528,10454.72,5822.54,4632.179999999999,8142.9917000000005,1815.3178658183006,474267.1412999999,0.7764889375976707,0.9067490308944228,0.18943544063223508,0.5378166238542317,1.1645710398931306,-0.8914416637913491,0.1925145254250046,-1.1526903166155953,-0.5246996941539497,-0.6056356870050464,2.668693905139342,-0.6274768936631032,2.8454949946581563,0.010101010101010102,0.9797979797979799,1.5444156348745257
ae860c89,WELL-010,Fluid Pound,High,Reduce SPM to match inflow; check pump-off control,0.64,train,synthetic_physics_v1,7.48,152.4,260.2,3020.3,4085.4,84.5,133.2,1.0637128285334514,-2.2438932072615425,3.307606035794994,-0.28785580413132306,1.0676657504262792,10253.14,3650.71,6602.429999999999,7486.14875,2223.5058205199143,491677.9972,0.564089825266921,0.6458907073667602,0.24204677244480094,0.22612624940547513,1.0637128285334514,-1.2216023156294065,0.6909910084407717,-2.2438932072615425,-0.011216400491081378,-0.8285940039804236,5.401497947382289,-1.686330955464146,68.6715902466241,0.030303030303030304,0.9191919191919192,1.6815964641100483
5684fb17,WELL-012,Rod Floating,High,Reduce SPM / adjust VFD; evaluate CSS timing,1.0,train,synthetic_physics_v1,9.78,109.4,556.8,2154.8,5158.4,63.3,145.3,2.6747790533352673,-1.691995459382347,4.3667745127176145,0.1325769654444523,1.0697913684796112,19120.06,7009.3,12110.760000000002,12075.794,3104.944427941344,703517.5089999994,0.40170273544676327,1.0056009053976818,0.530825673760448,-1.691995459382347,1.8170633953608357,-0.7404469745087772,0.694830661931959,-1.691995459382347,2.6747790533352673,-3.509058854743191,190.19670614462535,-1.6202457073500707,125.11642828384855,0.08080808080808081,1.0,1.4945885345152425
879937d3,WELL-002,Normal,Low,Continue monitoring,0.0,train,synthetic_physics_v1,6.87,114.9,557.2,3057.4,4931.6,80.2,161.1,1.328631343643026,-1.2269523187419844,2.5555836623850103,0.04748691939266902,0.7567911320049208,14509.59,9051.91,5457.68,11777.41855,1688.2628816879785,450390.2045499998,0.5174376819838404,0.70697905279395,0.3803577822784095,-0.5681901482447799,1.328631343643026,-0.6120052140086121,0.36184781937505517,-1.2269523187419844,0.015976793098751656,-1.8968214918878084,66.59260533724049,-1.2420190480177395,3.356185733635024,0.0,0.98989898989899,1.2683510049258861
1e90a870,WELL-005,Fluid Pound,Medium,Reduce SPM to match inflow; check pump-off control,0.321,train,synthetic_physics_v1,6.38,122.6,247.5,932.5,3937.1,80.1,139.8,0.5410397390565976,-2.23986489904085,2.780904638097448,-0.6918079537162957,1.0925121063645609,11626.66,4604.11,7022.55,8566.85465,2671.3548354645586,643088.1847500002,0.6640971420176062,0.22851372765198227,0.21034493483127548,-0.7980954138995642,0.5410397390565976,-1.6121296350845737,0.8055658999138537,-2.23986489904085,0.07131939696161506,-1.339135152956165,71.70674816924748,-1.7019734223722411,81.70735002526034,0.0,0.5151515151515152,1.683066731788434
6956c791,WELL-004,Gas Interference,Low,Continue monitoring,0.169,train,synthetic_physics_v1,6.03,135.1,492.4,2710.1,4111.4,85.1,104.6,1.0720489382555731,-0.8702745262141313,1.9423234644697045,0.10239704190956073,0.7560007755330942,10362.83,7348.48,3014.3500000000004,8854.31215,1164.2127883329051,237287.08425000013,0.7592938984138128,0.8393396033361311,0.16795766884031624,0.526861674379028,1.0720489382555731,-0.6345455195170097,0.1693986098145349,-0.8702745262141313,-0.3146836760451082,-0.5385224501226963,2.157323645000074,-0.5461290667279176,2.8345523863061706,0.010101010101010102,0.9595959595959597,1.2869314522502047
e7d07bce,WELL-013,Normal,Low,Continue monitoring,0.0,train,synthetic_physics_v1,6.78,134.8,465.3,2146.5,3433.6,92.8,105.0,1.3992701934964462,-1.0487228165185563,2.4479930100150025,0.16155532136826145,1.0312322175968862,10196.34,4658.42,5537.92,7417.381850000001,2318.510731215855,481399.43050000013,0.8353549779693827,1.1806588322796454,0.1915516071854927,-0.3576192745203006,1.3992701934964462,-0.8575481895431224,0.1142095578330417,-1.0487228165185563,-0.6582582687831632,-1.7568894680167528,135.03432146793045,-0.38449381185448317,2.9010346678386134,0.0,0.9797979797979799,1.8879081547676622
15277f6f,WELL-016,Rod Floating,High,Reduce SPM / adjust VFD; evaluate CSS timing,0.817,val,synthetic_physics_v1,6.3,123.8,721.6,3574.9,5305.9,84.6,142.3,1.2272609667732022,-1.1130582133866613,2.3403191801598635,0.06698589552173573,0.9632027070216042,17289.49,7612.62,9676.870000000003,12506.424049999998,3976.9574047659976,1112626.5686,0.8146850265716308,1.020399150885211,0.11297576880372759,0.8216002112158839,1.2272609667732022,-0.8864273598417397,0.15735855326336873,-1.1130582133866613,-0.1446745805043349,-0.3796009738265639,5.916764695278789,-0.3780868319602156,25.03233142543122,0.030303030303030304,0.98989898989899,1.902333838405895
2aab3a93,WELL-018,Rod Floating,High,Reduce SPM / adjust VFD; evaluate CSS timing,1.0,train,synthetic_physics_v1,9.83,129.3,752.9,2217.8,5672.4,87.9,144.4,4.899247269706712,-1.6714560419656135,6.570703311672325,0.24290542280976915,1.0474727186550725,24853.69,9352.71,15500.98,13881.5312,2797.5975295423677,353908.84039999964,0.15843922014735273,0.7613061180177131,0.7348258044031125,-1.6714560419656135,1.9745313305929928,-0.2754952723981746,1.0568588686539266,-1.6714560419656135,4.899247269706712,-3.6459873725586127,124.35284204421939,-2.415016776537435,190.94829960190836,0.08080808080808081,1.0,1.1895329872242149
df11a020,WELL-016,Rod Floating,High,Reduce SPM / adjust VFD; evaluate CSS timing,0.866,val,synthetic_physics_v1,7.22,121.6,596.5,3634.0,5305.9,91.2,142.3,1.3116776343577707,-1.191937827313215,2.503615461670986,0.08641847217404809,0.9830537934420638,17755.37,7340.5,10414.869999999999,12588.585499999997,4067.9867372069625,1126590.7001499992,0.7710679610295141,1.0518006657838077,0.15158720691672983,0.7863239418537131,1.3116776343577707,-0.8789637214357116,0.21420849848515447,-1.191937827313215,0.13075519428299245,-0.515842044786291,4.4100297470855585,-0.5595717297669224,38.18293485361288,0.010101010101010102,1.0,1.9084269652417372
